Date,Region,Subregion,Category,EventCount
2025-01-01,North,N1,Property,1
2025-01-01,North,N1,Service,2
2025-01-01,North,N1,Safety,2
2025-01-01,North,N2,Service,2
2025-01-01,North,N3,Service,1
2025-01-01,North,N3,Safety,1
2025-01-01,North,N3,Quality,3
2025-01-01,Central,C1,Safety,1
2025-01-01,Central,C1,Quality,1
2025-01-01,Central,C2,Property,1
2025-01-01,Central,C3,Service,2
2025-01-01,Central,C3,Safety,2
2025-01-01,East,E1,Quality,1
2025-01-01,East,E2,Property,1
2025-01-01,East,E3,Safety,1
2025-01-01,West,W2,Property,1
2025-01-01,West,W3,Property,1
2025-01-01,West,W3,Service,1
2025-01-01,West,W3,Safety,1
2025-01-02,North,N1,Property,1
2025-01-02,North,N3,Safety,3
2025-01-02,North,N3,Quality,2
2025-01-02,Central,C1,Safety,1
2025-01-02,Central,C2,Property,1
2025-01-02,Central,C2,Service,2
2025-01-02,Central,C3,Property,1
2025-01-02,East,E1,Other,1
2025-01-02,East,E2,Quality,1
2025-01-02,East,E2,Other,1
2025-01-02,East,E3,Safety,1
2025-01-02,West,W1,Other,1
2025-01-02,West,W3,Property,1
2025-01-02,West,W3,Service,1
2025-01-02,West,W3,Safety,1
2025-01-03,North,N1,Service,2
2025-01-03,North,N1,Safety,1
2025-01-03,North,N2,Property,1
2025-01-03,North,N2,Quality,2
2025-01-03,North,N2,Other,2
2025-01-03,North,N3,Service,1
2025-01-03,Central,C1,Service,1
2025-01-03,Central,C1,Quality,1
2025-01-03,Central,C2,Property,2
2025-01-03,Central,C2,Safety,2
2025-01-03,Central,C3,Safety,1
2025-01-03,East,E1,Property,1
2025-01-03,East,E1,Service,1
2025-01-03,East,E1,Safety,1
2025-01-03,East,E1,Other,1
2025-01-03,East,E2,Safety,2
2025-01-03,East,E2,Quality,1
2025-01-03,East,E3,Property,1
2025-01-03,East,E3,Quality,1
2025-01-03,East,E3,Other,1
2025-01-03,West,W1,Service,1
2025-01-03,West,W1,Quality,1
2025-01-03,West,W2,Safety,1
2025-01-03,West,W3,Service,1
2025-01-04,North,N1,Property,2
2025-01-04,North,N1,Safety,1
2025-01-04,North,N1,Quality,1
2025-01-04,North,N2,Property,1
2025-01-04,Central,C1,Quality,2
2025-01-04,Central,C2,Safety,1
2025-01-04,Central,C3,Property,1
2025-01-04,Central,C3,Service,1
2025-01-04,Central,C3,Safety,1
2025-01-04,Central,C3,Quality,3
2025-01-04,Central,C3,Other,1
2025-01-04,East,E1,Property,1
2025-01-04,East,E1,Quality,1
2025-01-04,East,E2,Property,1
2025-01-04,West,W1,Service,2
2025-01-04,West,W1,Other,1
2025-01-04,West,W2,Property,1
2025-01-04,West,W2,Service,1
2025-01-04,West,W2,Safety,1
2025-01-04,West,W2,Other,1
2025-01-04,West,W3,Property,1
2025-01-04,West,W3,Service,1
2025-01-04,West,W3,Safety,1
2025-01-04,West,W3,Quality,2
2025-01-05,North,N1,Property,2
2025-01-05,North,N1,Service,1
2025-01-05,North,N1,Safety,1
2025-01-05,North,N2,Safety,2
2025-01-05,North,N2,Other,1
2025-01-05,North,N3,Safety,1
2025-01-05,North,N3,Quality,1
2025-01-05,Central,C1,Property,2
2025-01-05,Central,C2,Property,1
2025-01-05,Central,C2,Safety,1
2025-01-05,Central,C2,Quality,2
2025-01-05,Central,C3,Property,3
2025-01-05,Central,C3,Service,2
2025-01-05,Central,C3,Safety,1
2025-01-05,East,E1,Property,1
2025-01-05,East,E1,Other,1
2025-01-05,East,E2,Service,2
2025-01-05,East,E2,Safety,1
2025-01-05,East,E2,Quality,1
2025-01-05,East,E3,Service,1
2025-01-05,East,E3,Other,1
2025-01-05,West,W1,Property,2
2025-01-05,West,W1,Other,1
2025-01-05,West,W2,Property,1
2025-01-05,West,W2,Service,2
2025-01-05,West,W2,Safety,1
2025-01-05,West,W3,Safety,1
2025-01-05,West,W3,Quality,1
2025-01-06,North,N1,Safety,2
2025-01-06,North,N2,Service,2
2025-01-06,North,N2,Other,1
2025-01-06,North,N3,Property,2
2025-01-06,North,N3,Safety,1
2025-01-06,Central,C1,Property,2
2025-01-06,Central,C3,Property,1
2025-01-06,East,E2,Property,1
2025-01-06,East,E2,Service,1
2025-01-06,East,E2,Quality,1
2025-01-06,East,E3,Property,1
2025-01-06,East,E3,Safety,2
2025-01-06,West,W1,Property,1
2025-01-06,West,W1,Service,1
2025-01-06,West,W1,Other,1
2025-01-06,West,W3,Service,2
2025-01-07,North,N1,Service,3
2025-01-07,North,N1,Safety,1
2025-01-07,North,N3,Property,2
2025-01-07,North,N3,Service,2
2025-01-07,Central,C1,Property,1
2025-01-07,Central,C1,Other,1
2025-01-07,Central,C3,Safety,1
2025-01-07,Central,C3,Quality,1
2025-01-07,Central,C3,Other,1
2025-01-07,East,E1,Quality,1
2025-01-07,East,E2,Property,1
2025-01-07,East,E2,Service,1
2025-01-07,East,E2,Safety,1
2025-01-07,East,E3,Safety,1
2025-01-07,West,W1,Safety,1
2025-01-07,West,W2,Safety,1
2025-01-07,West,W2,Quality,1
2025-01-07,West,W3,Property,2
2025-01-07,West,W3,Service,3
2025-01-07,West,W3,Safety,1
2025-01-08,North,N1,Property,2
2025-01-08,North,N1,Service,1
2025-01-08,North,N2,Property,1
2025-01-08,North,N2,Service,1
2025-01-08,North,N2,Safety,1
2025-01-08,North,N2,Quality,1
2025-01-08,North,N3,Property,3
2025-01-08,Central,C1,Property,3
2025-01-08,Central,C1,Service,1
2025-01-08,Central,C1,Other,1
2025-01-08,Central,C2,Property,1
2025-01-08,Central,C2,Quality,1
2025-01-08,Central,C3,Property,1
2025-01-08,Central,C3,Service,1
2025-01-08,Central,C3,Safety,1
2025-01-08,Central,C3,Other,1
2025-01-08,East,E1,Safety,1
2025-01-08,East,E1,Quality,1
2025-01-08,East,E2,Safety,2
2025-01-08,East,E2,Other,1
2025-01-08,West,W1,Service,1
2025-01-08,West,W1,Quality,2
2025-01-08,West,W2,Property,1
2025-01-08,West,W2,Safety,1
2025-01-08,West,W2,Quality,1
2025-01-08,West,W3,Other,1
2025-01-09,North,N1,Property,1
2025-01-09,North,N1,Service,1
2025-01-09,North,N1,Quality,2
2025-01-09,North,N1,Other,1
2025-01-09,North,N2,Service,1
2025-01-09,North,N2,Safety,2
2025-01-09,North,N3,Property,1
2025-01-09,Central,C1,Property,1
2025-01-09,Central,C2,Property,1
2025-01-09,Central,C3,Service,1
2025-01-09,East,E1,Service,2
2025-01-09,East,E2,Property,1
2025-01-09,East,E2,Safety,1
2025-01-09,East,E3,Quality,1
2025-01-09,West,W2,Property,1
2025-01-09,West,W2,Safety,1
2025-01-09,West,W3,Property,1
2025-01-09,West,W3,Service,1
2025-01-09,West,W3,Quality,1
2025-01-09,West,W3,Other,1
2025-01-10,North,N1,Property,2
2025-01-10,North,N2,Quality,1
2025-01-10,North,N3,Service,1
2025-01-10,Central,C1,Safety,1
2025-01-10,Central,C1,Other,1
2025-01-10,Central,C2,Service,2
2025-01-10,Central,C2,Safety,1
2025-01-10,Central,C3,Service,2
2025-01-10,Central,C3,Safety,1
2025-01-10,Central,C3,Quality,1
2025-01-10,East,E1,Property,1
2025-01-10,East,E1,Service,1
2025-01-10,East,E1,Quality,2
2025-01-10,East,E2,Service,1
2025-01-10,East,E2,Other,1
2025-01-10,East,E3,Property,1
2025-01-10,East,E3,Service,1
2025-01-10,East,E3,Quality,2
2025-01-10,West,W1,Property,2
2025-01-10,West,W1,Safety,1
2025-01-10,West,W1,Quality,1
2025-01-10,West,W2,Property,3
2025-01-10,West,W2,Safety,1
2025-01-10,West,W2,Quality,1
2025-01-10,West,W3,Property,1
2025-01-11,North,N1,Property,2
2025-01-11,North,N2,Service,1
2025-01-11,North,N2,Safety,1
2025-01-11,North,N2,Other,1
2025-01-11,Central,C1,Quality,1
2025-01-11,Central,C2,Quality,2
2025-01-11,Central,C2,Other,3
2025-01-11,Central,C3,Other,1
2025-01-11,East,E1,Property,1
2025-01-11,East,E1,Quality,1
2025-01-11,East,E2,Quality,1
2025-01-11,East,E3,Property,1
2025-01-11,East,E3,Service,1
2025-01-11,East,E3,Quality,1
2025-01-11,West,W1,Safety,1
2025-01-11,West,W1,Quality,1
2025-01-11,West,W2,Quality,2
2025-01-12,North,N1,Service,1
2025-01-12,North,N1,Safety,1
2025-01-12,North,N2,Quality,1
2025-01-12,North,N3,Property,1
2025-01-12,North,N3,Quality,2
2025-01-12,Central,C1,Service,1
2025-01-12,Central,C1,Other,1
2025-01-12,Central,C2,Property,2
2025-01-12,Central,C2,Service,1
2025-01-12,Central,C2,Safety,1
2025-01-12,Central,C2,Quality,1
2025-01-12,Central,C3,Property,1
2025-01-12,Central,C3,Safety,1
2025-01-12,Central,C3,Quality,1
2025-01-12,Central,C3,Other,1
2025-01-12,East,E1,Property,1
2025-01-12,East,E1,Safety,1
2025-01-12,East,E2,Property,1
2025-01-12,East,E2,Safety,3
2025-01-12,East,E3,Property,1
2025-01-12,East,E3,Service,1
2025-01-12,East,E3,Quality,1
2025-01-12,East,E3,Other,1
2025-01-12,West,W1,Property,1
2025-01-12,West,W2,Property,1
2025-01-12,West,W2,Service,1
2025-01-12,West,W3,Property,1
2025-01-12,West,W3,Service,1
2025-01-13,North,N1,Property,2
2025-01-13,North,N1,Safety,2
2025-01-13,North,N2,Service,1
2025-01-13,North,N2,Safety,1
2025-01-13,North,N2,Other,1
2025-01-13,North,N3,Service,2
2025-01-13,Central,C1,Safety,4
2025-01-13,Central,C1,Quality,1
2025-01-13,Central,C2,Property,1
2025-01-13,Central,C2,Service,1
2025-01-13,Central,C3,Service,2
2025-01-13,Central,C3,Other,1
2025-01-13,East,E1,Service,1
2025-01-13,East,E1,Quality,1
2025-01-13,East,E2,Service,1
2025-01-13,East,E2,Safety,1
2025-01-13,East,E2,Other,1
2025-01-13,East,E3,Property,2
2025-01-13,East,E3,Service,1
2025-01-13,West,W1,Property,1
2025-01-13,West,W1,Service,2
2025-01-13,West,W1,Quality,2
2025-01-13,West,W2,Safety,1
2025-01-13,West,W2,Quality,1
2025-01-13,West,W2,Other,1
2025-01-13,West,W3,Service,1
2025-01-13,West,W3,Quality,1
2025-01-13,West,W3,Other,1
2025-01-14,North,N2,Service,1
2025-01-14,North,N2,Safety,1
2025-01-14,North,N3,Property,2
2025-01-14,North,N3,Service,1
2025-01-14,North,N3,Quality,1
2025-01-14,North,N3,Other,1
2025-01-14,Central,C1,Property,1
2025-01-14,Central,C1,Other,1
2025-01-14,Central,C2,Quality,1
2025-01-14,Central,C2,Other,1
2025-01-14,Central,C3,Property,1
2025-01-14,Central,C3,Safety,3
2025-01-14,East,E1,Service,1
2025-01-14,East,E1,Quality,1
2025-01-14,East,E2,Service,1
2025-01-14,East,E3,Property,1
2025-01-14,West,W1,Property,1
2025-01-14,West,W1,Other,1
2025-01-14,West,W2,Service,1
2025-01-14,West,W2,Quality,1
2025-01-14,West,W3,Property,1
2025-01-14,West,W3,Service,1
2025-01-15,North,N1,Safety,1
2025-01-15,North,N2,Safety,1
2025-01-15,North,N2,Quality,2
2025-01-15,North,N3,Service,1
2025-01-15,North,N3,Safety,2
2025-01-15,North,N3,Other,1
2025-01-15,Central,C1,Safety,1
2025-01-15,Central,C1,Quality,1
2025-01-15,Central,C1,Other,1
2025-01-15,Central,C2,Property,2
2025-01-15,Central,C2,Safety,1
2025-01-15,Central,C3,Service,1
2025-01-15,East,E1,Property,3
2025-01-15,East,E2,Property,1
2025-01-15,East,E3,Service,1
2025-01-15,West,W1,Service,2
2025-01-15,West,W1,Safety,1
2025-01-15,West,W1,Quality,1
2025-01-15,West,W1,Other,1
2025-01-15,West,W2,Safety,1
2025-01-15,West,W3,Property,1
2025-01-15,West,W3,Quality,1
2025-01-15,West,W3,Other,1
2025-01-16,North,N1,Property,1
2025-01-16,North,N1,Safety,1
2025-01-16,North,N1,Other,3
2025-01-16,North,N2,Property,2
2025-01-16,North,N2,Safety,1
2025-01-16,North,N2,Other,1
2025-01-16,North,N3,Other,1
2025-01-16,Central,C1,Safety,1
2025-01-16,Central,C2,Property,1
2025-01-16,Central,C2,Service,1
2025-01-16,Central,C2,Safety,1
2025-01-16,East,E1,Property,1
2025-01-16,East,E1,Service,2
2025-01-16,East,E1,Safety,1
2025-01-16,East,E2,Quality,2
2025-01-16,East,E3,Service,1
2025-01-16,East,E3,Safety,2
2025-01-16,East,E3,Other,1
2025-01-16,West,W1,Property,1
2025-01-16,West,W2,Property,1
2025-01-16,West,W2,Quality,1
2025-01-16,West,W2,Other,1
2025-01-16,West,W3,Property,4
2025-01-16,West,W3,Service,1
2025-01-16,West,W3,Quality,2
2025-01-17,North,N2,Service,1
2025-01-17,North,N2,Safety,1
2025-01-17,North,N3,Service,1
2025-01-17,North,N3,Quality,2
2025-01-17,Central,C1,Other,1
2025-01-17,Central,C2,Property,1
2025-01-17,Central,C2,Service,1
2025-01-17,Central,C2,Safety,2
2025-01-17,Central,C3,Property,1
2025-01-17,Central,C3,Safety,1
2025-01-17,East,E1,Property,1
2025-01-17,East,E1,Quality,1
2025-01-17,East,E1,Other,1
2025-01-17,East,E3,Property,1
2025-01-17,West,W1,Service,1
2025-01-17,West,W1,Safety,1
2025-01-17,West,W1,Quality,1
2025-01-17,West,W2,Property,2
2025-01-17,West,W2,Safety,1
2025-01-17,West,W3,Property,1
2025-01-17,West,W3,Service,1
2025-01-17,West,W3,Quality,1
2025-01-18,North,N1,Property,1
2025-01-18,North,N1,Service,1
2025-01-18,North,N1,Other,1
2025-01-18,North,N2,Safety,1
2025-01-18,North,N3,Property,2
2025-01-18,North,N3,Service,1
2025-01-18,Central,C2,Safety,2
2025-01-18,Central,C2,Other,1
2025-01-18,East,E1,Property,1
2025-01-18,East,E2,Safety,2
2025-01-18,East,E2,Other,2
2025-01-18,East,E3,Property,3
2025-01-18,West,W1,Quality,1
2025-01-18,West,W2,Property,4
2025-01-18,West,W3,Property,1
2025-01-19,North,N1,Service,1
2025-01-19,North,N1,Safety,1
2025-01-19,North,N2,Property,1
2025-01-19,North,N2,Service,1
2025-01-19,North,N2,Safety,1
2025-01-19,North,N3,Property,1
2025-01-19,North,N3,Other,1
2025-01-19,Central,C1,Service,1
2025-01-19,Central,C1,Other,1
2025-01-19,Central,C2,Service,1
2025-01-19,Central,C2,Other,1
2025-01-19,Central,C3,Other,1
2025-01-19,East,E1,Property,2
2025-01-19,East,E1,Safety,1
2025-01-19,East,E1,Quality,1
2025-01-19,East,E3,Property,3
2025-01-19,East,E3,Other,1
2025-01-19,West,W1,Service,1
2025-01-19,West,W2,Property,1
2025-01-19,West,W2,Service,3
2025-01-19,West,W2,Quality,1
2025-01-19,West,W3,Property,1
2025-01-19,West,W3,Service,2
2025-01-19,West,W3,Quality,1
2025-01-20,North,N1,Property,2
2025-01-20,North,N2,Property,1
2025-01-20,North,N2,Service,2
2025-01-20,North,N2,Safety,1
2025-01-20,North,N3,Property,5
2025-01-20,North,N3,Service,1
2025-01-20,North,N3,Safety,1
2025-01-20,North,N3,Other,1
2025-01-20,Central,C1,Property,1
2025-01-20,Central,C1,Service,2
2025-01-20,Central,C1,Safety,1
2025-01-20,Central,C2,Property,1
2025-01-20,Central,C2,Safety,1
2025-01-20,Central,C3,Service,1
2025-01-20,Central,C3,Quality,1
2025-01-20,Central,C3,Other,1
2025-01-20,East,E1,Property,3
2025-01-20,East,E1,Safety,1
2025-01-20,East,E2,Property,2
2025-01-20,East,E2,Service,1
2025-01-20,East,E3,Service,2
2025-01-20,East,E3,Other,3
2025-01-20,West,W2,Property,1
2025-01-20,West,W2,Safety,1
2025-01-20,West,W2,Quality,1
2025-01-20,West,W2,Other,1
2025-01-20,West,W3,Property,1
2025-01-21,North,N1,Property,1
2025-01-21,North,N1,Quality,1
2025-01-21,North,N2,Property,1
2025-01-21,North,N2,Service,1
2025-01-21,North,N2,Quality,1
2025-01-21,North,N3,Property,1
2025-01-21,North,N3,Service,1
2025-01-21,North,N3,Safety,1
2025-01-21,Central,C1,Property,2
2025-01-21,Central,C2,Property,1
2025-01-21,Central,C2,Safety,1
2025-01-21,Central,C2,Quality,1
2025-01-21,Central,C3,Property,2
2025-01-21,Central,C3,Service,1
2025-01-21,Central,C3,Safety,1
2025-01-21,East,E1,Property,1
2025-01-21,East,E1,Safety,1
2025-01-21,East,E2,Quality,1
2025-01-21,East,E3,Property,1
2025-01-21,East,E3,Service,1
2025-01-21,East,E3,Safety,1
2025-01-21,West,W1,Property,1
2025-01-21,West,W1,Service,1
2025-01-21,West,W1,Safety,3
2025-01-21,West,W2,Safety,2
2025-01-21,West,W2,Other,2
2025-01-21,West,W3,Property,1
2025-01-21,West,W3,Quality,3
2025-01-22,North,N1,Service,1
2025-01-22,North,N2,Property,1
2025-01-22,North,N2,Other,1
2025-01-22,North,N3,Service,1
2025-01-22,Central,C1,Property,1
2025-01-22,Central,C2,Property,1
2025-01-22,Central,C2,Service,1
2025-01-22,Central,C2,Other,1
2025-01-22,Central,C3,Safety,1
2025-01-22,East,E1,Property,1
2025-01-22,East,E1,Service,1
2025-01-22,East,E3,Safety,1
2025-01-22,East,E3,Quality,1
2025-01-22,West,W2,Other,1
2025-01-22,West,W3,Service,1
2025-01-22,West,W3,Safety,2
2025-01-22,West,W3,Quality,2
2025-01-22,West,W3,Other,1
2025-01-23,North,N1,Service,1
2025-01-23,North,N1,Safety,1
2025-01-23,North,N2,Property,1
2025-01-23,North,N2,Service,2
2025-01-23,North,N2,Other,1
2025-01-23,North,N3,Other,1
2025-01-23,Central,C1,Service,1
2025-01-23,Central,C1,Safety,1
2025-01-23,Central,C1,Other,1
2025-01-23,Central,C2,Property,2
2025-01-23,Central,C2,Safety,1
2025-01-23,Central,C3,Property,1
2025-01-23,Central,C3,Safety,1
2025-01-23,Central,C3,Quality,1
2025-01-23,Central,C3,Other,1
2025-01-23,East,E1,Service,1
2025-01-23,East,E3,Property,1
2025-01-23,West,W2,Property,1
2025-01-23,West,W3,Quality,2
2025-01-24,North,N1,Property,1
2025-01-24,North,N1,Service,1
2025-01-24,North,N1,Safety,2
2025-01-24,North,N2,Safety,1
2025-01-24,North,N2,Other,1
2025-01-24,North,N3,Property,2
2025-01-24,North,N3,Quality,1
2025-01-24,Central,C1,Safety,1
2025-01-24,Central,C1,Quality,1
2025-01-24,Central,C2,Property,1
2025-01-24,Central,C2,Safety,1
2025-01-24,Central,C2,Other,1
2025-01-24,East,E1,Service,1
2025-01-24,East,E2,Safety,1
2025-01-24,East,E2,Other,1
2025-01-24,West,W1,Service,2
2025-01-24,West,W1,Safety,1
2025-01-24,West,W1,Quality,1
2025-01-24,West,W2,Property,1
2025-01-24,West,W2,Other,1
2025-01-25,North,N2,Other,2
2025-01-25,North,N3,Property,1
2025-01-25,North,N3,Safety,2
2025-01-25,North,N3,Quality,1
2025-01-25,North,N3,Other,1
2025-01-25,Central,C1,Service,1
2025-01-25,Central,C1,Safety,2
2025-01-25,Central,C1,Quality,1
2025-01-25,Central,C1,Other,1
2025-01-25,Central,C2,Property,2
2025-01-25,Central,C3,Quality,1
2025-01-25,Central,C3,Other,1
2025-01-25,East,E2,Other,1
2025-01-25,East,E3,Property,4
2025-01-25,East,E3,Quality,1
2025-01-25,West,W1,Property,1
2025-01-25,West,W1,Safety,1
2025-01-25,West,W1,Other,1
2025-01-25,West,W2,Safety,1
2025-01-25,West,W2,Quality,2
2025-01-25,West,W3,Property,1
2025-01-25,West,W3,Other,1
2025-01-26,North,N1,Property,1
2025-01-26,North,N1,Service,1
2025-01-26,North,N1,Quality,2
2025-01-26,North,N2,Quality,1
2025-01-26,North,N3,Safety,1
2025-01-26,North,N3,Quality,1
2025-01-26,North,N3,Other,1
2025-01-26,Central,C1,Property,1
2025-01-26,Central,C3,Service,1
2025-01-26,Central,C3,Other,1
2025-01-26,East,E1,Property,2
2025-01-26,East,E1,Service,2
2025-01-26,East,E1,Quality,2
2025-01-26,East,E2,Property,1
2025-01-26,East,E2,Service,1
2025-01-26,East,E2,Safety,2
2025-01-26,East,E3,Property,2
2025-01-26,East,E3,Quality,1
2025-01-26,West,W1,Safety,1
2025-01-26,West,W1,Other,1
2025-01-26,West,W2,Safety,2
2025-01-26,West,W3,Service,1
2025-01-26,West,W3,Quality,1
2025-01-27,North,N1,Property,1
2025-01-27,North,N2,Property,3
2025-01-27,North,N3,Service,1
2025-01-27,North,N3,Safety,1
2025-01-27,Central,C1,Safety,1
2025-01-27,Central,C2,Property,1
2025-01-27,Central,C2,Safety,1
2025-01-27,Central,C3,Property,1
2025-01-27,Central,C3,Service,1
2025-01-27,Central,C3,Other,1
2025-01-27,East,E1,Property,1
2025-01-27,East,E1,Service,2
2025-01-27,East,E1,Other,1
2025-01-27,East,E2,Property,1
2025-01-27,East,E2,Service,1
2025-01-27,East,E2,Quality,1
2025-01-27,East,E2,Other,1
2025-01-27,East,E3,Service,2
2025-01-27,West,W1,Property,1
2025-01-27,West,W2,Service,1
2025-01-27,West,W2,Other,1
2025-01-27,West,W3,Quality,2
2025-01-28,North,N1,Service,1
2025-01-28,North,N2,Property,1
2025-01-28,North,N3,Property,3
2025-01-28,Central,C1,Property,3
2025-01-28,Central,C1,Service,1
2025-01-28,Central,C2,Service,1
2025-01-28,Central,C2,Quality,1
2025-01-28,Central,C2,Other,1
2025-01-28,Central,C3,Service,1
2025-01-28,Central,C3,Safety,2
2025-01-28,East,E1,Property,2
2025-01-28,East,E1,Service,1
2025-01-28,East,E1,Safety,2
2025-01-28,East,E3,Property,1
2025-01-28,East,E3,Service,1
2025-01-28,East,E3,Safety,1
2025-01-28,West,W1,Quality,1
2025-01-28,West,W2,Property,1
2025-01-28,West,W2,Service,2
2025-01-28,West,W3,Property,2
2025-01-29,North,N1,Service,1
2025-01-29,North,N2,Property,1
2025-01-29,North,N2,Service,2
2025-01-29,North,N2,Safety,2
2025-01-29,North,N2,Other,2
2025-01-29,North,N3,Property,1
2025-01-29,North,N3,Service,1
2025-01-29,North,N3,Quality,1
2025-01-29,North,N3,Other,1
2025-01-29,Central,C1,Service,2
2025-01-29,Central,C1,Safety,1
2025-01-29,Central,C2,Safety,1
2025-01-29,Central,C3,Safety,1
2025-01-29,Central,C3,Quality,1
2025-01-29,East,E1,Property,3
2025-01-29,East,E1,Service,1
2025-01-29,East,E1,Safety,1
2025-01-29,East,E1,Quality,1
2025-01-29,East,E1,Other,1
2025-01-29,East,E3,Quality,1
2025-01-29,West,W1,Other,1
2025-01-29,West,W2,Property,1
2025-01-29,West,W3,Property,1
2025-01-30,North,N1,Service,2
2025-01-30,North,N1,Quality,1
2025-01-30,North,N2,Property,1
2025-01-30,North,N2,Service,1
2025-01-30,North,N2,Safety,1
2025-01-30,North,N2,Quality,1
2025-01-30,Central,C1,Service,2
2025-01-30,Central,C1,Other,1
2025-01-30,Central,C2,Service,2
2025-01-30,Central,C2,Safety,1
2025-01-30,Central,C2,Quality,1
2025-01-30,Central,C3,Property,1
2025-01-30,Central,C3,Service,1
2025-01-30,Central,C3,Safety,2
2025-01-30,Central,C3,Quality,1
2025-01-30,East,E1,Service,3
2025-01-30,East,E1,Safety,1
2025-01-30,East,E1,Quality,1
2025-01-30,East,E2,Property,1
2025-01-30,East,E3,Property,2
2025-01-30,East,E3,Other,1
2025-01-30,West,W1,Property,2
2025-01-30,West,W1,Service,1
2025-01-30,West,W1,Safety,2
2025-01-30,West,W1,Other,2
2025-01-30,West,W2,Property,2
2025-01-30,West,W2,Service,1
2025-01-30,West,W3,Property,1
2025-01-30,West,W3,Other,1
2025-01-31,North,N1,Service,1
2025-01-31,North,N1,Safety,1
2025-01-31,North,N2,Property,1
2025-01-31,North,N2,Safety,2
2025-01-31,North,N2,Quality,2
2025-01-31,North,N3,Service,1
2025-01-31,North,N3,Safety,1
2025-01-31,North,N3,Other,1
2025-01-31,Central,C1,Property,3
2025-01-31,Central,C1,Service,1
2025-01-31,Central,C1,Quality,1
2025-01-31,Central,C2,Service,2
2025-01-31,Central,C2,Safety,1
2025-01-31,Central,C3,Property,1
2025-01-31,Central,C3,Quality,1
2025-01-31,East,E1,Property,1
2025-01-31,East,E1,Quality,1
2025-01-31,East,E2,Service,1
2025-01-31,East,E2,Other,1
2025-01-31,West,W1,Safety,1
2025-01-31,West,W1,Other,1
2025-01-31,West,W2,Property,1
2025-01-31,West,W2,Service,1
2025-01-31,West,W3,Service,2
2025-01-31,West,W3,Safety,2
2025-01-31,West,W3,Quality,1
2025-02-01,North,N1,Property,2
2025-02-01,North,N1,Quality,1
2025-02-01,North,N2,Property,2
2025-02-01,North,N2,Service,2
2025-02-01,North,N2,Safety,1
2025-02-01,Central,C1,Safety,1
2025-02-01,Central,C1,Other,1
2025-02-01,Central,C2,Property,1
2025-02-01,Central,C2,Service,3
2025-02-01,Central,C2,Safety,1
2025-02-01,Central,C2,Quality,1
2025-02-01,Central,C2,Other,1
2025-02-01,Central,C3,Service,1
2025-02-01,Central,C3,Other,1
2025-02-01,East,E1,Safety,1
2025-02-01,East,E2,Property,1
2025-02-01,East,E2,Service,1
2025-02-01,East,E2,Safety,1
2025-02-01,East,E3,Property,3
2025-02-01,East,E3,Safety,1
2025-02-01,West,W1,Service,1
2025-02-01,West,W1,Safety,1
2025-02-01,West,W2,Service,1
2025-02-01,West,W3,Property,1
2025-02-01,West,W3,Safety,1
2025-02-02,North,N1,Property,1
2025-02-02,North,N1,Service,2
2025-02-02,North,N1,Quality,1
2025-02-02,North,N2,Property,1
2025-02-02,North,N3,Property,2
2025-02-02,North,N3,Service,1
2025-02-02,Central,C2,Safety,1
2025-02-02,Central,C3,Service,1
2025-02-02,Central,C3,Other,1
2025-02-02,East,E1,Property,2
2025-02-02,East,E1,Service,1
2025-02-02,East,E1,Safety,1
2025-02-02,East,E1,Other,1
2025-02-02,East,E2,Property,1
2025-02-02,East,E2,Service,2
2025-02-02,East,E2,Safety,1
2025-02-02,East,E2,Quality,1
2025-02-02,East,E3,Property,1
2025-02-02,East,E3,Quality,1
2025-02-02,West,W1,Property,1
2025-02-02,West,W1,Safety,1
2025-02-02,West,W2,Property,1
2025-02-02,West,W2,Service,1
2025-02-02,West,W2,Other,1
2025-02-03,North,N1,Property,1
2025-02-03,North,N1,Service,1
2025-02-03,North,N2,Property,3
2025-02-03,North,N2,Service,1
2025-02-03,North,N2,Safety,1
2025-02-03,North,N3,Safety,3
2025-02-03,Central,C1,Property,1
2025-02-03,Central,C1,Safety,1
2025-02-03,Central,C2,Service,1
2025-02-03,Central,C2,Safety,1
2025-02-03,Central,C2,Quality,1
2025-02-03,Central,C2,Other,1
2025-02-03,Central,C3,Safety,1
2025-02-03,East,E1,Property,1
2025-02-03,East,E1,Service,1
2025-02-03,East,E1,Safety,1
2025-02-03,East,E2,Service,1
2025-02-03,East,E2,Safety,1
2025-02-03,East,E2,Quality,1
2025-02-03,East,E3,Property,1
2025-02-03,East,E3,Service,1
2025-02-03,West,W1,Service,2
2025-02-03,West,W1,Quality,1
2025-02-03,West,W2,Quality,1
2025-02-03,West,W3,Quality,1
2025-02-04,North,N1,Property,1
2025-02-04,North,N1,Quality,2
2025-02-04,North,N2,Service,1
2025-02-04,North,N2,Safety,2
2025-02-04,North,N2,Quality,2
2025-02-04,North,N3,Property,1
2025-02-04,North,N3,Service,1
2025-02-04,North,N3,Safety,1
2025-02-04,Central,C1,Property,1
2025-02-04,Central,C2,Service,1
2025-02-04,Central,C3,Property,1
2025-02-04,Central,C3,Safety,3
2025-02-04,Central,C3,Quality,1
2025-02-04,East,E1,Property,1
2025-02-04,East,E1,Other,1
2025-02-04,East,E2,Other,2
2025-02-04,East,E3,Property,2
2025-02-04,West,W1,Service,1
2025-02-04,West,W1,Safety,2
2025-02-04,West,W2,Property,1
2025-02-04,West,W2,Service,1
2025-02-04,West,W2,Quality,1
2025-02-04,West,W3,Property,1
2025-02-04,West,W3,Service,1
2025-02-05,North,N2,Service,2
2025-02-05,North,N2,Safety,1
2025-02-05,North,N3,Property,2
2025-02-05,North,N3,Service,1
2025-02-05,North,N3,Other,1
2025-02-05,Central,C1,Property,2
2025-02-05,Central,C1,Service,2
2025-02-05,Central,C3,Property,1
2025-02-05,Central,C3,Service,2
2025-02-05,Central,C3,Safety,1
2025-02-05,Central,C3,Quality,1
2025-02-05,East,E1,Service,2
2025-02-05,East,E1,Safety,2
2025-02-05,East,E1,Other,1
2025-02-05,East,E2,Safety,1
2025-02-05,East,E3,Safety,2
2025-02-05,West,W1,Safety,1
2025-02-05,West,W2,Safety,3
2025-02-05,West,W2,Other,1
2025-02-06,North,N1,Property,2
2025-02-06,North,N1,Safety,1
2025-02-06,North,N2,Safety,2
2025-02-06,North,N2,Other,1
2025-02-06,North,N3,Service,1
2025-02-06,Central,C1,Quality,1
2025-02-06,Central,C2,Service,1
2025-02-06,Central,C2,Safety,1
2025-02-06,Central,C3,Service,2
2025-02-06,Central,C3,Safety,1
2025-02-06,East,E1,Service,1
2025-02-06,East,E2,Service,1
2025-02-06,East,E3,Service,2
2025-02-06,East,E3,Safety,1
2025-02-06,West,W1,Property,2
2025-02-06,West,W3,Property,1
2025-02-07,North,N1,Property,1
2025-02-07,North,N1,Safety,2
2025-02-07,North,N2,Property,1
2025-02-07,North,N2,Safety,2
2025-02-07,North,N3,Property,1
2025-02-07,North,N3,Service,2
2025-02-07,North,N3,Safety,1
2025-02-07,North,N3,Other,1
2025-02-07,Central,C2,Property,2
2025-02-07,Central,C2,Safety,1
2025-02-07,Central,C2,Other,1
2025-02-07,East,E1,Property,1
2025-02-07,East,E1,Quality,1
2025-02-07,East,E2,Property,1
2025-02-07,East,E2,Service,1
2025-02-07,East,E2,Safety,1
2025-02-07,West,W1,Service,1
2025-02-07,West,W2,Property,1
2025-02-07,West,W2,Safety,1
2025-02-07,West,W3,Property,1
2025-02-07,West,W3,Service,1
2025-02-08,North,N1,Property,1
2025-02-08,North,N1,Service,1
2025-02-08,North,N1,Safety,2
2025-02-08,North,N2,Property,2
2025-02-08,North,N2,Quality,2
2025-02-08,North,N2,Other,1
2025-02-08,North,N3,Safety,1
2025-02-08,North,N3,Other,1
2025-02-08,Central,C1,Property,3
2025-02-08,Central,C2,Service,1
2025-02-08,Central,C3,Property,1
2025-02-08,Central,C3,Service,2
2025-02-08,Central,C3,Safety,1
2025-02-08,East,E1,Service,3
2025-02-08,East,E1,Quality,1
2025-02-08,East,E2,Property,1
2025-02-08,East,E3,Quality,1
2025-02-08,West,W1,Property,1
2025-02-08,West,W1,Service,1
2025-02-08,West,W2,Property,4
2025-02-08,West,W2,Service,1
2025-02-08,West,W2,Safety,1
2025-02-08,West,W3,Property,1
2025-02-08,West,W3,Quality,1
2025-02-09,North,N1,Property,1
2025-02-09,North,N1,Service,1
2025-02-09,North,N1,Safety,3
2025-02-09,North,N2,Property,2
2025-02-09,North,N2,Service,1
2025-02-09,North,N2,Safety,1
2025-02-09,North,N3,Service,1
2025-02-09,North,N3,Quality,1
2025-02-09,North,N3,Other,1
2025-02-09,Central,C1,Property,1
2025-02-09,Central,C1,Service,1
2025-02-09,Central,C1,Safety,1
2025-02-09,Central,C2,Property,2
2025-02-09,Central,C2,Service,5
2025-02-09,Central,C2,Safety,1
2025-02-09,Central,C2,Other,1
2025-02-09,Central,C3,Property,1
2025-02-09,East,E1,Service,1
2025-02-09,East,E2,Service,1
2025-02-09,East,E3,Service,1
2025-02-09,East,E3,Safety,1
2025-02-09,West,W1,Service,1
2025-02-09,West,W1,Safety,2
2025-02-09,West,W2,Service,1
2025-02-09,West,W2,Safety,1
2025-02-09,West,W3,Service,1
2025-02-09,West,W3,Safety,3
2025-02-09,West,W3,Quality,1
2025-02-10,North,N2,Property,1
2025-02-10,North,N2,Service,1
2025-02-10,North,N2,Safety,2
2025-02-10,North,N2,Quality,2
2025-02-10,North,N3,Property,1
2025-02-10,North,N3,Safety,1
2025-02-10,North,N3,Quality,1
2025-02-10,Central,C1,Property,4
2025-02-10,Central,C2,Property,1
2025-02-10,Central,C3,Property,1
2025-02-10,Central,C3,Service,2
2025-02-10,Central,C3,Safety,1
2025-02-10,East,E1,Property,2
2025-02-10,East,E1,Safety,1
2025-02-10,East,E1,Other,1
2025-02-10,East,E2,Property,1
2025-02-10,East,E2,Safety,1
2025-02-10,East,E3,Service,1
2025-02-10,East,E3,Safety,1
2025-02-10,West,W1,Property,1
2025-02-10,West,W1,Safety,1
2025-02-10,West,W2,Property,1
2025-02-10,West,W3,Quality,1
2025-02-11,North,N1,Property,3
2025-02-11,North,N2,Property,1
2025-02-11,North,N2,Service,1
2025-02-11,North,N2,Quality,2
2025-02-11,North,N3,Safety,1
2025-02-11,Central,C1,Quality,1
2025-02-11,Central,C2,Service,1
2025-02-11,Central,C2,Safety,1
2025-02-11,Central,C3,Quality,1
2025-02-11,East,E1,Property,1
2025-02-11,East,E2,Property,2
2025-02-11,East,E2,Service,3
2025-02-11,East,E2,Safety,1
2025-02-11,East,E2,Quality,1
2025-02-11,East,E3,Property,1
2025-02-11,East,E3,Safety,3
2025-02-11,East,E3,Quality,1
2025-02-11,East,E3,Other,2
2025-02-11,West,W1,Property,1
2025-02-11,West,W1,Service,1
2025-02-11,West,W1,Safety,1
2025-02-11,West,W2,Service,1
2025-02-11,West,W2,Quality,1
2025-02-11,West,W2,Other,1
2025-02-12,North,N1,Property,1
2025-02-12,North,N1,Quality,1
2025-02-12,North,N1,Other,1
2025-02-12,North,N2,Quality,1
2025-02-12,North,N3,Property,1
2025-02-12,North,N3,Service,3
2025-02-12,North,N3,Safety,1
2025-02-12,North,N3,Quality,1
2025-02-12,North,N3,Other,1
2025-02-12,Central,C1,Service,2
2025-02-12,Central,C1,Quality,2
2025-02-12,Central,C2,Property,1
2025-02-12,Central,C3,Property,2
2025-02-12,East,E2,Property,2
2025-02-12,West,W1,Property,2
2025-02-12,West,W1,Quality,1
2025-02-12,West,W2,Service,1
2025-02-13,North,N1,Property,1
2025-02-13,North,N1,Service,1
2025-02-13,North,N1,Safety,1
2025-02-13,North,N1,Quality,1
2025-02-13,North,N1,Other,1
2025-02-13,North,N3,Service,1
2025-02-13,North,N3,Safety,1
2025-02-13,North,N3,Quality,1
2025-02-13,Central,C1,Service,1
2025-02-13,Central,C1,Safety,1
2025-02-13,Central,C2,Property,1
2025-02-13,Central,C3,Property,2
2025-02-13,Central,C3,Service,1
2025-02-13,Central,C3,Quality,2
2025-02-13,East,E1,Property,1
2025-02-13,East,E1,Service,3
2025-02-13,East,E2,Property,1
2025-02-13,East,E2,Service,1
2025-02-13,East,E3,Service,1
2025-02-13,West,W1,Property,2
2025-02-13,West,W1,Service,1
2025-02-13,West,W1,Quality,1
2025-02-13,West,W3,Service,1
2025-02-13,West,W3,Safety,1
2025-02-14,North,N1,Property,1
2025-02-14,North,N1,Service,1
2025-02-14,North,N1,Safety,1
2025-02-14,North,N2,Safety,1
2025-02-14,North,N3,Safety,1
2025-02-14,North,N3,Quality,1
2025-02-14,Central,C1,Property,1
2025-02-14,Central,C1,Safety,3
2025-02-14,Central,C1,Other,2
2025-02-14,Central,C2,Quality,1
2025-02-14,East,E1,Property,1
2025-02-14,East,E3,Service,1
2025-02-14,West,W1,Service,3
2025-02-14,West,W3,Property,1
2025-02-14,West,W3,Service,1
2025-02-15,North,N1,Safety,1
2025-02-15,North,N1,Other,1
2025-02-15,North,N2,Property,1
2025-02-15,North,N3,Quality,3
2025-02-15,Central,C1,Property,2
2025-02-15,Central,C1,Safety,1
2025-02-15,Central,C2,Service,1
2025-02-15,Central,C2,Safety,1
2025-02-15,Central,C2,Quality,1
2025-02-15,Central,C2,Other,1
2025-02-15,Central,C3,Other,1
2025-02-15,East,E1,Property,1
2025-02-15,East,E1,Safety,2
2025-02-15,East,E1,Quality,1
2025-02-15,East,E1,Other,2
2025-02-15,East,E2,Service,1
2025-02-15,East,E2,Safety,1
2025-02-15,East,E2,Quality,1
2025-02-15,East,E3,Service,1
2025-02-15,West,W1,Property,1
2025-02-15,West,W2,Property,1
2025-02-15,West,W2,Safety,1
2025-02-15,West,W3,Safety,2
2025-02-16,North,N1,Property,1
2025-02-16,North,N1,Service,2
2025-02-16,North,N1,Safety,1
2025-02-16,North,N1,Other,1
2025-02-16,North,N2,Property,3
2025-02-16,North,N2,Safety,2
2025-02-16,North,N2,Quality,1
2025-02-16,North,N3,Property,1
2025-02-16,North,N3,Safety,3
2025-02-16,North,N3,Quality,1
2025-02-16,Central,C1,Property,1
2025-02-16,Central,C1,Service,2
2025-02-16,Central,C2,Service,1
2025-02-16,Central,C2,Safety,2
2025-02-16,East,E2,Service,1
2025-02-16,East,E2,Safety,1
2025-02-16,East,E3,Property,1
2025-02-16,East,E3,Service,1
2025-02-16,East,E3,Safety,1
2025-02-16,West,W1,Property,1
2025-02-16,West,W1,Service,3
2025-02-16,West,W1,Safety,1
2025-02-16,West,W1,Other,1
2025-02-16,West,W2,Property,2
2025-02-16,West,W2,Service,1
2025-02-16,West,W2,Safety,2
2025-02-16,West,W3,Safety,1
2025-02-16,West,W3,Quality,1
2025-02-17,North,N1,Service,1
2025-02-17,North,N1,Other,1
2025-02-17,North,N2,Property,2
2025-02-17,North,N3,Property,1
2025-02-17,Central,C1,Property,1
2025-02-17,Central,C1,Service,2
2025-02-17,Central,C2,Service,2
2025-02-17,Central,C2,Safety,1
2025-02-17,Central,C2,Quality,1
2025-02-17,Central,C2,Other,1
2025-02-17,Central,C3,Quality,1
2025-02-17,East,E1,Property,2
2025-02-17,East,E1,Safety,1
2025-02-17,East,E1,Quality,1
2025-02-17,East,E2,Property,1
2025-02-17,East,E2,Other,1
2025-02-17,East,E3,Safety,1
2025-02-17,East,E3,Quality,2
2025-02-17,East,E3,Other,1
2025-02-17,West,W1,Property,1
2025-02-17,West,W1,Service,2
2025-02-17,West,W1,Safety,1
2025-02-17,West,W1,Quality,2
2025-02-17,West,W2,Service,1
2025-02-17,West,W2,Safety,1
2025-02-17,West,W3,Service,1
2025-02-17,West,W3,Safety,1
2025-02-17,West,W3,Quality,1
2025-02-18,North,N1,Safety,1
2025-02-18,North,N2,Property,1
2025-02-18,North,N2,Service,1
2025-02-18,North,N2,Safety,2
2025-02-18,North,N3,Property,1
2025-02-18,North,N3,Service,2
2025-02-18,North,N3,Safety,1
2025-02-18,North,N3,Quality,1
2025-02-18,Central,C1,Property,3
2025-02-18,Central,C1,Service,1
2025-02-18,Central,C1,Safety,1
2025-02-18,Central,C2,Service,3
2025-02-18,Central,C2,Safety,1
2025-02-18,Central,C2,Other,1
2025-02-18,Central,C3,Quality,1
2025-02-18,East,E1,Property,1
2025-02-18,East,E1,Service,2
2025-02-18,East,E1,Safety,1
2025-02-18,East,E1,Quality,1
2025-02-18,East,E2,Property,1
2025-02-18,East,E2,Service,3
2025-02-18,East,E2,Quality,1
2025-02-18,East,E3,Property,2
2025-02-18,West,W2,Property,1
2025-02-18,West,W2,Service,1
2025-02-18,West,W2,Safety,1
2025-02-18,West,W3,Safety,2
2025-02-19,North,N1,Property,1
2025-02-19,North,N1,Service,1
2025-02-19,North,N1,Safety,1
2025-02-19,North,N2,Property,1
2025-02-19,North,N2,Service,2
2025-02-19,North,N3,Property,2
2025-02-19,North,N3,Service,1
2025-02-19,North,N3,Other,1
2025-02-19,Central,C1,Service,1
2025-02-19,Central,C2,Safety,1
2025-02-19,East,E1,Property,2
2025-02-19,East,E1,Service,1
2025-02-19,East,E1,Safety,1
2025-02-19,East,E2,Safety,2
2025-02-19,East,E3,Property,1
2025-02-19,East,E3,Safety,2
2025-02-19,West,W1,Other,1
2025-02-19,West,W2,Safety,1
2025-02-19,West,W3,Property,2
2025-02-19,West,W3,Service,1
2025-02-19,West,W3,Safety,1
2025-02-20,North,N1,Property,1
2025-02-20,North,N1,Service,2
2025-02-20,North,N1,Safety,1
2025-02-20,North,N1,Other,1
2025-02-20,North,N2,Property,1
2025-02-20,North,N2,Other,2
2025-02-20,North,N3,Other,1
2025-02-20,Central,C1,Safety,1
2025-02-20,Central,C2,Property,1
2025-02-20,Central,C2,Service,1
2025-02-20,Central,C2,Safety,1
2025-02-20,Central,C2,Quality,1
2025-02-20,Central,C3,Quality,1
2025-02-20,East,E1,Service,2
2025-02-20,East,E1,Quality,1
2025-02-20,East,E2,Property,1
2025-02-20,East,E2,Safety,1
2025-02-20,East,E3,Property,2
2025-02-20,East,E3,Other,1
2025-02-20,West,W1,Safety,1
2025-02-20,West,W1,Quality,1
2025-02-20,West,W2,Property,1
2025-02-20,West,W2,Service,1
2025-02-20,West,W2,Safety,1
2025-02-20,West,W2,Quality,1
2025-02-20,West,W3,Property,1
2025-02-20,West,W3,Safety,1
2025-02-21,North,N1,Service,1
2025-02-21,North,N1,Quality,1
2025-02-21,North,N2,Property,1
2025-02-21,North,N2,Service,1
2025-02-21,North,N3,Property,4
2025-02-21,North,N3,Safety,2
2025-02-21,Central,C1,Property,1
2025-02-21,Central,C1,Safety,1
2025-02-21,Central,C2,Service,3
2025-02-21,Central,C2,Safety,1
2025-02-21,Central,C2,Quality,1
2025-02-21,Central,C3,Property,2
2025-02-21,Central,C3,Service,1
2025-02-21,East,E1,Property,1
2025-02-21,East,E1,Quality,1
2025-02-21,East,E1,Other,1
2025-02-21,East,E2,Property,2
2025-02-21,East,E3,Safety,1
2025-02-21,West,W2,Safety,2
2025-02-21,West,W3,Property,2
2025-02-21,West,W3,Quality,2
2025-02-22,North,N1,Service,2
2025-02-22,North,N2,Property,1
2025-02-22,North,N2,Service,1
2025-02-22,North,N3,Service,1
2025-02-22,Central,C1,Property,2
2025-02-22,Central,C1,Service,3
2025-02-22,Central,C1,Other,1
2025-02-22,Central,C2,Property,1
2025-02-22,Central,C2,Service,2
2025-02-22,Central,C2,Safety,1
2025-02-22,Central,C3,Property,2
2025-02-22,East,E1,Other,1
2025-02-22,East,E2,Property,2
2025-02-22,West,W1,Safety,1
2025-02-22,West,W2,Service,1
2025-02-22,West,W2,Quality,1
2025-02-22,West,W3,Safety,1
2025-02-22,West,W3,Other,1
2025-02-23,North,N1,Other,1
2025-02-23,North,N2,Other,1
2025-02-23,North,N3,Service,1
2025-02-23,North,N3,Safety,1
2025-02-23,North,N3,Other,1
2025-02-23,Central,C1,Property,1
2025-02-23,Central,C1,Service,1
2025-02-23,Central,C1,Quality,1
2025-02-23,Central,C3,Safety,1
2025-02-23,Central,C3,Quality,2
2025-02-23,Central,C3,Other,2
2025-02-23,East,E1,Property,1
2025-02-23,East,E1,Service,1
2025-02-23,East,E1,Other,1
2025-02-23,East,E2,Quality,1
2025-02-23,East,E3,Quality,1
2025-02-23,West,W1,Property,1
2025-02-23,West,W2,Property,1
2025-02-23,West,W3,Property,1
2025-02-23,West,W3,Safety,1
2025-02-24,North,N1,Safety,2
2025-02-24,North,N2,Property,1
2025-02-24,North,N2,Service,1
2025-02-24,North,N3,Property,1
2025-02-24,Central,C1,Service,1
2025-02-24,Central,C1,Safety,1
2025-02-24,Central,C1,Quality,1
2025-02-24,Central,C2,Service,1
2025-02-24,Central,C2,Safety,1
2025-02-24,Central,C3,Property,1
2025-02-24,Central,C3,Service,2
2025-02-24,East,E1,Property,1
2025-02-24,East,E1,Safety,1
2025-02-24,East,E2,Service,1
2025-02-24,East,E3,Property,1
2025-02-24,East,E3,Service,2
2025-02-24,East,E3,Safety,1
2025-02-24,East,E3,Quality,1
2025-02-24,West,W1,Safety,1
2025-02-24,West,W2,Property,2
2025-02-24,West,W2,Quality,1
2025-02-24,West,W3,Property,1
2025-02-24,West,W3,Service,1
2025-02-25,North,N1,Property,1
2025-02-25,North,N1,Service,2
2025-02-25,North,N1,Safety,1
2025-02-25,North,N2,Service,1
2025-02-25,North,N3,Property,1
2025-02-25,North,N3,Service,1
2025-02-25,North,N3,Safety,1
2025-02-25,Central,C1,Service,1
2025-02-25,Central,C1,Quality,1
2025-02-25,Central,C2,Property,3
2025-02-25,Central,C2,Service,2
2025-02-25,Central,C2,Quality,1
2025-02-25,Central,C2,Other,1
2025-02-25,Central,C3,Service,1
2025-02-25,Central,C3,Quality,1
2025-02-25,East,E1,Property,1
2025-02-25,East,E2,Service,1
2025-02-25,East,E2,Other,1
2025-02-25,East,E3,Quality,2
2025-02-25,West,W2,Service,1
2025-02-25,West,W2,Quality,1
2025-02-25,West,W3,Property,1
2025-02-26,North,N1,Service,1
2025-02-26,North,N2,Property,2
2025-02-26,North,N3,Property,1
2025-02-26,Central,C1,Property,1
2025-02-26,Central,C1,Service,2
2025-02-26,Central,C1,Safety,1
2025-02-26,Central,C2,Property,1
2025-02-26,Central,C2,Safety,1
2025-02-26,Central,C3,Service,1
2025-02-26,Central,C3,Safety,2
2025-02-26,East,E1,Safety,1
2025-02-26,East,E1,Quality,1
2025-02-26,East,E1,Other,1
2025-02-26,East,E2,Quality,1
2025-02-26,East,E3,Property,1
2025-02-26,West,W1,Service,1
2025-02-26,West,W1,Safety,1
2025-02-26,West,W2,Other,1
2025-02-26,West,W3,Quality,1
2025-02-27,North,N1,Safety,1
2025-02-27,North,N1,Quality,1
2025-02-27,North,N1,Other,1
2025-02-27,North,N2,Service,1
2025-02-27,North,N2,Quality,1
2025-02-27,North,N3,Property,3
2025-02-27,North,N3,Other,1
2025-02-27,Central,C1,Quality,1
2025-02-27,Central,C2,Property,2
2025-02-27,Central,C2,Service,2
2025-02-27,Central,C3,Safety,1
2025-02-27,East,E1,Service,2
2025-02-27,East,E2,Property,1
2025-02-27,East,E2,Other,1
2025-02-27,East,E3,Property,1
2025-02-27,East,E3,Service,1
2025-02-27,East,E3,Safety,2
2025-02-27,East,E3,Quality,1
2025-02-27,West,W2,Service,1
2025-02-27,West,W2,Quality,2
2025-02-27,West,W3,Property,1
2025-02-27,West,W3,Safety,1
2025-02-28,North,N1,Property,2
2025-02-28,North,N2,Property,1
2025-02-28,North,N2,Service,1
2025-02-28,North,N2,Quality,1
2025-02-28,North,N2,Other,1
2025-02-28,North,N3,Property,2
2025-02-28,North,N3,Service,1
2025-02-28,North,N3,Quality,1
2025-02-28,North,N3,Other,1
2025-02-28,Central,C1,Service,1
2025-02-28,Central,C2,Property,1
2025-02-28,Central,C2,Quality,1
2025-02-28,Central,C3,Property,1
2025-02-28,Central,C3,Service,2
2025-02-28,East,E3,Safety,2
2025-02-28,West,W1,Property,1
2025-02-28,West,W3,Property,1
2025-02-28,West,W3,Safety,1
2025-03-01,North,N1,Property,3
2025-03-01,North,N2,Property,1
2025-03-01,North,N2,Service,1
2025-03-01,North,N2,Other,2
2025-03-01,North,N3,Property,4
2025-03-01,North,N3,Service,1
2025-03-01,North,N3,Safety,1
2025-03-01,North,N3,Quality,2
2025-03-01,North,N3,Other,1
2025-03-01,Central,C1,Safety,1
2025-03-01,Central,C2,Safety,2
2025-03-01,Central,C2,Other,1
2025-03-01,Central,C3,Safety,1
2025-03-01,Central,C3,Quality,1
2025-03-01,East,E1,Property,2
2025-03-01,East,E2,Service,1
2025-03-01,East,E2,Other,1
2025-03-01,East,E3,Safety,1
2025-03-01,West,W1,Service,1
2025-03-01,West,W1,Other,1
2025-03-01,West,W2,Quality,1
2025-03-01,West,W3,Property,1
2025-03-01,West,W3,Quality,1
2025-03-02,North,N1,Service,2
2025-03-02,North,N1,Quality,2
2025-03-02,North,N2,Property,3
2025-03-02,North,N2,Safety,1
2025-03-02,North,N3,Property,3
2025-03-02,North,N3,Service,2
2025-03-02,North,N3,Quality,1
2025-03-02,Central,C1,Property,2
2025-03-02,Central,C1,Service,1
2025-03-02,Central,C1,Safety,1
2025-03-02,Central,C1,Quality,1
2025-03-02,Central,C2,Service,1
2025-03-02,Central,C2,Other,1
2025-03-02,Central,C3,Service,1
2025-03-02,East,E1,Service,1
2025-03-02,East,E1,Safety,1
2025-03-02,East,E2,Property,1
2025-03-02,East,E2,Other,1
2025-03-02,East,E3,Property,1
2025-03-02,East,E3,Safety,1
2025-03-02,East,E3,Other,1
2025-03-02,West,W1,Quality,1
2025-03-02,West,W1,Other,1
2025-03-02,West,W2,Property,3
2025-03-02,West,W3,Property,1
2025-03-02,West,W3,Service,1
2025-03-02,West,W3,Safety,1
2025-03-02,West,W3,Other,1
2025-03-03,North,N1,Property,2
2025-03-03,North,N1,Service,1
2025-03-03,North,N2,Property,1
2025-03-03,North,N2,Safety,1
2025-03-03,North,N3,Safety,1
2025-03-03,North,N3,Other,1
2025-03-03,Central,C1,Property,2
2025-03-03,Central,C1,Service,1
2025-03-03,Central,C1,Safety,1
2025-03-03,Central,C1,Quality,1
2025-03-03,Central,C2,Other,1
2025-03-03,Central,C3,Quality,3
2025-03-03,East,E1,Property,1
2025-03-03,East,E1,Service,1
2025-03-03,East,E1,Quality,1
2025-03-03,East,E1,Other,1
2025-03-03,East,E3,Property,2
2025-03-03,East,E3,Quality,1
2025-03-03,West,W1,Property,1
2025-03-03,West,W1,Quality,1
2025-03-03,West,W3,Property,1
2025-03-03,West,W3,Service,1
2025-03-03,West,W3,Quality,2
2025-03-03,West,W3,Other,1
2025-03-04,North,N1,Service,2
2025-03-04,North,N1,Safety,1
2025-03-04,North,N1,Other,1
2025-03-04,North,N2,Property,1
2025-03-04,North,N2,Service,1
2025-03-04,North,N2,Safety,2
2025-03-04,North,N3,Quality,1
2025-03-04,Central,C1,Service,1
2025-03-04,Central,C1,Safety,1
2025-03-04,Central,C2,Property,1
2025-03-04,Central,C2,Service,1
2025-03-04,Central,C2,Quality,1
2025-03-04,Central,C3,Property,2
2025-03-04,Central,C3,Safety,3
2025-03-04,Central,C3,Quality,1
2025-03-04,East,E1,Property,3
2025-03-04,East,E2,Property,1
2025-03-04,East,E2,Other,1
2025-03-04,East,E3,Property,1
2025-03-04,East,E3,Quality,2
2025-03-04,West,W1,Service,1
2025-03-04,West,W1,Safety,1
2025-03-04,West,W1,Quality,1
2025-03-04,West,W2,Property,1
2025-03-04,West,W2,Safety,1
2025-03-04,West,W3,Service,1
2025-03-05,North,N1,Property,1
2025-03-05,North,N2,Safety,1
2025-03-05,North,N2,Quality,1
2025-03-05,North,N3,Service,2
2025-03-05,North,N3,Safety,1
2025-03-05,Central,C1,Property,1
2025-03-05,Central,C1,Service,1
2025-03-05,Central,C1,Safety,1
2025-03-05,Central,C2,Property,2
2025-03-05,Central,C2,Service,1
2025-03-05,Central,C3,Service,1
2025-03-05,Central,C3,Safety,2
2025-03-05,Central,C3,Quality,1
2025-03-05,East,E1,Property,1
2025-03-05,East,E1,Service,1
2025-03-05,East,E1,Quality,1
2025-03-05,East,E1,Other,1
2025-03-05,East,E2,Service,1
2025-03-05,East,E3,Property,2
2025-03-05,East,E3,Quality,1
2025-03-05,West,W1,Service,2
2025-03-05,West,W1,Safety,1
2025-03-05,West,W2,Property,1
2025-03-05,West,W2,Service,2
2025-03-05,West,W2,Quality,1
2025-03-05,West,W2,Other,1
2025-03-05,West,W3,Safety,2
2025-03-06,North,N1,Safety,3
2025-03-06,North,N1,Other,1
2025-03-06,North,N2,Service,3
2025-03-06,North,N2,Safety,2
2025-03-06,North,N2,Quality,1
2025-03-06,North,N3,Property,3
2025-03-06,North,N3,Quality,3
2025-03-06,Central,C1,Property,2
2025-03-06,Central,C1,Service,1
2025-03-06,Central,C2,Service,3
2025-03-06,Central,C3,Service,3
2025-03-06,East,E1,Property,1
2025-03-06,East,E1,Service,1
2025-03-06,East,E1,Safety,2
2025-03-06,East,E1,Quality,1
2025-03-06,East,E2,Property,3
2025-03-06,East,E2,Service,1
2025-03-06,East,E2,Other,1
2025-03-06,East,E3,Property,1
2025-03-06,East,E3,Service,1
2025-03-06,East,E3,Other,1
2025-03-06,West,W1,Property,1
2025-03-06,West,W1,Service,2
2025-03-06,West,W1,Safety,1
2025-03-06,West,W2,Property,1
2025-03-06,West,W2,Service,1
2025-03-06,West,W3,Property,2
2025-03-07,North,N1,Safety,1
2025-03-07,North,N2,Property,1
2025-03-07,North,N2,Safety,1
2025-03-07,Central,C1,Property,2
2025-03-07,Central,C1,Safety,3
2025-03-07,Central,C2,Property,2
2025-03-07,Central,C2,Service,1
2025-03-07,Central,C2,Safety,1
2025-03-07,Central,C2,Quality,1
2025-03-07,Central,C3,Service,2
2025-03-07,Central,C3,Quality,1
2025-03-07,East,E2,Property,1
2025-03-07,East,E2,Quality,2
2025-03-07,East,E3,Safety,1
2025-03-07,East,E3,Quality,1
2025-03-07,West,W1,Property,1
2025-03-07,West,W1,Service,1
2025-03-07,West,W1,Safety,1
2025-03-07,West,W1,Other,1
2025-03-07,West,W2,Service,1
2025-03-07,West,W2,Safety,1
2025-03-07,West,W3,Service,1
2025-03-08,North,N1,Property,2
2025-03-08,North,N1,Service,1
2025-03-08,North,N1,Other,1
2025-03-08,North,N2,Property,1
2025-03-08,North,N2,Service,3
2025-03-08,North,N2,Safety,1
2025-03-08,North,N3,Service,1
2025-03-08,North,N3,Quality,1
2025-03-08,Central,C1,Property,1
2025-03-08,Central,C1,Service,1
2025-03-08,Central,C2,Service,1
2025-03-08,Central,C3,Property,1
2025-03-08,Central,C3,Service,1
2025-03-08,Central,C3,Safety,1
2025-03-08,East,E1,Property,1
2025-03-08,East,E1,Service,1
2025-03-08,East,E1,Safety,1
2025-03-08,East,E1,Other,1
2025-03-08,East,E2,Safety,2
2025-03-08,East,E2,Quality,1
2025-03-08,East,E3,Property,1
2025-03-08,East,E3,Safety,1
2025-03-08,West,W1,Safety,1
2025-03-08,West,W2,Property,3
2025-03-08,West,W2,Safety,2
2025-03-08,West,W3,Property,1
2025-03-08,West,W3,Other,1
2025-03-09,North,N1,Property,3
2025-03-09,North,N1,Service,1
2025-03-09,North,N1,Other,1
2025-03-09,North,N2,Property,3
2025-03-09,North,N2,Service,3
2025-03-09,North,N2,Quality,1
2025-03-09,North,N3,Property,1
2025-03-09,North,N3,Safety,3
2025-03-09,Central,C1,Property,1
2025-03-09,Central,C1,Service,2
2025-03-09,Central,C2,Service,1
2025-03-09,Central,C2,Safety,1
2025-03-09,Central,C3,Safety,1
2025-03-09,Central,C3,Quality,1
2025-03-09,East,E1,Quality,1
2025-03-09,East,E2,Safety,1
2025-03-09,East,E3,Property,1
2025-03-09,East,E3,Service,1
2025-03-09,East,E3,Quality,1
2025-03-09,West,W1,Property,1
2025-03-09,West,W1,Safety,1
2025-03-09,West,W2,Property,1
2025-03-09,West,W2,Other,1
2025-03-09,West,W3,Safety,1
2025-03-10,North,N1,Property,2
2025-03-10,North,N1,Service,2
2025-03-10,North,N2,Safety,1
2025-03-10,North,N2,Quality,1
2025-03-10,North,N3,Property,1
2025-03-10,North,N3,Quality,1
2025-03-10,Central,C2,Service,1
2025-03-10,Central,C3,Property,1
2025-03-10,East,E1,Service,1
2025-03-10,East,E1,Safety,1
2025-03-10,East,E1,Other,1
2025-03-10,East,E2,Property,2
2025-03-10,East,E3,Safety,2
2025-03-10,West,W1,Property,2
2025-03-10,West,W1,Quality,1
2025-03-10,West,W2,Quality,2
2025-03-10,West,W3,Quality,1
2025-03-11,North,N1,Property,2
2025-03-11,North,N1,Service,1
2025-03-11,North,N1,Safety,1
2025-03-11,North,N2,Safety,1
2025-03-11,North,N2,Other,1
2025-03-11,North,N3,Property,1
2025-03-11,North,N3,Quality,1
2025-03-11,Central,C1,Service,1
2025-03-11,Central,C1,Safety,1
2025-03-11,Central,C2,Service,1
2025-03-11,Central,C3,Service,1
2025-03-11,East,E1,Quality,1
2025-03-11,East,E1,Other,1
2025-03-11,East,E2,Other,1
2025-03-11,East,E3,Property,1
2025-03-11,East,E3,Safety,1
2025-03-11,East,E3,Other,2
2025-03-11,West,W1,Service,1
2025-03-11,West,W1,Other,2
2025-03-11,West,W2,Quality,1
2025-03-11,West,W3,Property,1
2025-03-11,West,W3,Service,1
2025-03-11,West,W3,Safety,1
2025-03-12,North,N1,Service,1
2025-03-12,North,N1,Quality,1
2025-03-12,North,N2,Property,1
2025-03-12,North,N2,Service,1
2025-03-12,North,N2,Other,1
2025-03-12,North,N3,Property,2
2025-03-12,North,N3,Service,5
2025-03-12,North,N3,Safety,2
2025-03-12,North,N3,Other,1
2025-03-12,Central,C1,Property,1
2025-03-12,Central,C1,Safety,1
2025-03-12,Central,C1,Quality,1
2025-03-12,Central,C2,Property,1
2025-03-12,Central,C2,Service,2
2025-03-12,Central,C2,Safety,1
2025-03-12,Central,C2,Other,1
2025-03-12,Central,C3,Property,1
2025-03-12,Central,C3,Safety,1
2025-03-12,East,E1,Property,2
2025-03-12,East,E1,Quality,1
2025-03-12,East,E2,Property,1
2025-03-12,East,E3,Property,3
2025-03-12,East,E3,Safety,2
2025-03-12,West,W1,Property,3
2025-03-12,West,W1,Other,1
2025-03-12,West,W2,Safety,1
2025-03-12,West,W2,Other,1
2025-03-12,West,W3,Quality,1
2025-03-13,North,N1,Property,2
2025-03-13,North,N1,Quality,1
2025-03-13,North,N2,Property,2
2025-03-13,North,N2,Service,1
2025-03-13,North,N2,Safety,1
2025-03-13,North,N2,Other,1
2025-03-13,North,N3,Service,1
2025-03-13,North,N3,Other,1
2025-03-13,Central,C1,Service,1
2025-03-13,Central,C2,Property,1
2025-03-13,Central,C2,Service,2
2025-03-13,Central,C2,Safety,1
2025-03-13,Central,C2,Other,1
2025-03-13,Central,C3,Property,2
2025-03-13,Central,C3,Quality,1
2025-03-13,East,E1,Property,1
2025-03-13,East,E1,Service,1
2025-03-13,East,E3,Property,2
2025-03-13,East,E3,Quality,1
2025-03-13,West,W1,Property,3
2025-03-13,West,W1,Safety,1
2025-03-13,West,W3,Property,1
2025-03-13,West,W3,Service,1
2025-03-13,West,W3,Safety,1
2025-03-13,West,W3,Quality,1
2025-03-14,North,N1,Property,2
2025-03-14,North,N1,Service,3
2025-03-14,North,N1,Safety,2
2025-03-14,North,N2,Property,1
2025-03-14,North,N2,Quality,1
2025-03-14,North,N2,Other,1
2025-03-14,North,N3,Property,2
2025-03-14,North,N3,Service,1
2025-03-14,North,N3,Safety,1
2025-03-14,North,N3,Quality,1
2025-03-14,Central,C1,Property,1
2025-03-14,Central,C2,Property,1
2025-03-14,Central,C2,Service,2
2025-03-14,Central,C2,Quality,1
2025-03-14,Central,C3,Property,2
2025-03-14,Central,C3,Safety,1
2025-03-14,Central,C3,Other,1
2025-03-14,East,E1,Safety,1
2025-03-14,East,E2,Service,1
2025-03-14,East,E3,Service,2
2025-03-14,West,W1,Property,1
2025-03-14,West,W1,Service,2
2025-03-14,West,W1,Safety,1
2025-03-14,West,W1,Other,1
2025-03-14,West,W2,Property,1
2025-03-14,West,W2,Safety,1
2025-03-14,West,W2,Quality,1
2025-03-14,West,W3,Service,1
2025-03-14,West,W3,Safety,1
2025-03-15,North,N1,Service,1
2025-03-15,North,N1,Safety,1
2025-03-15,North,N2,Property,2
2025-03-15,North,N2,Service,1
2025-03-15,North,N3,Property,4
2025-03-15,North,N3,Service,1
2025-03-15,Central,C1,Property,3
2025-03-15,Central,C1,Service,1
2025-03-15,Central,C1,Safety,2
2025-03-15,Central,C3,Service,1
2025-03-15,Central,C3,Safety,1
2025-03-15,East,E1,Property,1
2025-03-15,East,E1,Quality,1
2025-03-15,East,E2,Property,1
2025-03-15,East,E2,Safety,1
2025-03-15,East,E3,Service,2
2025-03-15,East,E3,Quality,1
2025-03-15,West,W1,Property,2
2025-03-15,West,W1,Quality,1
2025-03-15,West,W2,Service,1
2025-03-15,West,W3,Safety,1
2025-03-15,West,W3,Other,1
2025-03-16,North,N1,Property,1
2025-03-16,North,N1,Safety,2
2025-03-16,North,N2,Property,1
2025-03-16,North,N2,Service,1
2025-03-16,North,N2,Safety,2
2025-03-16,North,N2,Other,1
2025-03-16,North,N3,Quality,1
2025-03-16,Central,C1,Property,1
2025-03-16,Central,C1,Safety,2
2025-03-16,Central,C1,Quality,1
2025-03-16,Central,C2,Property,3
2025-03-16,Central,C2,Quality,2
2025-03-16,Central,C3,Safety,1
2025-03-16,East,E1,Property,1
2025-03-16,East,E2,Property,1
2025-03-16,East,E2,Safety,1
2025-03-16,East,E3,Property,3
2025-03-16,West,W2,Property,1
2025-03-16,West,W2,Service,1
2025-03-16,West,W2,Safety,2
2025-03-16,West,W2,Quality,1
2025-03-16,West,W3,Property,1
2025-03-16,West,W3,Service,1
2025-03-17,North,N1,Service,1
2025-03-17,North,N1,Quality,1
2025-03-17,North,N2,Property,2
2025-03-17,North,N2,Safety,2
2025-03-17,North,N3,Property,2
2025-03-17,North,N3,Safety,1
2025-03-17,North,N3,Other,1
2025-03-17,Central,C1,Service,1
2025-03-17,Central,C1,Safety,1
2025-03-17,Central,C2,Property,1
2025-03-17,Central,C2,Service,1
2025-03-17,Central,C2,Quality,1
2025-03-17,Central,C3,Property,1
2025-03-17,Central,C3,Service,2
2025-03-17,Central,C3,Other,1
2025-03-17,East,E1,Property,1
2025-03-17,East,E1,Service,1
2025-03-17,East,E2,Property,1
2025-03-17,East,E2,Safety,2
2025-03-17,East,E2,Quality,1
2025-03-17,East,E2,Other,1
2025-03-17,West,W1,Property,1
2025-03-17,West,W1,Safety,2
2025-03-17,West,W2,Property,1
2025-03-17,West,W2,Safety,1
2025-03-17,West,W2,Quality,1
2025-03-17,West,W3,Service,1
2025-03-18,North,N1,Property,5
2025-03-18,North,N1,Service,1
2025-03-18,North,N2,Property,2
2025-03-18,North,N2,Service,1
2025-03-18,North,N3,Other,1
2025-03-18,Central,C1,Service,1
2025-03-18,Central,C2,Property,1
2025-03-18,Central,C2,Service,1
2025-03-18,Central,C3,Safety,1
2025-03-18,East,E1,Service,3
2025-03-18,East,E2,Property,1
2025-03-18,East,E3,Property,1
2025-03-18,East,E3,Service,2
2025-03-18,East,E3,Quality,1
2025-03-18,West,W1,Property,2
2025-03-18,West,W1,Service,1
2025-03-18,West,W1,Safety,1
2025-03-18,West,W2,Property,2
2025-03-18,West,W2,Service,1
2025-03-18,West,W2,Quality,1
2025-03-18,West,W3,Property,1
2025-03-18,West,W3,Quality,1
2025-03-18,West,W3,Other,1
2025-03-19,North,N1,Property,1
2025-03-19,North,N1,Service,1
2025-03-19,North,N1,Safety,2
2025-03-19,North,N2,Property,1
2025-03-19,North,N2,Service,1
2025-03-19,North,N2,Quality,1
2025-03-19,North,N3,Property,2
2025-03-19,North,N3,Service,1
2025-03-19,North,N3,Safety,1
2025-03-19,Central,C1,Property,1
2025-03-19,Central,C1,Service,1
2025-03-19,Central,C2,Service,1
2025-03-19,Central,C3,Property,1
2025-03-19,Central,C3,Safety,2
2025-03-19,Central,C3,Quality,1
2025-03-19,Central,C3,Other,1
2025-03-19,East,E1,Property,2
2025-03-19,East,E1,Service,1
2025-03-19,East,E1,Safety,1
2025-03-19,East,E2,Quality,1
2025-03-19,East,E2,Other,1
2025-03-19,East,E3,Property,1
2025-03-19,East,E3,Service,2
2025-03-19,East,E3,Safety,1
2025-03-19,East,E3,Other,1
2025-03-19,West,W1,Property,1
2025-03-19,West,W1,Other,1
2025-03-19,West,W2,Property,1
2025-03-19,West,W2,Service,1
2025-03-19,West,W3,Property,2
2025-03-20,North,N1,Service,2
2025-03-20,North,N2,Service,1
2025-03-20,North,N2,Safety,3
2025-03-20,North,N3,Service,2
2025-03-20,Central,C1,Property,1
2025-03-20,Central,C2,Property,1
2025-03-20,Central,C2,Service,1
2025-03-20,Central,C3,Safety,3
2025-03-20,Central,C3,Quality,1
2025-03-20,East,E1,Safety,1
2025-03-20,East,E1,Other,1
2025-03-20,East,E2,Property,4
2025-03-20,East,E2,Service,1
2025-03-20,East,E2,Safety,1
2025-03-20,East,E3,Property,1
2025-03-20,East,E3,Service,2
2025-03-20,West,W3,Safety,1
2025-03-21,North,N1,Property,2
2025-03-21,North,N1,Service,1
2025-03-21,North,N1,Safety,1
2025-03-21,North,N1,Other,2
2025-03-21,North,N2,Property,1
2025-03-21,North,N2,Safety,1
2025-03-21,North,N3,Quality,1
2025-03-21,Central,C1,Property,1
2025-03-21,Central,C1,Safety,2
2025-03-21,Central,C1,Quality,2
2025-03-21,Central,C1,Other,1
2025-03-21,Central,C2,Property,1
2025-03-21,Central,C2,Service,2
2025-03-21,Central,C2,Safety,2
2025-03-21,Central,C2,Quality,1
2025-03-21,Central,C3,Property,1
2025-03-21,Central,C3,Service,1
2025-03-21,Central,C3,Safety,1
2025-03-21,Central,C3,Quality,1
2025-03-21,East,E1,Quality,1
2025-03-21,East,E2,Safety,2
2025-03-21,East,E3,Property,1
2025-03-21,West,W1,Service,1
2025-03-21,West,W2,Property,2
2025-03-21,West,W2,Service,2
2025-03-21,West,W3,Property,2
2025-03-22,North,N1,Property,1
2025-03-22,North,N1,Service,1
2025-03-22,North,N1,Safety,1
2025-03-22,North,N1,Quality,1
2025-03-22,North,N3,Property,1
2025-03-22,North,N3,Other,1
2025-03-22,Central,C1,Other,1
2025-03-22,Central,C2,Property,1
2025-03-22,Central,C2,Service,1
2025-03-22,Central,C2,Quality,1
2025-03-22,Central,C3,Property,2
2025-03-22,Central,C3,Service,1
2025-03-22,Central,C3,Safety,1
2025-03-22,Central,C3,Quality,1
2025-03-22,East,E1,Safety,2
2025-03-22,East,E1,Quality,2
2025-03-22,East,E2,Property,1
2025-03-22,East,E2,Safety,1
2025-03-22,East,E2,Other,2
2025-03-22,East,E3,Service,1
2025-03-22,West,W1,Property,2
2025-03-22,West,W1,Quality,2
2025-03-22,West,W2,Property,1
2025-03-22,West,W2,Quality,1
2025-03-22,West,W3,Property,2
2025-03-22,West,W3,Service,2
2025-03-22,West,W3,Safety,1
2025-03-23,North,N1,Property,1
2025-03-23,North,N1,Service,1
2025-03-23,North,N2,Service,1
2025-03-23,North,N2,Quality,2
2025-03-23,North,N3,Quality,2
2025-03-23,North,N3,Other,1
2025-03-23,Central,C1,Quality,1
2025-03-23,Central,C2,Service,2
2025-03-23,Central,C2,Quality,1
2025-03-23,Central,C3,Property,1
2025-03-23,Central,C3,Safety,1
2025-03-23,East,E1,Quality,1
2025-03-23,East,E2,Service,1
2025-03-23,East,E3,Property,3
2025-03-23,East,E3,Quality,2
2025-03-23,West,W1,Property,1
2025-03-23,West,W1,Service,1
2025-03-23,West,W1,Other,1
2025-03-23,West,W2,Quality,1
2025-03-23,West,W3,Property,1
2025-03-24,North,N1,Safety,3
2025-03-24,North,N1,Other,2
2025-03-24,North,N3,Property,2
2025-03-24,North,N3,Safety,2
2025-03-24,Central,C1,Property,1
2025-03-24,Central,C1,Service,1
2025-03-24,Central,C2,Service,1
2025-03-24,Central,C2,Quality,1
2025-03-24,Central,C3,Property,3
2025-03-24,East,E1,Safety,3
2025-03-24,East,E2,Property,1
2025-03-24,East,E3,Safety,1
2025-03-24,West,W1,Property,1
2025-03-24,West,W1,Service,1
2025-03-24,West,W1,Other,2
2025-03-24,West,W2,Safety,1
2025-03-24,West,W2,Other,1
2025-03-25,North,N1,Service,1
2025-03-25,North,N1,Safety,1
2025-03-25,North,N1,Quality,1
2025-03-25,North,N1,Other,1
2025-03-25,North,N2,Quality,3
2025-03-25,North,N2,Other,1
2025-03-25,North,N3,Safety,1
2025-03-25,North,N3,Other,1
2025-03-25,Central,C1,Property,1
2025-03-25,Central,C1,Service,3
2025-03-25,Central,C1,Safety,1
2025-03-25,Central,C2,Property,2
2025-03-25,Central,C2,Service,2
2025-03-25,Central,C3,Property,1
2025-03-25,Central,C3,Quality,1
2025-03-25,East,E2,Service,1
2025-03-25,East,E2,Safety,1
2025-03-25,East,E2,Other,1
2025-03-25,East,E3,Property,2
2025-03-25,West,W1,Service,2
2025-03-25,West,W1,Other,1
2025-03-25,West,W2,Service,3
2025-03-25,West,W3,Property,1
2025-03-25,West,W3,Service,1
2025-03-25,West,W3,Safety,2
2025-03-26,North,N1,Service,2
2025-03-26,North,N2,Property,1
2025-03-26,North,N2,Service,1
2025-03-26,North,N2,Other,1
2025-03-26,North,N3,Property,1
2025-03-26,North,N3,Service,3
2025-03-26,North,N3,Safety,1
2025-03-26,North,N3,Quality,1
2025-03-26,Central,C1,Property,3
2025-03-26,Central,C1,Service,3
2025-03-26,Central,C1,Quality,2
2025-03-26,Central,C2,Property,1
2025-03-26,Central,C2,Service,1
2025-03-26,Central,C2,Safety,1
2025-03-26,Central,C2,Quality,1
2025-03-26,Central,C2,Other,1
2025-03-26,Central,C3,Quality,2
2025-03-26,Central,C3,Other,1
2025-03-26,East,E1,Property,2
2025-03-26,East,E1,Other,1
2025-03-26,East,E2,Safety,1
2025-03-26,East,E2,Quality,1
2025-03-26,East,E3,Quality,1
2025-03-26,West,W1,Property,1
2025-03-26,West,W1,Safety,1
2025-03-26,West,W1,Quality,1
2025-03-26,West,W2,Service,3
2025-03-26,West,W2,Quality,1
2025-03-26,West,W3,Property,2
2025-03-26,West,W3,Service,1
2025-03-27,North,N1,Property,5
2025-03-27,North,N1,Service,1
2025-03-27,North,N1,Safety,1
2025-03-27,North,N1,Quality,1
2025-03-27,North,N3,Property,1
2025-03-27,North,N3,Service,1
2025-03-27,North,N3,Safety,1
2025-03-27,Central,C1,Property,1
2025-03-27,Central,C1,Service,1
2025-03-27,Central,C2,Property,1
2025-03-27,Central,C3,Property,2
2025-03-27,Central,C3,Quality,1
2025-03-27,East,E1,Property,1
2025-03-27,East,E2,Property,1
2025-03-27,East,E2,Quality,1
2025-03-27,West,W1,Property,3
2025-03-27,West,W1,Safety,1
2025-03-27,West,W1,Quality,2
2025-03-27,West,W1,Other,2
2025-03-27,West,W2,Property,1
2025-03-27,West,W3,Property,1
2025-03-27,West,W3,Safety,1
2025-03-27,West,W3,Quality,1
2025-03-27,West,W3,Other,1
2025-03-28,North,N1,Quality,2
2025-03-28,North,N2,Property,1
2025-03-28,North,N2,Service,2
2025-03-28,North,N3,Property,3
2025-03-28,North,N3,Safety,1
2025-03-28,Central,C1,Property,2
2025-03-28,Central,C1,Service,1
2025-03-28,Central,C1,Other,1
2025-03-28,Central,C2,Property,1
2025-03-28,Central,C2,Service,2
2025-03-28,Central,C2,Safety,1
2025-03-28,Central,C3,Property,1
2025-03-28,Central,C3,Service,1
2025-03-28,Central,C3,Safety,1
2025-03-28,Central,C3,Quality,1
2025-03-28,East,E1,Property,1
2025-03-28,East,E1,Safety,1
2025-03-28,East,E1,Quality,1
2025-03-28,East,E1,Other,1
2025-03-28,East,E2,Property,2
2025-03-28,East,E2,Service,1
2025-03-28,East,E3,Property,1
2025-03-28,East,E3,Service,1
2025-03-28,West,W2,Property,1
2025-03-28,West,W2,Other,1
2025-03-28,West,W3,Service,2
2025-03-29,North,N1,Property,1
2025-03-29,North,N3,Service,1
2025-03-29,North,N3,Safety,2
2025-03-29,Central,C1,Property,1
2025-03-29,Central,C1,Other,1
2025-03-29,Central,C2,Property,2
2025-03-29,Central,C2,Quality,1
2025-03-29,Central,C3,Property,1
2025-03-29,Central,C3,Safety,2
2025-03-29,Central,C3,Quality,1
2025-03-29,East,E1,Property,1
2025-03-29,East,E1,Safety,1
2025-03-29,East,E1,Other,3
2025-03-29,East,E2,Service,1
2025-03-29,East,E2,Safety,1
2025-03-29,East,E2,Quality,1
2025-03-29,East,E2,Other,1
2025-03-29,East,E3,Quality,1
2025-03-29,West,W1,Safety,1
2025-03-29,West,W2,Service,1
2025-03-29,West,W2,Quality,1
2025-03-29,West,W3,Service,1
2025-03-29,West,W3,Quality,1
2025-03-30,North,N1,Property,1
2025-03-30,North,N1,Service,2
2025-03-30,North,N1,Other,1
2025-03-30,North,N2,Service,1
2025-03-30,North,N2,Quality,1
2025-03-30,North,N2,Other,1
2025-03-30,North,N3,Service,1
2025-03-30,North,N3,Other,1
2025-03-30,Central,C1,Property,3
2025-03-30,Central,C1,Safety,4
2025-03-30,Central,C1,Quality,2
2025-03-30,Central,C1,Other,1
2025-03-30,Central,C2,Property,1
2025-03-30,Central,C2,Service,1
2025-03-30,Central,C3,Service,2
2025-03-30,Central,C3,Other,1
2025-03-30,East,E1,Property,1
2025-03-30,East,E1,Service,1
2025-03-30,East,E1,Safety,2
2025-03-30,East,E2,Service,1
2025-03-30,East,E3,Service,1
2025-03-30,West,W1,Property,2
2025-03-30,West,W1,Service,1
2025-03-30,West,W2,Property,1
2025-03-30,West,W2,Quality,1
2025-03-30,West,W3,Property,1
2025-03-30,West,W3,Service,1
2025-03-30,West,W3,Safety,2
2025-03-30,West,W3,Quality,1
2025-03-31,North,N1,Property,3
2025-03-31,North,N1,Service,1
2025-03-31,North,N1,Safety,2
2025-03-31,North,N2,Property,2
2025-03-31,North,N2,Other,1
2025-03-31,North,N3,Property,1
2025-03-31,North,N3,Safety,1
2025-03-31,Central,C1,Property,2
2025-03-31,Central,C1,Service,1
2025-03-31,Central,C1,Safety,1
2025-03-31,Central,C1,Quality,2
2025-03-31,Central,C2,Other,1
2025-03-31,Central,C3,Property,1
2025-03-31,Central,C3,Service,1
2025-03-31,Central,C3,Safety,1
2025-03-31,Central,C3,Other,1
2025-03-31,East,E1,Property,1
2025-03-31,East,E1,Safety,1
2025-03-31,East,E2,Service,2
2025-03-31,East,E2,Safety,1
2025-03-31,East,E3,Property,1
2025-03-31,East,E3,Service,1
2025-03-31,East,E3,Quality,1
2025-03-31,West,W1,Property,1
2025-03-31,West,W1,Safety,1
2025-03-31,West,W1,Quality,1
2025-03-31,West,W2,Quality,1
2025-04-01,North,N1,Safety,1
2025-04-01,North,N2,Property,2
2025-04-01,North,N2,Service,2
2025-04-01,North,N3,Property,1
2025-04-01,North,N3,Quality,1
2025-04-01,North,N3,Other,1
2025-04-01,Central,C1,Service,2
2025-04-01,Central,C1,Safety,1
2025-04-01,Central,C1,Quality,1
2025-04-01,Central,C2,Property,1
2025-04-01,Central,C2,Safety,1
2025-04-01,Central,C3,Property,1
2025-04-01,Central,C3,Safety,1
2025-04-01,Central,C3,Quality,1
2025-04-01,East,E1,Property,2
2025-04-01,East,E1,Service,1
2025-04-01,East,E2,Property,1
2025-04-01,East,E2,Service,1
2025-04-01,East,E3,Property,2
2025-04-01,East,E3,Service,2
2025-04-01,East,E3,Other,1
2025-04-01,West,W1,Service,1
2025-04-01,West,W1,Safety,1
2025-04-01,West,W1,Quality,1
2025-04-01,West,W2,Property,1
2025-04-01,West,W2,Service,2
2025-04-01,West,W2,Quality,1
2025-04-01,West,W2,Other,1
2025-04-01,West,W3,Property,1
2025-04-01,West,W3,Service,1
2025-04-01,West,W3,Quality,2
2025-04-01,West,W3,Other,1
2025-04-02,North,N2,Service,2
2025-04-02,North,N2,Quality,1
2025-04-02,North,N2,Other,1
2025-04-02,North,N3,Safety,2
2025-04-02,North,N3,Quality,2
2025-04-02,North,N3,Other,1
2025-04-02,Central,C1,Property,1
2025-04-02,Central,C1,Service,2
2025-04-02,Central,C1,Other,1
2025-04-02,Central,C2,Safety,1
2025-04-02,Central,C3,Safety,1
2025-04-02,Central,C3,Other,2
2025-04-02,East,E1,Service,1
2025-04-02,East,E1,Safety,1
2025-04-02,East,E2,Property,1
2025-04-02,East,E2,Quality,1
2025-04-02,East,E3,Property,1
2025-04-02,East,E3,Service,2
2025-04-02,West,W1,Property,2
2025-04-02,West,W2,Service,2
2025-04-02,West,W2,Safety,1
2025-04-02,West,W2,Quality,1
2025-04-02,West,W3,Property,1
2025-04-02,West,W3,Service,1
2025-04-02,West,W3,Safety,1
2025-04-03,North,N1,Property,1
2025-04-03,North,N1,Service,1
2025-04-03,North,N1,Quality,1
2025-04-03,North,N2,Quality,3
2025-04-03,North,N3,Property,2
2025-04-03,North,N3,Service,1
2025-04-03,North,N3,Quality,1
2025-04-03,Central,C1,Property,2
2025-04-03,Central,C1,Service,1
2025-04-03,Central,C2,Safety,1
2025-04-03,Central,C2,Quality,1
2025-04-03,Central,C3,Property,1
2025-04-03,Central,C3,Service,1
2025-04-03,East,E1,Property,2
2025-04-03,East,E1,Safety,1
2025-04-03,East,E2,Quality,2
2025-04-03,East,E3,Service,1
2025-04-03,East,E3,Safety,2
2025-04-03,East,E3,Quality,1
2025-04-03,West,W1,Property,1
2025-04-03,West,W1,Service,1
2025-04-03,West,W1,Quality,2
2025-04-03,West,W2,Safety,1
2025-04-03,West,W2,Quality,1
2025-04-03,West,W3,Property,1
2025-04-03,West,W3,Service,1
2025-04-03,West,W3,Other,1
2025-04-04,North,N1,Property,2
2025-04-04,North,N1,Service,2
2025-04-04,North,N1,Safety,1
2025-04-04,North,N2,Property,1
2025-04-04,North,N2,Safety,1
2025-04-04,North,N2,Quality,2
2025-04-04,North,N3,Property,1
2025-04-04,North,N3,Safety,2
2025-04-04,North,N3,Other,1
2025-04-04,Central,C1,Property,2
2025-04-04,Central,C1,Service,1
2025-04-04,Central,C2,Property,1
2025-04-04,Central,C3,Property,1
2025-04-04,Central,C3,Safety,1
2025-04-04,Central,C3,Other,1
2025-04-04,East,E1,Property,3
2025-04-04,East,E1,Service,1
2025-04-04,East,E1,Quality,1
2025-04-04,East,E1,Other,1
2025-04-04,East,E2,Property,1
2025-04-04,East,E2,Service,1
2025-04-04,East,E2,Other,1
2025-04-04,East,E3,Property,1
2025-04-04,East,E3,Other,2
2025-04-04,West,W1,Property,1
2025-04-04,West,W1,Service,1
2025-04-04,West,W1,Quality,1
2025-04-04,West,W2,Service,1
2025-04-04,West,W2,Safety,1
2025-04-04,West,W2,Other,1
2025-04-04,West,W3,Property,2
2025-04-04,West,W3,Service,1
2025-04-04,West,W3,Quality,2
2025-04-05,North,N1,Property,1
2025-04-05,North,N2,Property,1
2025-04-05,North,N2,Safety,1
2025-04-05,North,N2,Quality,1
2025-04-05,North,N3,Property,2
2025-04-05,North,N3,Service,1
2025-04-05,North,N3,Safety,1
2025-04-05,North,N3,Other,1
2025-04-05,Central,C1,Service,1
2025-04-05,Central,C1,Other,1
2025-04-05,Central,C2,Property,2
2025-04-05,Central,C2,Service,2
2025-04-05,Central,C2,Safety,1
2025-04-05,Central,C3,Property,1
2025-04-05,Central,C3,Service,1
2025-04-05,Central,C3,Safety,1
2025-04-05,Central,C3,Quality,1
2025-04-05,East,E1,Safety,1
2025-04-05,East,E1,Other,1
2025-04-05,East,E2,Service,1
2025-04-05,East,E2,Safety,1
2025-04-05,East,E3,Safety,2
2025-04-05,West,W1,Quality,1
2025-04-05,West,W2,Service,1
2025-04-05,West,W2,Safety,1
2025-04-05,West,W2,Quality,1
2025-04-05,West,W3,Service,1
2025-04-05,West,W3,Other,1
2025-04-06,North,N1,Property,2
2025-04-06,North,N1,Safety,1
2025-04-06,North,N2,Service,1
2025-04-06,North,N2,Quality,1
2025-04-06,North,N3,Safety,1
2025-04-06,Central,C1,Service,2
2025-04-06,Central,C2,Property,1
2025-04-06,Central,C2,Other,2
2025-04-06,Central,C3,Property,1
2025-04-06,Central,C3,Service,1
2025-04-06,Central,C3,Safety,1
2025-04-06,Central,C3,Other,1
2025-04-06,East,E1,Service,1
2025-04-06,East,E1,Safety,1
2025-04-06,East,E1,Quality,1
2025-04-06,East,E2,Property,2
2025-04-06,East,E2,Safety,1
2025-04-06,East,E2,Other,1
2025-04-06,East,E3,Quality,1
2025-04-06,West,W3,Quality,1
2025-04-06,West,W3,Other,1
2025-04-07,North,N2,Service,1
2025-04-07,North,N2,Safety,1
2025-04-07,North,N2,Other,2
2025-04-07,Central,C1,Property,1
2025-04-07,Central,C1,Safety,1
2025-04-07,Central,C1,Quality,1
2025-04-07,Central,C2,Property,1
2025-04-07,Central,C2,Service,1
2025-04-07,Central,C2,Quality,1
2025-04-07,Central,C2,Other,1
2025-04-07,Central,C3,Property,1
2025-04-07,Central,C3,Service,2
2025-04-07,East,E2,Property,1
2025-04-07,East,E2,Safety,2
2025-04-07,East,E3,Property,3
2025-04-07,East,E3,Quality,2
2025-04-07,West,W1,Service,1
2025-04-07,West,W1,Safety,1
2025-04-07,West,W2,Service,3
2025-04-07,West,W2,Safety,1
2025-04-07,West,W3,Property,1
2025-04-08,North,N1,Service,1
2025-04-08,North,N1,Quality,2
2025-04-08,North,N1,Other,2
2025-04-08,North,N2,Property,2
2025-04-08,North,N2,Service,3
2025-04-08,North,N3,Property,3
2025-04-08,North,N3,Service,1
2025-04-08,North,N3,Safety,1
2025-04-08,Central,C1,Property,1
2025-04-08,Central,C1,Safety,1
2025-04-08,Central,C2,Other,1
2025-04-08,Central,C3,Property,2
2025-04-08,Central,C3,Service,1
2025-04-08,East,E1,Property,1
2025-04-08,East,E1,Service,2
2025-04-08,East,E2,Property,2
2025-04-08,East,E3,Property,1
2025-04-08,East,E3,Service,1
2025-04-08,East,E3,Safety,1
2025-04-08,East,E3,Other,1
2025-04-08,West,W1,Safety,2
2025-04-08,West,W2,Quality,1
2025-04-08,West,W2,Other,1
2025-04-08,West,W3,Property,1
2025-04-09,North,N1,Quality,2
2025-04-09,North,N1,Other,1
2025-04-09,North,N2,Service,1
2025-04-09,North,N3,Property,1
2025-04-09,Central,C1,Property,2
2025-04-09,Central,C1,Service,1
2025-04-09,Central,C2,Property,2
2025-04-09,Central,C2,Safety,1
2025-04-09,Central,C2,Other,3
2025-04-09,Central,C3,Safety,1
2025-04-09,East,E1,Property,2
2025-04-09,East,E1,Safety,1
2025-04-09,East,E2,Property,1
2025-04-09,East,E2,Service,1
2025-04-09,East,E2,Quality,1
2025-04-09,East,E3,Property,1
2025-04-09,East,E3,Safety,1
2025-04-09,West,W1,Property,1
2025-04-09,West,W1,Service,1
2025-04-09,West,W1,Safety,1
2025-04-09,West,W1,Quality,1
2025-04-09,West,W2,Safety,2
2025-04-09,West,W3,Property,2
2025-04-09,West,W3,Service,1
2025-04-09,West,W3,Safety,1
2025-04-09,West,W3,Other,1
2025-04-10,North,N1,Quality,2
2025-04-10,North,N1,Other,1
2025-04-10,North,N2,Property,1
2025-04-10,North,N3,Service,1
2025-04-10,Central,C1,Property,1
2025-04-10,Central,C1,Service,3
2025-04-10,Central,C1,Safety,2
2025-04-10,Central,C1,Quality,2
2025-04-10,Central,C1,Other,1
2025-04-10,Central,C2,Property,2
2025-04-10,Central,C2,Quality,1
2025-04-10,Central,C2,Other,1
2025-04-10,Central,C3,Service,2
2025-04-10,East,E1,Service,1
2025-04-10,East,E2,Property,1
2025-04-10,East,E2,Quality,2
2025-04-10,East,E2,Other,1
2025-04-10,East,E3,Property,1
2025-04-10,East,E3,Service,3
2025-04-10,East,E3,Safety,1
2025-04-10,West,W1,Property,1
2025-04-10,West,W2,Property,2
2025-04-10,West,W2,Service,1
2025-04-11,North,N1,Service,1
2025-04-11,North,N1,Quality,1
2025-04-11,North,N2,Safety,1
2025-04-11,North,N3,Property,1
2025-04-11,North,N3,Quality,1
2025-04-11,North,N3,Other,1
2025-04-11,Central,C1,Property,1
2025-04-11,Central,C1,Safety,1
2025-04-11,Central,C2,Property,1
2025-04-11,Central,C2,Safety,1
2025-04-11,Central,C2,Quality,1
2025-04-11,Central,C2,Other,2
2025-04-11,Central,C3,Property,2
2025-04-11,Central,C3,Service,1
2025-04-11,Central,C3,Safety,1
2025-04-11,Central,C3,Quality,1
2025-04-11,East,E1,Service,1
2025-04-11,East,E1,Safety,1
2025-04-11,East,E2,Property,1
2025-04-11,East,E2,Service,1
2025-04-11,East,E2,Safety,1
2025-04-11,East,E3,Other,1
2025-04-11,West,W1,Property,1
2025-04-11,West,W2,Property,2
2025-04-12,North,N1,Service,2
2025-04-12,North,N1,Quality,1
2025-04-12,North,N2,Safety,3
2025-04-12,North,N2,Other,1
2025-04-12,North,N3,Property,1
2025-04-12,Central,C1,Property,1
2025-04-12,Central,C1,Other,1
2025-04-12,Central,C2,Safety,1
2025-04-12,Central,C3,Property,2
2025-04-12,Central,C3,Other,3
2025-04-12,East,E1,Service,1
2025-04-12,East,E1,Quality,1
2025-04-12,East,E1,Other,2
2025-04-12,East,E2,Property,1
2025-04-12,East,E2,Safety,1
2025-04-12,East,E2,Quality,1
2025-04-12,East,E3,Service,1
2025-04-12,East,E3,Safety,1
2025-04-12,West,W2,Property,2
2025-04-12,West,W2,Safety,1
2025-04-12,West,W2,Quality,1
2025-04-12,West,W3,Property,1
2025-04-12,West,W3,Safety,1
2025-04-12,West,W3,Quality,1
2025-04-13,North,N1,Property,1
2025-04-13,North,N1,Service,3
2025-04-13,North,N1,Safety,2
2025-04-13,North,N2,Property,1
2025-04-13,North,N2,Safety,3
2025-04-13,North,N3,Service,1
2025-04-13,Central,C1,Property,2
2025-04-13,Central,C1,Other,1
2025-04-13,Central,C2,Service,1
2025-04-13,Central,C3,Property,1
2025-04-13,Central,C3,Service,1
2025-04-13,Central,C3,Safety,1
2025-04-13,East,E1,Property,1
2025-04-13,East,E1,Service,2
2025-04-13,East,E1,Safety,1
2025-04-13,East,E1,Quality,1
2025-04-13,East,E2,Property,1
2025-04-13,East,E3,Property,1
2025-04-13,West,W1,Property,1
2025-04-13,West,W2,Service,1
2025-04-13,West,W2,Safety,1
2025-04-13,West,W2,Other,1
2025-04-13,West,W3,Service,1
2025-04-13,West,W3,Quality,1
2025-04-14,North,N1,Property,2
2025-04-14,North,N2,Property,1
2025-04-14,North,N2,Safety,2
2025-04-14,North,N2,Quality,2
2025-04-14,North,N3,Property,2
2025-04-14,North,N3,Service,1
2025-04-14,Central,C1,Property,1
2025-04-14,Central,C1,Service,1
2025-04-14,Central,C1,Quality,2
2025-04-14,Central,C2,Property,2
2025-04-14,Central,C2,Safety,1
2025-04-14,Central,C2,Other,1
2025-04-14,Central,C3,Property,2
2025-04-14,Central,C3,Service,1
2025-04-14,Central,C3,Safety,1
2025-04-14,East,E1,Property,1
2025-04-14,East,E1,Other,2
2025-04-14,East,E2,Service,1
2025-04-14,East,E2,Safety,1
2025-04-14,East,E3,Service,1
2025-04-14,West,W1,Property,1
2025-04-14,West,W1,Other,1
2025-04-14,West,W2,Service,1
2025-04-14,West,W2,Other,1
2025-04-14,West,W3,Service,1
2025-04-15,North,N1,Service,1
2025-04-15,North,N1,Safety,1
2025-04-15,North,N2,Safety,2
2025-04-15,North,N3,Service,1
2025-04-15,Central,C1,Service,1
2025-04-15,Central,C2,Property,3
2025-04-15,Central,C2,Service,2
2025-04-15,Central,C2,Safety,2
2025-04-15,Central,C3,Property,3
2025-04-15,Central,C3,Service,3
2025-04-15,East,E1,Property,1
2025-04-15,East,E1,Service,1
2025-04-15,East,E1,Safety,1
2025-04-15,East,E2,Property,1
2025-04-15,East,E2,Service,1
2025-04-15,East,E3,Property,1
2025-04-15,East,E3,Service,2
2025-04-15,East,E3,Other,1
2025-04-15,West,W2,Service,1
2025-04-15,West,W2,Other,1
2025-04-15,West,W3,Property,1
2025-04-15,West,W3,Service,1
2025-04-15,West,W3,Safety,1
2025-04-15,West,W3,Quality,2
2025-04-16,North,N1,Property,1
2025-04-16,North,N1,Service,1
2025-04-16,North,N1,Other,1
2025-04-16,North,N2,Property,1
2025-04-16,North,N3,Property,1
2025-04-16,North,N3,Service,1
2025-04-16,Central,C1,Property,1
2025-04-16,Central,C1,Service,1
2025-04-16,Central,C1,Safety,1
2025-04-16,Central,C1,Quality,1
2025-04-16,Central,C1,Other,1
2025-04-16,Central,C2,Property,1
2025-04-16,Central,C2,Service,1
2025-04-16,Central,C2,Quality,1
2025-04-16,Central,C3,Property,3
2025-04-16,Central,C3,Service,1
2025-04-16,Central,C3,Quality,1
2025-04-16,Central,C3,Other,1
2025-04-16,East,E1,Property,1
2025-04-16,East,E1,Quality,1
2025-04-16,East,E2,Service,1
2025-04-16,East,E2,Quality,1
2025-04-16,East,E3,Property,1
2025-04-16,East,E3,Service,2
2025-04-16,West,W1,Quality,1
2025-04-16,West,W2,Property,3
2025-04-16,West,W2,Quality,1
2025-04-16,West,W2,Other,2
2025-04-16,West,W3,Service,1
2025-04-16,West,W3,Quality,1
2025-04-17,North,N1,Property,1
2025-04-17,North,N1,Service,1
2025-04-17,North,N1,Safety,1
2025-04-17,North,N2,Safety,2
2025-04-17,North,N2,Quality,1
2025-04-17,North,N2,Other,1
2025-04-17,North,N3,Service,1
2025-04-17,North,N3,Quality,1
2025-04-17,North,N3,Other,1
2025-04-17,Central,C1,Property,5
2025-04-17,Central,C1,Service,2
2025-04-17,Central,C2,Property,1
2025-04-17,Central,C2,Safety,1
2025-04-17,Central,C2,Quality,1
2025-04-17,Central,C3,Service,2
2025-04-17,East,E1,Property,1
2025-04-17,East,E2,Other,1
2025-04-17,East,E3,Safety,2
2025-04-17,East,E3,Other,1
2025-04-17,West,W1,Property,2
2025-04-17,West,W1,Other,1
2025-04-17,West,W2,Property,2
2025-04-17,West,W2,Quality,1
2025-04-17,West,W3,Property,2
2025-04-17,West,W3,Safety,1
2025-04-18,North,N1,Safety,1
2025-04-18,North,N2,Property,1
2025-04-18,North,N2,Service,2
2025-04-18,North,N2,Safety,2
2025-04-18,North,N2,Quality,2
2025-04-18,North,N3,Property,1
2025-04-18,North,N3,Service,1
2025-04-18,North,N3,Other,1
2025-04-18,Central,C1,Property,1
2025-04-18,Central,C1,Safety,1
2025-04-18,Central,C1,Quality,1
2025-04-18,Central,C2,Service,2
2025-04-18,Central,C2,Safety,1
2025-04-18,Central,C3,Property,2
2025-04-18,Central,C3,Service,1
2025-04-18,East,E1,Quality,1
2025-04-18,West,W1,Property,2
2025-04-18,West,W1,Service,2
2025-04-18,West,W1,Quality,1
2025-04-18,West,W2,Property,1
2025-04-18,West,W2,Service,1
2025-04-18,West,W3,Property,3
2025-04-18,West,W3,Other,1
2025-04-19,North,N1,Property,1
2025-04-19,North,N1,Service,1
2025-04-19,North,N1,Safety,1
2025-04-19,North,N1,Quality,1
2025-04-19,North,N2,Property,1
2025-04-19,North,N2,Service,2
2025-04-19,North,N2,Quality,1
2025-04-19,North,N3,Property,1
2025-04-19,Central,C2,Property,1
2025-04-19,Central,C2,Service,1
2025-04-19,Central,C2,Other,1
2025-04-19,Central,C3,Property,1
2025-04-19,Central,C3,Service,1
2025-04-19,Central,C3,Safety,1
2025-04-19,Central,C3,Quality,1
2025-04-19,East,E1,Safety,2
2025-04-19,East,E2,Service,1
2025-04-19,East,E2,Quality,1
2025-04-19,East,E2,Other,1
2025-04-19,East,E3,Property,2
2025-04-19,East,E3,Safety,1
2025-04-19,East,E3,Quality,1
2025-04-19,East,E3,Other,1
2025-04-19,West,W1,Property,1
2025-04-19,West,W1,Safety,1
2025-04-19,West,W2,Property,1
2025-04-19,West,W2,Safety,1
2025-04-19,West,W2,Other,1
2025-04-20,North,N1,Property,1
2025-04-20,North,N1,Service,1
2025-04-20,North,N1,Other,1
2025-04-20,North,N2,Service,1
2025-04-20,North,N2,Quality,1
2025-04-20,North,N3,Property,1
2025-04-20,North,N3,Quality,1
2025-04-20,North,N3,Other,1
2025-04-20,Central,C1,Property,2
2025-04-20,Central,C1,Safety,1
2025-04-20,Central,C1,Quality,1
2025-04-20,Central,C2,Property,2
2025-04-20,Central,C2,Service,1
2025-04-20,Central,C2,Safety,1
2025-04-20,Central,C3,Property,1
2025-04-20,Central,C3,Safety,1
2025-04-20,East,E1,Property,1
2025-04-20,East,E1,Safety,1
2025-04-20,East,E1,Quality,1
2025-04-20,East,E2,Service,2
2025-04-20,East,E3,Property,2
2025-04-20,East,E3,Service,3
2025-04-20,West,W2,Quality,1
2025-04-20,West,W3,Other,1
2025-04-21,North,N1,Service,1
2025-04-21,North,N1,Other,1
2025-04-21,North,N2,Property,2
2025-04-21,North,N2,Service,1
2025-04-21,North,N2,Other,1
2025-04-21,North,N3,Service,1
2025-04-21,North,N3,Safety,2
2025-04-21,North,N3,Quality,1
2025-04-21,Central,C1,Property,4
2025-04-21,Central,C1,Service,1
2025-04-21,Central,C1,Quality,1
2025-04-21,Central,C2,Property,1
2025-04-21,Central,C2,Safety,2
2025-04-21,Central,C3,Property,1
2025-04-21,Central,C3,Other,2
2025-04-21,East,E1,Property,1
2025-04-21,East,E1,Quality,1
2025-04-21,East,E1,Other,1
2025-04-21,East,E2,Safety,1
2025-04-21,East,E2,Quality,1
2025-04-21,East,E3,Property,1
2025-04-21,East,E3,Service,1
2025-04-21,West,W1,Property,3
2025-04-21,West,W1,Service,1
2025-04-21,West,W2,Service,1
2025-04-21,West,W2,Safety,1
2025-04-21,West,W2,Quality,1
2025-04-21,West,W3,Property,4
2025-04-21,West,W3,Quality,2
2025-04-22,North,N1,Safety,1
2025-04-22,North,N1,Other,1
2025-04-22,North,N2,Property,1
2025-04-22,North,N3,Quality,1
2025-04-22,Central,C1,Property,1
2025-04-22,Central,C1,Safety,1
2025-04-22,Central,C1,Other,1
2025-04-22,Central,C2,Quality,1
2025-04-22,Central,C3,Property,2
2025-04-22,Central,C3,Quality,1
2025-04-22,Central,C3,Other,1
2025-04-22,East,E1,Other,1
2025-04-22,East,E2,Property,1
2025-04-22,East,E3,Property,4
2025-04-22,East,E3,Quality,1
2025-04-22,West,W1,Property,1
2025-04-22,West,W1,Service,1
2025-04-22,West,W1,Safety,1
2025-04-22,West,W3,Safety,1
2025-04-23,North,N1,Service,1
2025-04-23,North,N1,Safety,1
2025-04-23,North,N1,Quality,1
2025-04-23,North,N1,Other,1
2025-04-23,North,N2,Property,1
2025-04-23,North,N2,Service,1
2025-04-23,Central,C1,Property,1
2025-04-23,Central,C1,Quality,1
2025-04-23,Central,C1,Other,1
2025-04-23,Central,C2,Property,2
2025-04-23,Central,C2,Service,1
2025-04-23,Central,C3,Property,1
2025-04-23,Central,C3,Safety,1
2025-04-23,Central,C3,Quality,1
2025-04-23,East,E2,Service,1
2025-04-23,East,E2,Other,1
2025-04-23,East,E3,Property,2
2025-04-23,East,E3,Service,1
2025-04-23,East,E3,Safety,1
2025-04-23,East,E3,Other,2
2025-04-23,West,W2,Service,1
2025-04-23,West,W2,Safety,1
2025-04-23,West,W3,Safety,1
2025-04-23,West,W3,Other,1
2025-04-24,North,N1,Property,1
2025-04-24,North,N1,Service,1
2025-04-24,North,N1,Quality,2
2025-04-24,North,N2,Service,2
2025-04-24,North,N2,Quality,1
2025-04-24,North,N3,Property,2
2025-04-24,North,N3,Service,1
2025-04-24,North,N3,Quality,1
2025-04-24,Central,C1,Service,1
2025-04-24,Central,C2,Property,3
2025-04-24,Central,C2,Service,2
2025-04-24,Central,C2,Safety,1
2025-04-24,East,E1,Property,1
2025-04-24,East,E1,Service,1
2025-04-24,East,E1,Other,1
2025-04-24,East,E2,Property,1
2025-04-24,East,E2,Service,1
2025-04-24,East,E2,Safety,1
2025-04-24,East,E2,Quality,1
2025-04-24,East,E2,Other,1
2025-04-24,East,E3,Property,1
2025-04-24,East,E3,Service,1
2025-04-24,West,W1,Service,1
2025-04-24,West,W1,Safety,1
2025-04-24,West,W1,Quality,1
2025-04-24,West,W2,Service,1
2025-04-24,West,W2,Quality,1
2025-04-24,West,W3,Property,1
2025-04-25,North,N1,Property,2
2025-04-25,North,N1,Quality,1
2025-04-25,North,N2,Property,2
2025-04-25,North,N2,Service,1
2025-04-25,North,N3,Property,2
2025-04-25,North,N3,Service,1
2025-04-25,North,N3,Other,1
2025-04-25,Central,C1,Property,1
2025-04-25,Central,C1,Service,1
2025-04-25,Central,C1,Other,1
2025-04-25,Central,C2,Property,1
2025-04-25,Central,C2,Service,1
2025-04-25,Central,C3,Property,2
2025-04-25,Central,C3,Safety,1
2025-04-25,East,E1,Service,1
2025-04-25,East,E1,Quality,1
2025-04-25,East,E2,Service,1
2025-04-25,East,E2,Other,1
2025-04-25,East,E3,Property,2
2025-04-25,East,E3,Quality,1
2025-04-25,West,W1,Service,1
2025-04-25,West,W2,Property,2
2025-04-25,West,W2,Safety,1
2025-04-25,West,W3,Property,2
2025-04-25,West,W3,Safety,1
2025-04-25,West,W3,Quality,1
2025-04-26,North,N1,Property,1
2025-04-26,North,N1,Safety,1
2025-04-26,North,N1,Quality,1
2025-04-26,North,N2,Property,1
2025-04-26,North,N2,Safety,2
2025-04-26,North,N2,Quality,1
2025-04-26,North,N3,Property,1
2025-04-26,North,N3,Safety,2
2025-04-26,North,N3,Other,1
2025-04-26,Central,C1,Property,2
2025-04-26,Central,C1,Service,1
2025-04-26,Central,C1,Safety,1
2025-04-26,Central,C2,Property,2
2025-04-26,Central,C2,Service,1
2025-04-26,Central,C2,Quality,1
2025-04-26,Central,C2,Other,1
2025-04-26,Central,C3,Property,1
2025-04-26,Central,C3,Quality,1
2025-04-26,Central,C3,Other,2
2025-04-26,East,E1,Safety,1
2025-04-26,East,E1,Quality,1
2025-04-26,East,E2,Property,1
2025-04-26,East,E2,Quality,1
2025-04-26,East,E3,Property,2
2025-04-26,East,E3,Service,2
2025-04-26,East,E3,Quality,1
2025-04-26,East,E3,Other,1
2025-04-26,West,W1,Quality,1
2025-04-26,West,W1,Other,1
2025-04-26,West,W2,Property,2
2025-04-26,West,W2,Safety,2
2025-04-26,West,W2,Other,1
2025-04-26,West,W3,Property,1
2025-04-26,West,W3,Safety,1
2025-04-26,West,W3,Quality,1
2025-04-27,North,N1,Safety,1
2025-04-27,North,N1,Quality,1
2025-04-27,North,N2,Service,1
2025-04-27,North,N3,Property,1
2025-04-27,North,N3,Service,1
2025-04-27,North,N3,Safety,1
2025-04-27,North,N3,Quality,1
2025-04-27,Central,C1,Property,1
2025-04-27,Central,C1,Other,1
2025-04-27,Central,C2,Property,3
2025-04-27,Central,C2,Quality,3
2025-04-27,Central,C3,Property,1
2025-04-27,Central,C3,Service,1
2025-04-27,Central,C3,Quality,2
2025-04-27,East,E1,Service,1
2025-04-27,East,E1,Quality,1
2025-04-27,East,E2,Property,2
2025-04-27,East,E2,Safety,2
2025-04-27,East,E2,Other,2
2025-04-27,East,E3,Service,2
2025-04-27,East,E3,Safety,2
2025-04-27,East,E3,Other,1
2025-04-27,West,W1,Service,1
2025-04-27,West,W1,Safety,1
2025-04-27,West,W2,Property,2
2025-04-27,West,W2,Quality,2
2025-04-27,West,W3,Property,1
2025-04-28,North,N1,Property,1
2025-04-28,North,N1,Service,2
2025-04-28,North,N1,Quality,1
2025-04-28,North,N2,Property,1
2025-04-28,North,N2,Service,2
2025-04-28,North,N2,Quality,2
2025-04-28,North,N2,Other,2
2025-04-28,North,N3,Safety,1
2025-04-28,Central,C1,Property,3
2025-04-28,Central,C1,Safety,1
2025-04-28,Central,C1,Other,1
2025-04-28,Central,C2,Property,2
2025-04-28,Central,C3,Service,1
2025-04-28,East,E1,Quality,3
2025-04-28,East,E1,Other,1
2025-04-28,East,E2,Property,1
2025-04-28,East,E2,Service,2
2025-04-28,East,E3,Property,1
2025-04-28,East,E3,Service,2
2025-04-28,East,E3,Safety,2
2025-04-28,East,E3,Other,1
2025-04-28,West,W2,Property,1
2025-04-28,West,W2,Service,1
2025-04-28,West,W2,Safety,2
2025-04-28,West,W3,Property,2
2025-04-28,West,W3,Quality,1
2025-04-29,North,N1,Safety,1
2025-04-29,North,N1,Other,1
2025-04-29,North,N2,Property,1
2025-04-29,North,N2,Safety,1
2025-04-29,North,N2,Other,2
2025-04-29,North,N3,Quality,2
2025-04-29,North,N3,Other,1
2025-04-29,Central,C1,Property,1
2025-04-29,Central,C1,Safety,2
2025-04-29,Central,C2,Service,1
2025-04-29,Central,C3,Property,1
2025-04-29,Central,C3,Service,1
2025-04-29,Central,C3,Safety,1
2025-04-29,Central,C3,Other,1
2025-04-29,East,E1,Safety,1
2025-04-29,East,E2,Service,1
2025-04-29,East,E3,Property,1
2025-04-29,East,E3,Safety,1
2025-04-29,West,W1,Property,1
2025-04-29,West,W1,Service,1
2025-04-29,West,W1,Safety,1
2025-04-29,West,W1,Quality,1
2025-04-29,West,W1,Other,1
2025-04-29,West,W2,Service,1
2025-04-29,West,W3,Property,2
2025-04-29,West,W3,Service,1
2025-04-29,West,W3,Safety,1
2025-04-30,North,N2,Service,2
2025-04-30,North,N2,Quality,1
2025-04-30,North,N2,Other,1
2025-04-30,North,N3,Quality,1
2025-04-30,North,N3,Other,1
2025-04-30,Central,C1,Property,2
2025-04-30,Central,C1,Service,1
2025-04-30,Central,C2,Service,1
2025-04-30,Central,C2,Safety,2
2025-04-30,Central,C2,Quality,1
2025-04-30,East,E1,Service,1
2025-04-30,East,E1,Safety,2
2025-04-30,East,E2,Property,3
2025-04-30,East,E2,Service,1
2025-04-30,East,E3,Property,1
2025-04-30,East,E3,Other,2
2025-04-30,West,W1,Service,1
2025-04-30,West,W2,Property,1
2025-04-30,West,W2,Safety,1
2025-04-30,West,W2,Quality,1
2025-04-30,West,W3,Property,4
2025-04-30,West,W3,Quality,1
2025-05-01,North,N1,Property,4
2025-05-01,North,N1,Service,1
2025-05-01,North,N1,Quality,2
2025-05-01,North,N2,Property,2
2025-05-01,North,N2,Quality,2
2025-05-01,Central,C1,Other,1
2025-05-01,Central,C2,Service,1
2025-05-01,Central,C2,Safety,2
2025-05-01,Central,C3,Property,2
2025-05-01,Central,C3,Service,1
2025-05-01,Central,C3,Safety,2
2025-05-01,Central,C3,Quality,3
2025-05-01,Central,C3,Other,1
2025-05-01,East,E1,Service,1
2025-05-01,East,E1,Safety,1
2025-05-01,East,E1,Other,1
2025-05-01,East,E2,Property,1
2025-05-01,East,E2,Safety,1
2025-05-01,East,E2,Quality,3
2025-05-01,East,E3,Service,1
2025-05-01,East,E3,Safety,1
2025-05-01,East,E3,Other,1
2025-05-01,West,W1,Property,2
2025-05-01,West,W1,Quality,2
2025-05-01,West,W2,Service,1
2025-05-01,West,W2,Safety,1
2025-05-01,West,W3,Safety,1
2025-05-02,North,N1,Safety,1
2025-05-02,North,N2,Other,1
2025-05-02,North,N3,Safety,1
2025-05-02,North,N3,Quality,1
2025-05-02,North,N3,Other,1
2025-05-02,Central,C1,Service,1
2025-05-02,Central,C1,Safety,1
2025-05-02,Central,C1,Quality,1
2025-05-02,Central,C1,Other,1
2025-05-02,Central,C2,Property,3
2025-05-02,Central,C2,Service,1
2025-05-02,Central,C2,Quality,1
2025-05-02,Central,C3,Property,1
2025-05-02,Central,C3,Service,1
2025-05-02,Central,C3,Quality,1
2025-05-02,East,E1,Property,2
2025-05-02,East,E1,Service,1
2025-05-02,East,E2,Property,1
2025-05-02,East,E2,Safety,1
2025-05-02,East,E3,Service,2
2025-05-02,East,E3,Safety,1
2025-05-02,East,E3,Quality,1
2025-05-02,West,W1,Safety,1
2025-05-02,West,W2,Property,5
2025-05-02,West,W3,Safety,1
2025-05-03,North,N1,Property,1
2025-05-03,North,N1,Quality,1
2025-05-03,North,N2,Property,2
2025-05-03,North,N2,Quality,1
2025-05-03,North,N2,Other,2
2025-05-03,North,N3,Service,2
2025-05-03,North,N3,Quality,1
2025-05-03,North,N3,Other,1
2025-05-03,Central,C1,Property,1
2025-05-03,Central,C1,Service,2
2025-05-03,Central,C2,Property,1
2025-05-03,Central,C2,Safety,1
2025-05-03,Central,C3,Property,1
2025-05-03,Central,C3,Service,1
2025-05-03,Central,C3,Safety,1
2025-05-03,East,E1,Safety,1
2025-05-03,East,E2,Other,1
2025-05-03,East,E3,Property,1
2025-05-03,West,W1,Property,1
2025-05-03,West,W1,Safety,1
2025-05-03,West,W3,Property,2
2025-05-03,West,W3,Service,1
2025-05-03,West,W3,Safety,1
2025-05-04,North,N1,Property,2
2025-05-04,North,N1,Service,1
2025-05-04,North,N1,Quality,1
2025-05-04,North,N3,Property,1
2025-05-04,Central,C1,Other,1
2025-05-04,Central,C3,Other,1
2025-05-04,East,E3,Property,1
2025-05-04,East,E3,Service,2
2025-05-04,East,E3,Quality,1
2025-05-04,West,W1,Property,1
2025-05-04,West,W1,Service,2
2025-05-04,West,W1,Safety,1
2025-05-04,West,W1,Other,3
2025-05-04,West,W2,Property,1
2025-05-04,West,W2,Service,1
2025-05-04,West,W3,Property,1
2025-05-05,North,N1,Property,1
2025-05-05,North,N1,Other,1
2025-05-05,North,N2,Service,1
2025-05-05,North,N2,Safety,2
2025-05-05,North,N2,Quality,1
2025-05-05,Central,C1,Service,1
2025-05-05,Central,C2,Property,1
2025-05-05,Central,C2,Quality,1
2025-05-05,East,E1,Property,1
2025-05-05,East,E1,Safety,1
2025-05-05,East,E1,Quality,1
2025-05-05,East,E2,Property,1
2025-05-05,East,E2,Service,1
2025-05-05,East,E2,Safety,1
2025-05-05,East,E3,Property,1
2025-05-05,East,E3,Safety,1
2025-05-05,West,W1,Property,1
2025-05-05,West,W2,Service,1
2025-05-05,West,W3,Property,1
2025-05-05,West,W3,Service,2
2025-05-05,West,W3,Safety,1
2025-05-05,West,W3,Quality,2
2025-05-06,North,N1,Service,1
2025-05-06,North,N1,Safety,1
2025-05-06,North,N2,Safety,1
2025-05-06,North,N2,Quality,2
2025-05-06,North,N3,Property,3
2025-05-06,North,N3,Service,1
2025-05-06,North,N3,Quality,1
2025-05-06,Central,C1,Service,1
2025-05-06,Central,C1,Quality,1
2025-05-06,Central,C2,Property,1
2025-05-06,Central,C2,Safety,2
2025-05-06,Central,C3,Quality,1
2025-05-06,East,E1,Property,1
2025-05-06,East,E1,Service,1
2025-05-06,East,E1,Quality,1
2025-05-06,East,E2,Service,1
2025-05-06,East,E3,Service,2
2025-05-06,East,E3,Quality,1
2025-05-06,West,W2,Service,2
2025-05-06,West,W2,Safety,1
2025-05-06,West,W3,Safety,2
2025-05-06,West,W3,Quality,1
2025-05-07,North,N1,Safety,1
2025-05-07,North,N1,Other,1
2025-05-07,North,N3,Property,1
2025-05-07,North,N3,Quality,1
2025-05-07,Central,C1,Property,2
2025-05-07,Central,C1,Quality,1
2025-05-07,Central,C2,Property,1
2025-05-07,Central,C2,Safety,1
2025-05-07,Central,C2,Quality,2
2025-05-07,Central,C2,Other,1
2025-05-07,Central,C3,Property,1
2025-05-07,Central,C3,Quality,1
2025-05-07,East,E1,Property,1
2025-05-07,East,E1,Service,2
2025-05-07,East,E1,Other,1
2025-05-07,East,E2,Property,1
2025-05-07,East,E3,Property,2
2025-05-07,East,E3,Service,1
2025-05-07,East,E3,Quality,2
2025-05-07,East,E3,Other,1
2025-05-07,West,W2,Property,1
2025-05-07,West,W2,Service,1
2025-05-07,West,W2,Safety,1
2025-05-07,West,W2,Quality,2
2025-05-07,West,W3,Service,1
2025-05-07,West,W3,Quality,1
2025-05-08,North,N1,Property,3
2025-05-08,North,N2,Property,2
2025-05-08,North,N3,Service,1
2025-05-08,North,N3,Quality,1
2025-05-08,Central,C1,Property,1
2025-05-08,Central,C2,Service,2
2025-05-08,Central,C3,Service,1
2025-05-08,Central,C3,Quality,1
2025-05-08,East,E1,Service,1
2025-05-08,East,E1,Safety,1
2025-05-08,East,E2,Quality,1
2025-05-08,East,E2,Other,2
2025-05-08,East,E3,Safety,1
2025-05-08,West,W1,Safety,1
2025-05-08,West,W2,Property,1
2025-05-08,West,W2,Service,1
2025-05-08,West,W2,Safety,1
2025-05-08,West,W2,Quality,2
2025-05-08,West,W3,Service,1
2025-05-08,West,W3,Safety,2
2025-05-09,North,N1,Property,1
2025-05-09,North,N1,Service,1
2025-05-09,North,N1,Other,1
2025-05-09,North,N2,Quality,3
2025-05-09,North,N3,Service,1
2025-05-09,North,N3,Quality,1
2025-05-09,Central,C1,Service,2
2025-05-09,Central,C1,Safety,2
2025-05-09,Central,C1,Quality,1
2025-05-09,Central,C3,Property,1
2025-05-09,Central,C3,Other,2
2025-05-09,East,E1,Property,1
2025-05-09,East,E1,Service,1
2025-05-09,East,E2,Quality,1
2025-05-09,East,E3,Property,1
2025-05-09,East,E3,Service,1
2025-05-09,East,E3,Safety,3
2025-05-09,West,W1,Property,1
2025-05-09,West,W1,Service,1
2025-05-09,West,W1,Quality,1
2025-05-09,West,W2,Service,2
2025-05-09,West,W2,Safety,1
2025-05-09,West,W3,Property,1
2025-05-10,North,N1,Safety,1
2025-05-10,North,N1,Other,1
2025-05-10,Central,C1,Property,1
2025-05-10,Central,C1,Service,1
2025-05-10,Central,C1,Safety,1
2025-05-10,Central,C2,Service,1
2025-05-10,Central,C2,Safety,1
2025-05-10,Central,C2,Quality,1
2025-05-10,Central,C3,Property,1
2025-05-10,Central,C3,Other,1
2025-05-10,East,E1,Property,2
2025-05-10,East,E1,Service,1
2025-05-10,East,E1,Other,2
2025-05-10,East,E2,Property,2
2025-05-10,East,E2,Service,1
2025-05-10,East,E3,Property,1
2025-05-10,East,E3,Service,1
2025-05-10,East,E3,Safety,1
2025-05-10,West,W2,Safety,1
2025-05-10,West,W2,Quality,1
2025-05-10,West,W3,Property,2
2025-05-10,West,W3,Other,1
2025-05-11,North,N2,Property,1
2025-05-11,North,N3,Property,3
2025-05-11,North,N3,Service,1
2025-05-11,North,N3,Safety,1
2025-05-11,North,N3,Quality,1
2025-05-11,Central,C1,Service,1
2025-05-11,Central,C2,Property,1
2025-05-11,Central,C2,Safety,1
2025-05-11,Central,C2,Quality,1
2025-05-11,Central,C2,Other,1
2025-05-11,Central,C3,Service,1
2025-05-11,Central,C3,Safety,1
2025-05-11,East,E1,Property,1
2025-05-11,East,E2,Service,1
2025-05-11,East,E3,Service,1
2025-05-11,East,E3,Safety,1
2025-05-11,East,E3,Other,2
2025-05-11,West,W1,Service,3
2025-05-11,West,W1,Safety,1
2025-05-11,West,W1,Quality,1
2025-05-11,West,W2,Property,1
2025-05-11,West,W2,Quality,1
2025-05-11,West,W2,Other,1
2025-05-11,West,W3,Property,1
2025-05-11,West,W3,Service,1
2025-05-11,West,W3,Safety,1
2025-05-11,West,W3,Quality,1
2025-05-12,North,N1,Property,1
2025-05-12,North,N2,Other,1
2025-05-12,North,N3,Service,3
2025-05-12,North,N3,Quality,1
2025-05-12,Central,C1,Service,1
2025-05-12,Central,C1,Other,1
2025-05-12,Central,C2,Property,1
2025-05-12,Central,C2,Service,1
2025-05-12,Central,C2,Safety,1
2025-05-12,Central,C3,Quality,1
2025-05-12,East,E2,Service,3
2025-05-12,East,E2,Safety,1
2025-05-12,East,E2,Other,1
2025-05-12,East,E3,Service,1
2025-05-12,West,W1,Property,1
2025-05-12,West,W1,Quality,2
2025-05-12,West,W1,Other,1
2025-05-12,West,W2,Property,1
2025-05-12,West,W2,Quality,2
2025-05-13,North,N1,Property,2
2025-05-13,North,N2,Property,1
2025-05-13,North,N2,Safety,1
2025-05-13,North,N3,Property,1
2025-05-13,North,N3,Service,2
2025-05-13,North,N3,Quality,1
2025-05-13,Central,C1,Property,1
2025-05-13,Central,C1,Service,1
2025-05-13,Central,C1,Other,1
2025-05-13,Central,C2,Service,1
2025-05-13,Central,C2,Other,1
2025-05-13,Central,C3,Property,1
2025-05-13,Central,C3,Quality,1
2025-05-13,East,E1,Property,1
2025-05-13,East,E1,Other,1
2025-05-13,East,E2,Property,1
2025-05-13,East,E2,Safety,2
2025-05-13,East,E2,Other,1
2025-05-13,East,E3,Property,1
2025-05-13,East,E3,Safety,1
2025-05-13,West,W2,Property,2
2025-05-13,West,W3,Property,1
2025-05-14,North,N1,Service,1
2025-05-14,North,N1,Safety,1
2025-05-14,North,N2,Quality,1
2025-05-14,North,N2,Other,3
2025-05-14,North,N3,Property,1
2025-05-14,North,N3,Service,1
2025-05-14,North,N3,Other,1
2025-05-14,Central,C1,Property,1
2025-05-14,Central,C1,Service,2
2025-05-14,Central,C1,Quality,1
2025-05-14,Central,C2,Quality,1
2025-05-14,Central,C3,Service,2
2025-05-14,Central,C3,Safety,1
2025-05-14,Central,C3,Quality,1
2025-05-14,East,E1,Property,1
2025-05-14,East,E1,Service,1
2025-05-14,East,E1,Safety,1
2025-05-14,East,E2,Property,1
2025-05-14,East,E2,Service,1
2025-05-14,East,E2,Safety,1
2025-05-14,East,E2,Other,1
2025-05-14,East,E3,Service,1
2025-05-14,East,E3,Other,1
2025-05-14,West,W1,Property,1
2025-05-14,West,W2,Service,1
2025-05-15,North,N1,Property,2
2025-05-15,North,N1,Service,1
2025-05-15,North,N1,Safety,1
2025-05-15,North,N2,Service,1
2025-05-15,North,N2,Safety,2
2025-05-15,North,N3,Service,2
2025-05-15,North,N3,Quality,1
2025-05-15,Central,C1,Quality,1
2025-05-15,Central,C2,Property,1
2025-05-15,Central,C2,Safety,3
2025-05-15,Central,C2,Quality,2
2025-05-15,Central,C3,Property,2
2025-05-15,Central,C3,Service,1
2025-05-15,Central,C3,Safety,1
2025-05-15,East,E1,Service,1
2025-05-15,East,E1,Quality,1
2025-05-15,East,E2,Service,1
2025-05-15,East,E3,Property,1
2025-05-15,West,W1,Property,1
2025-05-15,West,W1,Quality,1
2025-05-15,West,W1,Other,1
2025-05-15,West,W2,Property,1
2025-05-15,West,W2,Safety,2
2025-05-15,West,W3,Property,1
2025-05-15,West,W3,Service,1
2025-05-15,West,W3,Safety,1
2025-05-16,North,N1,Property,3
2025-05-16,North,N2,Property,1
2025-05-16,North,N2,Service,1
2025-05-16,North,N2,Quality,1
2025-05-16,North,N3,Property,2
2025-05-16,North,N3,Safety,1
2025-05-16,North,N3,Quality,1
2025-05-16,Central,C1,Property,1
2025-05-16,Central,C2,Service,1
2025-05-16,Central,C3,Property,2
2025-05-16,East,E1,Property,1
2025-05-16,East,E1,Safety,1
2025-05-16,East,E1,Quality,2
2025-05-16,East,E2,Service,1
2025-05-16,East,E2,Safety,1
2025-05-16,East,E3,Safety,1
2025-05-16,East,E3,Quality,2
2025-05-16,West,W1,Service,2
2025-05-16,West,W1,Safety,1
2025-05-16,West,W2,Property,1
2025-05-16,West,W3,Service,2
2025-05-16,West,W3,Safety,1
2025-05-16,West,W3,Quality,1
2025-05-17,North,N1,Safety,1
2025-05-17,North,N1,Quality,1
2025-05-17,North,N2,Property,1
2025-05-17,North,N3,Service,1
2025-05-17,North,N3,Safety,1
2025-05-17,North,N3,Other,1
2025-05-17,Central,C1,Property,1
2025-05-17,Central,C1,Service,1
2025-05-17,Central,C1,Safety,1
2025-05-17,Central,C1,Quality,2
2025-05-17,Central,C1,Other,2
2025-05-17,Central,C2,Property,1
2025-05-17,Central,C3,Safety,3
2025-05-17,Central,C3,Other,1
2025-05-17,East,E1,Property,2
2025-05-17,East,E2,Property,2
2025-05-17,East,E3,Property,2
2025-05-17,East,E3,Safety,1
2025-05-17,East,E3,Quality,1
2025-05-17,East,E3,Other,1
2025-05-17,West,W1,Service,1
2025-05-17,West,W1,Safety,1
2025-05-17,West,W2,Property,2
2025-05-18,North,N1,Property,1
2025-05-18,North,N1,Service,1
2025-05-18,North,N1,Safety,1
2025-05-18,North,N1,Other,1
2025-05-18,North,N2,Property,1
2025-05-18,North,N2,Safety,1
2025-05-18,North,N3,Property,1
2025-05-18,North,N3,Service,2
2025-05-18,Central,C1,Property,1
2025-05-18,Central,C1,Safety,1
2025-05-18,Central,C2,Property,2
2025-05-18,Central,C3,Property,1
2025-05-18,Central,C3,Service,1
2025-05-18,East,E1,Property,2
2025-05-18,East,E1,Service,1
2025-05-18,East,E1,Safety,1
2025-05-18,East,E3,Property,1
2025-05-18,East,E3,Safety,1
2025-05-18,West,W1,Quality,1
2025-05-18,West,W3,Service,1
2025-05-19,North,N1,Quality,2
2025-05-19,North,N2,Safety,1
2025-05-19,North,N2,Quality,1
2025-05-19,North,N3,Service,1
2025-05-19,North,N3,Quality,1
2025-05-19,Central,C1,Safety,1
2025-05-19,Central,C1,Quality,1
2025-05-19,Central,C2,Property,1
2025-05-19,Central,C2,Service,1
2025-05-19,Central,C2,Safety,2
2025-05-19,Central,C2,Quality,1
2025-05-19,Central,C2,Other,1
2025-05-19,Central,C3,Property,1
2025-05-19,Central,C3,Service,3
2025-05-19,Central,C3,Quality,1
2025-05-19,Central,C3,Other,1
2025-05-19,East,E1,Property,2
2025-05-19,East,E1,Safety,1
2025-05-19,East,E1,Quality,1
2025-05-19,East,E2,Service,2
2025-05-19,East,E2,Safety,1
2025-05-19,East,E2,Quality,1
2025-05-19,East,E3,Safety,1
2025-05-19,East,E3,Quality,2
2025-05-19,West,W1,Property,1
2025-05-19,West,W1,Service,1
2025-05-19,West,W2,Quality,1
2025-05-19,West,W3,Quality,1
2025-05-20,North,N1,Quality,2
2025-05-20,North,N1,Other,1
2025-05-20,North,N2,Property,1
2025-05-20,North,N3,Service,1
2025-05-20,North,N3,Safety,1
2025-05-20,Central,C1,Safety,1
2025-05-20,Central,C1,Other,1
2025-05-20,Central,C2,Other,1
2025-05-20,Central,C3,Service,1
2025-05-20,Central,C3,Safety,1
2025-05-20,East,E1,Property,2
2025-05-20,East,E1,Service,1
2025-05-20,East,E1,Quality,1
2025-05-20,East,E2,Service,1
2025-05-20,East,E3,Property,1
2025-05-20,East,E3,Service,1
2025-05-20,West,W1,Property,1
2025-05-20,West,W2,Property,1
2025-05-20,West,W2,Safety,1
2025-05-20,West,W3,Property,1
2025-05-20,West,W3,Safety,3
2025-05-20,West,W3,Quality,1
2025-05-21,North,N1,Property,1
2025-05-21,North,N1,Safety,1
2025-05-21,North,N1,Other,1
2025-05-21,North,N2,Safety,1
2025-05-21,North,N3,Property,2
2025-05-21,North,N3,Other,1
2025-05-21,Central,C1,Property,1
2025-05-21,Central,C2,Property,1
2025-05-21,Central,C2,Service,1
2025-05-21,Central,C2,Safety,1
2025-05-21,Central,C3,Quality,1
2025-05-21,Central,C3,Other,1
2025-05-21,East,E1,Property,1
2025-05-21,East,E1,Safety,1
2025-05-21,East,E1,Quality,1
2025-05-21,East,E3,Property,1
2025-05-21,East,E3,Safety,1
2025-05-21,West,W1,Service,1
2025-05-21,West,W1,Safety,3
2025-05-21,West,W1,Quality,1
2025-05-21,West,W2,Quality,2
2025-05-22,North,N1,Property,2
2025-05-22,North,N1,Service,1
2025-05-22,North,N2,Quality,1
2025-05-22,North,N3,Property,2
2025-05-22,North,N3,Service,1
2025-05-22,Central,C1,Property,1
2025-05-22,Central,C1,Service,1
2025-05-22,Central,C1,Safety,1
2025-05-22,Central,C1,Other,1
2025-05-22,Central,C2,Safety,1
2025-05-22,Central,C2,Other,1
2025-05-22,Central,C3,Service,2
2025-05-22,Central,C3,Safety,1
2025-05-22,Central,C3,Other,1
2025-05-22,East,E1,Service,1
2025-05-22,East,E1,Quality,1
2025-05-22,East,E2,Safety,1
2025-05-22,East,E2,Quality,2
2025-05-22,East,E3,Service,1
2025-05-22,East,E3,Safety,1
2025-05-22,West,W1,Property,1
2025-05-22,West,W1,Quality,1
2025-05-22,West,W2,Property,3
2025-05-22,West,W2,Service,2
2025-05-22,West,W3,Safety,1
2025-05-22,West,W3,Quality,1
2025-05-22,West,W3,Other,1
2025-05-23,North,N1,Property,1
2025-05-23,North,N1,Service,1
2025-05-23,North,N1,Quality,1
2025-05-23,North,N2,Safety,1
2025-05-23,North,N3,Property,2
2025-05-23,North,N3,Quality,1
2025-05-23,Central,C1,Property,1
2025-05-23,Central,C1,Service,1
2025-05-23,Central,C2,Service,1
2025-05-23,Central,C3,Property,1
2025-05-23,Central,C3,Quality,2
2025-05-23,East,E1,Property,2
2025-05-23,East,E1,Service,1
2025-05-23,East,E2,Safety,2
2025-05-23,East,E3,Property,1
2025-05-23,East,E3,Service,1
2025-05-23,East,E3,Quality,1
2025-05-23,West,W1,Property,2
2025-05-23,West,W1,Service,1
2025-05-23,West,W2,Service,1
2025-05-23,West,W2,Safety,1
2025-05-23,West,W2,Quality,1
2025-05-23,West,W3,Property,2
2025-05-24,North,N1,Property,1
2025-05-24,North,N1,Safety,2
2025-05-24,North,N2,Property,1
2025-05-24,North,N2,Quality,1
2025-05-24,Central,C2,Safety,2
2025-05-24,Central,C2,Other,2
2025-05-24,Central,C3,Service,3
2025-05-24,Central,C3,Safety,2
2025-05-24,Central,C3,Other,1
2025-05-24,East,E2,Quality,1
2025-05-24,East,E2,Other,1
2025-05-24,East,E3,Service,2
2025-05-24,East,E3,Safety,1
2025-05-24,West,W1,Safety,1
2025-05-24,West,W1,Quality,1
2025-05-24,West,W1,Other,1
2025-05-24,West,W3,Safety,2
2025-05-25,North,N1,Property,1
2025-05-25,North,N1,Other,1
2025-05-25,North,N2,Quality,1
2025-05-25,North,N2,Other,1
2025-05-25,North,N3,Service,1
2025-05-25,Central,C1,Safety,1
2025-05-25,Central,C1,Quality,1
2025-05-25,Central,C2,Service,1
2025-05-25,Central,C2,Safety,2
2025-05-25,Central,C3,Property,1
2025-05-25,Central,C3,Service,2
2025-05-25,Central,C3,Other,1
2025-05-25,East,E1,Safety,1
2025-05-25,East,E2,Property,1
2025-05-25,East,E2,Safety,1
2025-05-25,East,E3,Property,2
2025-05-25,East,E3,Service,2
2025-05-25,East,E3,Other,1
2025-05-25,West,W1,Safety,1
2025-05-25,West,W2,Other,1
2025-05-25,West,W3,Property,1
2025-05-26,North,N1,Service,1
2025-05-26,North,N1,Safety,1
2025-05-26,North,N2,Other,1
2025-05-26,North,N3,Property,1
2025-05-26,North,N3,Other,1
2025-05-26,Central,C1,Safety,1
2025-05-26,Central,C2,Quality,1
2025-05-26,Central,C2,Other,1
2025-05-26,Central,C3,Quality,1
2025-05-26,Central,C3,Other,1
2025-05-26,East,E1,Property,1
2025-05-26,East,E1,Safety,1
2025-05-26,East,E2,Service,1
2025-05-26,East,E2,Quality,1
2025-05-26,East,E3,Property,1
2025-05-26,East,E3,Service,1
2025-05-26,West,W1,Quality,1
2025-05-26,West,W2,Property,2
2025-05-26,West,W2,Service,1
2025-05-26,West,W2,Safety,1
2025-05-26,West,W3,Property,1
2025-05-26,West,W3,Safety,1
2025-05-26,West,W3,Quality,1
2025-05-27,North,N2,Safety,1
2025-05-27,North,N2,Other,1
2025-05-27,North,N3,Property,2
2025-05-27,North,N3,Service,1
2025-05-27,Central,C1,Property,1
2025-05-27,Central,C1,Service,4
2025-05-27,Central,C1,Safety,2
2025-05-27,Central,C1,Quality,1
2025-05-27,Central,C3,Property,4
2025-05-27,Central,C3,Safety,1
2025-05-27,East,E1,Property,1
2025-05-27,East,E1,Safety,1
2025-05-27,East,E2,Service,1
2025-05-27,East,E2,Other,2
2025-05-27,East,E3,Property,2
2025-05-27,West,W2,Property,2
2025-05-27,West,W3,Service,2
2025-05-27,West,W3,Quality,1
2025-05-27,West,W3,Other,1
2025-05-28,North,N1,Property,2
2025-05-28,North,N2,Quality,1
2025-05-28,North,N3,Safety,1
2025-05-28,Central,C1,Service,3
2025-05-28,Central,C1,Safety,2
2025-05-28,Central,C2,Safety,1
2025-05-28,Central,C2,Other,1
2025-05-28,Central,C3,Property,4
2025-05-28,Central,C3,Safety,1
2025-05-28,East,E3,Service,1
2025-05-28,East,E3,Safety,1
2025-05-28,West,W1,Property,1
2025-05-28,West,W1,Other,2
2025-05-28,West,W2,Safety,1
2025-05-28,West,W2,Other,2
2025-05-28,West,W3,Service,1
2025-05-29,North,N1,Safety,1
2025-05-29,North,N1,Other,1
2025-05-29,North,N2,Service,1
2025-05-29,North,N2,Safety,1
2025-05-29,Central,C1,Property,2
2025-05-29,Central,C2,Property,1
2025-05-29,Central,C2,Safety,1
2025-05-29,Central,C3,Property,1
2025-05-29,East,E1,Property,1
2025-05-29,East,E1,Service,1
2025-05-29,East,E2,Service,1
2025-05-29,East,E2,Other,1
2025-05-29,East,E3,Property,2
2025-05-29,East,E3,Service,1
2025-05-29,West,W1,Property,2
2025-05-29,West,W2,Service,1
2025-05-29,West,W2,Safety,1
2025-05-29,West,W3,Safety,1
2025-05-30,North,N1,Property,1
2025-05-30,North,N1,Service,1
2025-05-30,North,N2,Property,1
2025-05-30,North,N2,Service,1
2025-05-30,North,N2,Safety,1
2025-05-30,North,N2,Other,1
2025-05-30,North,N3,Property,1
2025-05-30,North,N3,Service,1
2025-05-30,North,N3,Safety,1
2025-05-30,North,N3,Quality,1
2025-05-30,Central,C1,Service,2
2025-05-30,Central,C2,Property,1
2025-05-30,Central,C2,Service,2
2025-05-30,Central,C2,Quality,2
2025-05-30,Central,C3,Service,1
2025-05-30,Central,C3,Safety,1
2025-05-30,East,E1,Service,1
2025-05-30,East,E1,Quality,1
2025-05-30,East,E2,Property,1
2025-05-30,East,E2,Service,2
2025-05-30,East,E3,Property,1
2025-05-30,East,E3,Service,1
2025-05-30,East,E3,Safety,1
2025-05-30,West,W1,Property,1
2025-05-30,West,W1,Safety,1
2025-05-30,West,W1,Other,1
2025-05-30,West,W2,Property,1
2025-05-30,West,W3,Property,1
2025-05-30,West,W3,Service,1
2025-05-30,West,W3,Quality,1
2025-05-31,North,N1,Property,2
2025-05-31,North,N1,Safety,1
2025-05-31,North,N1,Quality,1
2025-05-31,North,N2,Property,2
2025-05-31,North,N2,Service,1
2025-05-31,North,N2,Quality,1
2025-05-31,North,N3,Property,2
2025-05-31,North,N3,Service,1
2025-05-31,North,N3,Other,1
2025-05-31,Central,C1,Service,1
2025-05-31,Central,C1,Other,1
2025-05-31,Central,C2,Property,1
2025-05-31,Central,C2,Safety,1
2025-05-31,Central,C3,Safety,1
2025-05-31,East,E1,Property,1
2025-05-31,East,E1,Service,1
2025-05-31,East,E1,Safety,1
2025-05-31,East,E1,Other,1
2025-05-31,East,E2,Property,3
2025-05-31,East,E2,Quality,1
2025-05-31,East,E3,Property,1
2025-05-31,West,W2,Safety,1
2025-06-01,North,N1,Property,1
2025-06-01,North,N1,Other,1
2025-06-01,North,N2,Property,1
2025-06-01,North,N2,Other,1
2025-06-01,North,N3,Property,1
2025-06-01,North,N3,Service,1
2025-06-01,North,N3,Safety,1
2025-06-01,Central,C1,Property,4
2025-06-01,Central,C1,Service,1
2025-06-01,Central,C1,Safety,2
2025-06-01,Central,C1,Other,1
2025-06-01,Central,C2,Property,1
2025-06-01,Central,C2,Safety,2
2025-06-01,Central,C3,Property,1
2025-06-01,Central,C3,Service,2
2025-06-01,East,E1,Property,1
2025-06-01,East,E1,Quality,2
2025-06-01,East,E3,Property,1
2025-06-01,East,E3,Service,1
2025-06-01,East,E3,Other,1
2025-06-01,West,W1,Property,1
2025-06-01,West,W1,Service,1
2025-06-01,West,W1,Quality,1
2025-06-01,West,W2,Service,2
2025-06-01,West,W2,Safety,1
2025-06-01,West,W3,Service,1
2025-06-01,West,W3,Safety,1
2025-06-02,North,N1,Property,1
2025-06-02,North,N2,Property,1
2025-06-02,North,N2,Service,1
2025-06-02,North,N3,Property,2
2025-06-02,North,N3,Service,1
2025-06-02,North,N3,Safety,1
2025-06-02,North,N3,Quality,1
2025-06-02,North,N3,Other,1
2025-06-02,Central,C1,Property,3
2025-06-02,Central,C1,Service,1
2025-06-02,Central,C1,Safety,1
2025-06-02,Central,C1,Quality,1
2025-06-02,Central,C2,Quality,1
2025-06-02,Central,C2,Other,1
2025-06-02,East,E1,Property,1
2025-06-02,East,E1,Service,1
2025-06-02,East,E1,Safety,1
2025-06-02,East,E1,Quality,1
2025-06-02,East,E3,Property,1
2025-06-02,East,E3,Safety,1
2025-06-02,East,E3,Quality,1
2025-06-02,West,W1,Quality,1
2025-06-02,West,W1,Other,1
2025-06-02,West,W2,Service,2
2025-06-02,West,W3,Property,1
2025-06-02,West,W3,Service,1
2025-06-03,North,N1,Property,3
2025-06-03,North,N1,Safety,3
2025-06-03,North,N1,Other,1
2025-06-03,North,N3,Property,1
2025-06-03,North,N3,Safety,1
2025-06-03,Central,C1,Service,1
2025-06-03,Central,C1,Safety,1
2025-06-03,Central,C1,Quality,2
2025-06-03,Central,C2,Service,2
2025-06-03,Central,C2,Quality,2
2025-06-03,Central,C3,Service,1
2025-06-03,Central,C3,Safety,1
2025-06-03,East,E1,Property,1
2025-06-03,East,E1,Service,1
2025-06-03,East,E1,Safety,2
2025-06-03,East,E2,Safety,2
2025-06-03,East,E2,Quality,1
2025-06-03,East,E2,Other,1
2025-06-03,East,E3,Property,3
2025-06-03,East,E3,Quality,1
2025-06-03,East,E3,Other,1
2025-06-03,West,W1,Property,1
2025-06-03,West,W1,Service,2
2025-06-03,West,W1,Safety,1
2025-06-03,West,W1,Quality,1
2025-06-03,West,W2,Quality,1
2025-06-03,West,W2,Other,3
2025-06-03,West,W3,Service,1
2025-06-03,West,W3,Safety,1
2025-06-03,West,W3,Other,2
2025-06-04,North,N1,Property,1
2025-06-04,North,N1,Service,1
2025-06-04,North,N2,Property,1
2025-06-04,North,N2,Quality,1
2025-06-04,North,N3,Service,4
2025-06-04,North,N3,Safety,1
2025-06-04,North,N3,Quality,2
2025-06-04,Central,C1,Quality,1
2025-06-04,Central,C2,Property,1
2025-06-04,Central,C2,Service,1
2025-06-04,Central,C2,Quality,1
2025-06-04,Central,C2,Other,1
2025-06-04,Central,C3,Property,1
2025-06-04,Central,C3,Safety,1
2025-06-04,Central,C3,Quality,1
2025-06-04,Central,C3,Other,1
2025-06-04,East,E1,Property,1
2025-06-04,East,E1,Service,2
2025-06-04,East,E1,Quality,2
2025-06-04,East,E2,Service,3
2025-06-04,West,W1,Quality,2
2025-06-04,West,W2,Property,1
2025-06-05,North,N1,Quality,1
2025-06-05,North,N3,Property,2
2025-06-05,North,N3,Safety,1
2025-06-05,North,N3,Quality,1
2025-06-05,Central,C1,Service,3
2025-06-05,Central,C1,Safety,1
2025-06-05,Central,C2,Property,2
2025-06-05,Central,C2,Other,1
2025-06-05,Central,C3,Property,1
2025-06-05,East,E1,Property,2
2025-06-05,East,E1,Safety,1
2025-06-05,East,E1,Quality,3
2025-06-05,East,E2,Service,1
2025-06-05,East,E2,Quality,1
2025-06-05,East,E3,Property,2
2025-06-05,East,E3,Service,1
2025-06-05,East,E3,Safety,1
2025-06-05,East,E3,Quality,1
2025-06-05,West,W1,Property,1
2025-06-05,West,W1,Safety,1
2025-06-05,West,W1,Quality,1
2025-06-05,West,W1,Other,1
2025-06-05,West,W2,Property,2
2025-06-05,West,W3,Property,1
2025-06-05,West,W3,Service,1
2025-06-06,North,N1,Property,1
2025-06-06,North,N1,Service,1
2025-06-06,North,N1,Other,1
2025-06-06,North,N2,Service,1
2025-06-06,North,N3,Property,1
2025-06-06,North,N3,Service,2
2025-06-06,North,N3,Safety,2
2025-06-06,North,N3,Other,1
2025-06-06,Central,C1,Property,3
2025-06-06,Central,C1,Service,1
2025-06-06,Central,C1,Safety,2
2025-06-06,Central,C1,Other,1
2025-06-06,Central,C2,Other,1
2025-06-06,Central,C3,Property,1
2025-06-06,Central,C3,Quality,2
2025-06-06,Central,C3,Other,1
2025-06-06,East,E1,Service,1
2025-06-06,East,E1,Safety,1
2025-06-06,East,E1,Quality,1
2025-06-06,East,E2,Service,1
2025-06-06,East,E2,Safety,1
2025-06-06,East,E3,Property,1
2025-06-06,West,W1,Safety,1
2025-06-06,West,W1,Quality,1
2025-06-06,West,W1,Other,2
2025-06-06,West,W2,Safety,1
2025-06-06,West,W3,Service,1
2025-06-06,West,W3,Safety,2
2025-06-06,West,W3,Other,1
2025-06-07,North,N1,Property,2
2025-06-07,North,N1,Service,1
2025-06-07,North,N2,Safety,1
2025-06-07,North,N3,Property,1
2025-06-07,North,N3,Quality,1
2025-06-07,Central,C1,Property,1
2025-06-07,Central,C1,Service,1
2025-06-07,Central,C2,Property,2
2025-06-07,Central,C2,Safety,1
2025-06-07,Central,C2,Other,1
2025-06-07,Central,C3,Quality,1
2025-06-07,Central,C3,Other,1
2025-06-07,East,E1,Property,1
2025-06-07,East,E1,Service,1
2025-06-07,East,E1,Other,1
2025-06-07,East,E2,Service,1
2025-06-07,East,E2,Quality,1
2025-06-07,East,E3,Property,1
2025-06-07,West,W1,Property,1
2025-06-07,West,W2,Other,2
2025-06-07,West,W3,Service,1
2025-06-07,West,W3,Quality,2
2025-06-07,West,W3,Other,1
2025-06-08,North,N1,Quality,1
2025-06-08,North,N2,Property,5
2025-06-08,North,N2,Safety,1
2025-06-08,North,N3,Service,2
2025-06-08,Central,C1,Safety,1
2025-06-08,Central,C2,Service,1
2025-06-08,Central,C2,Quality,2
2025-06-08,Central,C3,Safety,1
2025-06-08,Central,C3,Other,1
2025-06-08,East,E1,Property,2
2025-06-08,East,E1,Service,1
2025-06-08,East,E1,Safety,1
2025-06-08,East,E2,Property,1
2025-06-08,East,E2,Service,1
2025-06-08,East,E2,Safety,1
2025-06-08,East,E2,Other,1
2025-06-08,East,E3,Service,1
2025-06-08,West,W1,Service,1
2025-06-08,West,W1,Safety,1
2025-06-08,West,W1,Quality,1
2025-06-08,West,W2,Service,1
2025-06-08,West,W2,Safety,1
2025-06-08,West,W3,Service,1
2025-06-08,West,W3,Safety,1
2025-06-09,North,N1,Property,2
2025-06-09,North,N1,Service,1
2025-06-09,North,N2,Property,1
2025-06-09,North,N2,Service,1
2025-06-09,North,N2,Safety,1
2025-06-09,North,N2,Quality,1
2025-06-09,North,N3,Safety,1
2025-06-09,Central,C1,Safety,1
2025-06-09,Central,C1,Quality,1
2025-06-09,Central,C2,Property,3
2025-06-09,Central,C2,Safety,1
2025-06-09,Central,C2,Quality,1
2025-06-09,Central,C3,Property,4
2025-06-09,Central,C3,Service,2
2025-06-09,Central,C3,Quality,1
2025-06-09,Central,C3,Other,1
2025-06-09,East,E1,Property,2
2025-06-09,East,E1,Service,1
2025-06-09,East,E1,Safety,1
2025-06-09,East,E1,Quality,2
2025-06-09,East,E2,Property,1
2025-06-09,East,E2,Service,1
2025-06-09,East,E3,Safety,2
2025-06-09,East,E3,Quality,2
2025-06-09,West,W1,Other,1
2025-06-09,West,W2,Service,3
2025-06-09,West,W2,Safety,1
2025-06-09,West,W2,Quality,1
2025-06-10,North,N1,Safety,1
2025-06-10,North,N1,Quality,1
2025-06-10,North,N1,Other,1
2025-06-10,North,N2,Safety,3
2025-06-10,North,N3,Safety,2
2025-06-10,Central,C1,Property,1
2025-06-10,Central,C1,Service,1
2025-06-10,Central,C1,Other,1
2025-06-10,Central,C2,Property,1
2025-06-10,Central,C2,Service,1
2025-06-10,Central,C2,Safety,1
2025-06-10,Central,C2,Quality,1
2025-06-10,Central,C2,Other,2
2025-06-10,Central,C3,Property,1
2025-06-10,Central,C3,Service,1
2025-06-10,Central,C3,Other,1
2025-06-10,East,E1,Property,1
2025-06-10,East,E1,Service,3
2025-06-10,East,E1,Quality,2
2025-06-10,East,E2,Safety,1
2025-06-10,East,E3,Other,1
2025-06-10,West,W1,Property,1
2025-06-10,West,W1,Service,1
2025-06-10,West,W1,Safety,1
2025-06-10,West,W2,Property,2
2025-06-10,West,W2,Service,1
2025-06-10,West,W2,Other,1
2025-06-10,West,W3,Property,1
2025-06-10,West,W3,Service,1
2025-06-10,West,W3,Safety,1
2025-06-10,West,W3,Quality,2
2025-06-11,North,N1,Safety,1
2025-06-11,North,N1,Other,1
2025-06-11,North,N2,Safety,1
2025-06-11,North,N2,Quality,1
2025-06-11,North,N3,Property,1
2025-06-11,North,N3,Service,1
2025-06-11,Central,C1,Property,1
2025-06-11,Central,C1,Service,1
2025-06-11,Central,C1,Safety,1
2025-06-11,Central,C2,Property,4
2025-06-11,Central,C2,Service,1
2025-06-11,Central,C2,Safety,1
2025-06-11,Central,C2,Quality,2
2025-06-11,Central,C2,Other,1
2025-06-11,Central,C3,Property,2
2025-06-11,Central,C3,Service,1
2025-06-11,Central,C3,Quality,2
2025-06-11,East,E2,Property,1
2025-06-11,East,E2,Service,1
2025-06-11,East,E3,Property,1
2025-06-11,East,E3,Quality,1
2025-06-11,West,W1,Property,1
2025-06-11,West,W1,Service,1
2025-06-11,West,W1,Quality,1
2025-06-11,West,W2,Safety,1
2025-06-11,West,W3,Safety,1
2025-06-12,North,N1,Property,2
2025-06-12,North,N1,Quality,2
2025-06-12,North,N2,Service,3
2025-06-12,North,N2,Safety,1
2025-06-12,North,N3,Property,1
2025-06-12,North,N3,Quality,1
2025-06-12,Central,C1,Quality,1
2025-06-12,Central,C2,Property,1
2025-06-12,Central,C2,Service,1
2025-06-12,Central,C2,Safety,1
2025-06-12,Central,C3,Property,2
2025-06-12,Central,C3,Safety,2
2025-06-12,Central,C3,Other,1
2025-06-12,East,E1,Property,2
2025-06-12,East,E1,Service,1
2025-06-12,East,E1,Quality,1
2025-06-12,East,E2,Property,1
2025-06-12,East,E2,Quality,1
2025-06-12,East,E3,Property,1
2025-06-12,East,E3,Service,1
2025-06-12,East,E3,Safety,1
2025-06-12,West,W1,Property,2
2025-06-12,West,W2,Property,1
2025-06-12,West,W2,Service,2
2025-06-12,West,W2,Quality,1
2025-06-12,West,W3,Property,1
2025-06-12,West,W3,Service,1
2025-06-13,North,N3,Service,1
2025-06-13,North,N3,Safety,1
2025-06-13,North,N3,Quality,1
2025-06-13,Central,C3,Service,1
2025-06-13,Central,C3,Quality,2
2025-06-13,East,E1,Property,2
2025-06-13,East,E1,Safety,1
2025-06-13,East,E1,Quality,1
2025-06-13,East,E2,Property,2
2025-06-13,East,E2,Service,2
2025-06-13,East,E2,Safety,1
2025-06-13,East,E2,Other,1
2025-06-13,East,E3,Property,1
2025-06-13,East,E3,Other,1
2025-06-13,West,W2,Safety,1
2025-06-13,West,W3,Quality,1
2025-06-13,West,W3,Other,1
2025-06-14,North,N1,Property,1
2025-06-14,North,N2,Property,1
2025-06-14,North,N3,Property,1
2025-06-14,North,N3,Service,1
2025-06-14,North,N3,Other,1
2025-06-14,Central,C1,Property,2
2025-06-14,Central,C1,Safety,1
2025-06-14,Central,C2,Property,1
2025-06-14,Central,C2,Service,2
2025-06-14,Central,C2,Quality,1
2025-06-14,Central,C3,Service,1
2025-06-14,East,E1,Property,2
2025-06-14,East,E1,Service,1
2025-06-14,East,E1,Safety,2
2025-06-14,East,E1,Quality,1
2025-06-14,East,E1,Other,1
2025-06-14,East,E2,Property,1
2025-06-14,East,E2,Safety,1
2025-06-14,East,E3,Property,3
2025-06-14,East,E3,Service,1
2025-06-14,East,E3,Quality,2
2025-06-14,West,W1,Service,2
2025-06-14,West,W1,Other,1
2025-06-14,West,W2,Safety,1
2025-06-14,West,W3,Property,1
2025-06-14,West,W3,Other,1
2025-06-15,North,N1,Service,1
2025-06-15,North,N1,Safety,1
2025-06-15,North,N1,Other,2
2025-06-15,North,N2,Property,2
2025-06-15,North,N2,Quality,1
2025-06-15,North,N2,Other,1
2025-06-15,North,N3,Safety,1
2025-06-15,North,N3,Quality,1
2025-06-15,Central,C1,Property,1
2025-06-15,Central,C1,Service,1
2025-06-15,Central,C1,Other,1
2025-06-15,Central,C2,Service,3
2025-06-15,Central,C2,Other,2
2025-06-15,Central,C3,Property,2
2025-06-15,Central,C3,Safety,1
2025-06-15,East,E1,Property,2
2025-06-15,East,E1,Other,1
2025-06-15,East,E2,Property,1
2025-06-15,East,E2,Service,1
2025-06-15,East,E2,Safety,1
2025-06-15,East,E3,Property,1
2025-06-15,East,E3,Service,1
2025-06-15,East,E3,Safety,1
2025-06-15,East,E3,Quality,1
2025-06-15,West,W1,Service,1
2025-06-15,West,W1,Safety,1
2025-06-15,West,W1,Quality,1
2025-06-15,West,W2,Property,1
2025-06-15,West,W2,Service,1
2025-06-15,West,W2,Safety,1
2025-06-15,West,W3,Quality,1
2025-06-16,North,N1,Property,2
2025-06-16,North,N1,Quality,1
2025-06-16,North,N2,Service,1
2025-06-16,North,N2,Safety,1
2025-06-16,North,N2,Other,1
2025-06-16,North,N3,Safety,1
2025-06-16,North,N3,Quality,1
2025-06-16,Central,C1,Property,1
2025-06-16,Central,C1,Safety,1
2025-06-16,Central,C1,Other,1
2025-06-16,Central,C2,Property,1
2025-06-16,Central,C2,Safety,2
2025-06-16,Central,C2,Quality,1
2025-06-16,Central,C2,Other,2
2025-06-16,Central,C3,Property,2
2025-06-16,Central,C3,Safety,1
2025-06-16,East,E1,Property,1
2025-06-16,East,E2,Service,1
2025-06-16,East,E2,Safety,1
2025-06-16,East,E2,Quality,1
2025-06-16,East,E2,Other,1
2025-06-16,East,E3,Other,1
2025-06-16,West,W1,Property,2
2025-06-16,West,W1,Safety,1
2025-06-16,West,W3,Property,1
2025-06-17,North,N1,Property,2
2025-06-17,North,N1,Service,1
2025-06-17,North,N1,Safety,1
2025-06-17,North,N1,Quality,1
2025-06-17,North,N2,Property,1
2025-06-17,North,N2,Other,1
2025-06-17,North,N3,Property,1
2025-06-17,North,N3,Service,1
2025-06-17,Central,C1,Service,1
2025-06-17,Central,C1,Safety,1
2025-06-17,Central,C1,Quality,1
2025-06-17,Central,C2,Service,2
2025-06-17,Central,C2,Safety,1
2025-06-17,Central,C2,Other,1
2025-06-17,Central,C3,Property,4
2025-06-17,Central,C3,Service,1
2025-06-17,Central,C3,Safety,1
2025-06-17,Central,C3,Quality,1
2025-06-17,East,E1,Service,1
2025-06-17,East,E2,Property,1
2025-06-17,West,W1,Service,1
2025-06-17,West,W1,Safety,1
2025-06-17,West,W1,Quality,1
2025-06-17,West,W1,Other,2
2025-06-17,West,W2,Property,2
2025-06-17,West,W2,Safety,1
2025-06-17,West,W2,Quality,1
2025-06-17,West,W3,Service,1
2025-06-17,West,W3,Safety,1
2025-06-18,North,N1,Service,1
2025-06-18,North,N1,Quality,1
2025-06-18,North,N2,Property,1
2025-06-18,North,N2,Service,1
2025-06-18,North,N2,Other,1
2025-06-18,North,N3,Property,1
2025-06-18,North,N3,Safety,1
2025-06-18,Central,C1,Property,2
2025-06-18,Central,C1,Safety,1
2025-06-18,Central,C2,Property,1
2025-06-18,Central,C2,Service,2
2025-06-18,Central,C2,Safety,1
2025-06-18,Central,C3,Service,1
2025-06-18,Central,C3,Quality,1
2025-06-18,East,E1,Property,1
2025-06-18,East,E2,Safety,2
2025-06-18,East,E3,Service,1
2025-06-18,East,E3,Safety,1
2025-06-18,East,E3,Other,1
2025-06-18,West,W1,Property,2
2025-06-18,West,W1,Quality,1
2025-06-18,West,W1,Other,1
2025-06-18,West,W2,Property,1
2025-06-18,West,W2,Service,1
2025-06-18,West,W2,Quality,1
2025-06-18,West,W3,Property,2
2025-06-19,North,N1,Quality,1
2025-06-19,North,N2,Property,2
2025-06-19,North,N2,Service,1
2025-06-19,North,N3,Property,1
2025-06-19,North,N3,Service,1
2025-06-19,Central,C1,Property,3
2025-06-19,Central,C1,Other,1
2025-06-19,Central,C2,Service,1
2025-06-19,Central,C3,Service,2
2025-06-19,Central,C3,Safety,2
2025-06-19,Central,C3,Quality,2
2025-06-19,East,E1,Safety,1
2025-06-19,East,E1,Other,1
2025-06-19,East,E2,Service,1
2025-06-19,East,E2,Other,1
2025-06-19,East,E3,Service,1
2025-06-19,East,E3,Other,1
2025-06-19,West,W2,Property,1
2025-06-19,West,W2,Service,1
2025-06-19,West,W2,Safety,1
2025-06-19,West,W3,Safety,1
2025-06-20,North,N1,Service,1
2025-06-20,North,N2,Property,1
2025-06-20,North,N2,Safety,1
2025-06-20,North,N3,Property,2
2025-06-20,North,N3,Service,1
2025-06-20,North,N3,Quality,1
2025-06-20,Central,C1,Safety,2
2025-06-20,Central,C1,Quality,1
2025-06-20,Central,C1,Other,2
2025-06-20,Central,C2,Other,1
2025-06-20,Central,C3,Safety,1
2025-06-20,Central,C3,Other,1
2025-06-20,East,E1,Property,1
2025-06-20,East,E1,Safety,1
2025-06-20,East,E1,Other,1
2025-06-20,East,E2,Service,2
2025-06-20,East,E2,Safety,2
2025-06-20,East,E3,Property,2
2025-06-20,East,E3,Other,1
2025-06-20,West,W1,Property,1
2025-06-20,West,W1,Service,1
2025-06-20,West,W1,Safety,1
2025-06-20,West,W2,Property,1
2025-06-20,West,W2,Service,1
2025-06-20,West,W2,Quality,1
2025-06-20,West,W2,Other,1
2025-06-20,West,W3,Property,1
2025-06-20,West,W3,Service,1
2025-06-21,North,N1,Service,1
2025-06-21,North,N1,Safety,1
2025-06-21,North,N1,Other,1
2025-06-21,North,N2,Property,1
2025-06-21,North,N2,Quality,1
2025-06-21,North,N2,Other,1
2025-06-21,North,N3,Quality,1
2025-06-21,Central,C1,Property,1
2025-06-21,Central,C1,Service,1
2025-06-21,Central,C2,Property,1
2025-06-21,Central,C2,Safety,1
2025-06-21,East,E2,Property,1
2025-06-21,East,E2,Quality,1
2025-06-21,East,E3,Property,1
2025-06-21,West,W1,Service,1
2025-06-21,West,W1,Quality,1
2025-06-21,West,W1,Other,1
2025-06-21,West,W3,Safety,1
2025-06-21,West,W3,Other,1
2025-06-22,North,N1,Service,1
2025-06-22,North,N1,Safety,1
2025-06-22,North,N2,Service,1
2025-06-22,North,N2,Safety,2
2025-06-22,North,N2,Quality,1
2025-06-22,North,N3,Property,3
2025-06-22,North,N3,Safety,1
2025-06-22,Central,C1,Safety,1
2025-06-22,Central,C1,Quality,1
2025-06-22,Central,C2,Safety,1
2025-06-22,Central,C2,Other,1
2025-06-22,Central,C3,Service,1
2025-06-22,Central,C3,Other,1
2025-06-22,East,E1,Property,2
2025-06-22,East,E1,Service,1
2025-06-22,East,E1,Safety,2
2025-06-22,East,E1,Quality,1
2025-06-22,East,E2,Property,2
2025-06-22,East,E2,Safety,1
2025-06-22,East,E3,Property,1
2025-06-22,East,E3,Safety,1
2025-06-22,East,E3,Other,1
2025-06-22,West,W1,Property,3
2025-06-22,West,W1,Safety,1
2025-06-22,West,W1,Quality,1
2025-06-22,West,W2,Service,1
2025-06-22,West,W2,Safety,1
2025-06-22,West,W2,Quality,1
2025-06-22,West,W3,Property,1
2025-06-22,West,W3,Service,1
2025-06-23,North,N1,Property,1
2025-06-23,North,N1,Quality,1
2025-06-23,North,N2,Property,1
2025-06-23,North,N2,Quality,1
2025-06-23,North,N3,Property,1
2025-06-23,Central,C1,Property,1
2025-06-23,Central,C1,Service,2
2025-06-23,Central,C1,Safety,1
2025-06-23,Central,C1,Other,1
2025-06-23,Central,C2,Property,2
2025-06-23,Central,C2,Safety,1
2025-06-23,Central,C3,Service,1
2025-06-23,Central,C3,Quality,1
2025-06-23,Central,C3,Other,2
2025-06-23,East,E1,Service,1
2025-06-23,East,E1,Safety,1
2025-06-23,East,E1,Quality,1
2025-06-23,East,E2,Service,2
2025-06-23,East,E2,Safety,1
2025-06-23,East,E3,Property,1
2025-06-23,East,E3,Safety,1
2025-06-23,East,E3,Quality,1
2025-06-23,West,W1,Service,1
2025-06-23,West,W2,Service,1
2025-06-23,West,W2,Safety,1
2025-06-23,West,W2,Other,1
2025-06-23,West,W3,Property,2
2025-06-23,West,W3,Service,1
2025-06-23,West,W3,Safety,2
2025-06-24,North,N1,Safety,1
2025-06-24,North,N2,Property,2
2025-06-24,North,N2,Safety,1
2025-06-24,North,N2,Quality,2
2025-06-24,North,N3,Property,2
2025-06-24,North,N3,Service,1
2025-06-24,North,N3,Safety,2
2025-06-24,Central,C1,Service,1
2025-06-24,Central,C1,Safety,1
2025-06-24,Central,C1,Quality,2
2025-06-24,Central,C1,Other,2
2025-06-24,Central,C2,Property,1
2025-06-24,Central,C2,Quality,1
2025-06-24,Central,C3,Property,1
2025-06-24,Central,C3,Service,1
2025-06-24,East,E1,Property,2
2025-06-24,East,E2,Safety,3
2025-06-24,East,E3,Safety,1
2025-06-24,West,W1,Property,1
2025-06-24,West,W1,Service,1
2025-06-24,West,W1,Quality,1
2025-06-24,West,W2,Service,1
2025-06-24,West,W2,Safety,2
2025-06-24,West,W3,Property,1
2025-06-24,West,W3,Safety,1
2025-06-24,West,W3,Other,1
2025-06-25,North,N1,Property,1
2025-06-25,North,N1,Safety,1
2025-06-25,North,N1,Quality,1
2025-06-25,North,N2,Quality,1
2025-06-25,North,N3,Property,1
2025-06-25,North,N3,Safety,2
2025-06-25,Central,C1,Property,1
2025-06-25,Central,C1,Service,2
2025-06-25,Central,C1,Safety,1
2025-06-25,Central,C2,Property,1
2025-06-25,Central,C2,Service,1
2025-06-25,Central,C3,Property,1
2025-06-25,Central,C3,Safety,1
2025-06-25,East,E1,Quality,1
2025-06-25,East,E2,Safety,1
2025-06-25,East,E3,Property,2
2025-06-25,East,E3,Service,1
2025-06-25,East,E3,Safety,1
2025-06-25,West,W1,Service,2
2025-06-25,West,W1,Quality,1
2025-06-25,West,W2,Property,1
2025-06-25,West,W3,Property,2
2025-06-25,West,W3,Service,2
2025-06-25,West,W3,Safety,4
2025-06-25,West,W3,Other,1
2025-06-26,North,N1,Quality,1
2025-06-26,North,N2,Property,1
2025-06-26,North,N2,Service,1
2025-06-26,North,N2,Other,1
2025-06-26,North,N3,Safety,2
2025-06-26,North,N3,Other,1
2025-06-26,Central,C1,Service,3
2025-06-26,Central,C2,Property,1
2025-06-26,Central,C2,Safety,1
2025-06-26,Central,C2,Quality,1
2025-06-26,East,E2,Service,1
2025-06-26,East,E2,Safety,2
2025-06-26,East,E3,Property,1
2025-06-26,East,E3,Safety,1
2025-06-26,East,E3,Other,1
2025-06-26,West,W1,Quality,1
2025-06-26,West,W3,Property,3
2025-06-26,West,W3,Safety,2
2025-06-27,North,N1,Property,3
2025-06-27,North,N1,Service,1
2025-06-27,North,N1,Other,1
2025-06-27,North,N2,Other,1
2025-06-27,North,N3,Safety,2
2025-06-27,North,N3,Other,1
2025-06-27,Central,C1,Safety,2
2025-06-27,Central,C3,Property,1
2025-06-27,Central,C3,Service,1
2025-06-27,Central,C3,Safety,3
2025-06-27,East,E1,Other,1
2025-06-27,East,E2,Property,2
2025-06-27,East,E2,Quality,1
2025-06-27,East,E3,Property,1
2025-06-27,East,E3,Service,3
2025-06-27,West,W1,Property,1
2025-06-27,West,W1,Service,1
2025-06-27,West,W1,Other,1
2025-06-28,North,N1,Property,1
2025-06-28,North,N1,Service,1
2025-06-28,North,N1,Safety,1
2025-06-28,North,N1,Quality,1
2025-06-28,North,N2,Service,1
2025-06-28,North,N2,Safety,1
2025-06-28,North,N3,Quality,1
2025-06-28,Central,C1,Property,2
2025-06-28,Central,C1,Service,1
2025-06-28,Central,C1,Safety,1
2025-06-28,Central,C1,Other,1
2025-06-28,Central,C2,Property,1
2025-06-28,Central,C2,Safety,1
2025-06-28,Central,C2,Quality,2
2025-06-28,Central,C3,Service,1
2025-06-28,Central,C3,Quality,1
2025-06-28,East,E2,Service,2
2025-06-28,East,E2,Safety,2
2025-06-28,East,E2,Quality,1
2025-06-28,East,E3,Service,4
2025-06-28,East,E3,Safety,1
2025-06-28,West,W1,Property,2
2025-06-28,West,W1,Service,2
2025-06-28,West,W1,Quality,1
2025-06-28,West,W3,Service,1
2025-06-28,West,W3,Other,1
2025-06-29,North,N1,Safety,1
2025-06-29,North,N1,Other,1
2025-06-29,North,N2,Property,1
2025-06-29,North,N2,Service,3
2025-06-29,North,N2,Safety,2
2025-06-29,North,N2,Quality,2
2025-06-29,North,N3,Service,1
2025-06-29,Central,C1,Property,1
2025-06-29,Central,C1,Service,1
2025-06-29,Central,C2,Property,3
2025-06-29,Central,C2,Safety,1
2025-06-29,Central,C3,Property,1
2025-06-29,Central,C3,Safety,1
2025-06-29,Central,C3,Other,2
2025-06-29,East,E1,Quality,1
2025-06-29,East,E2,Property,1
2025-06-29,East,E2,Safety,1
2025-06-29,East,E2,Other,1
2025-06-29,West,W1,Quality,1
2025-06-29,West,W2,Property,1
2025-06-29,West,W2,Other,1
2025-06-29,West,W3,Property,1
2025-06-30,North,N1,Property,1
2025-06-30,North,N1,Service,2
2025-06-30,North,N1,Safety,1
2025-06-30,North,N2,Property,1
2025-06-30,North,N2,Service,1
2025-06-30,North,N2,Quality,1
2025-06-30,North,N3,Quality,1
2025-06-30,Central,C1,Property,3
2025-06-30,Central,C1,Service,1
2025-06-30,Central,C1,Safety,1
2025-06-30,Central,C1,Other,1
2025-06-30,Central,C2,Property,1
2025-06-30,Central,C2,Service,1
2025-06-30,Central,C3,Service,1
2025-06-30,Central,C3,Safety,2
2025-06-30,Central,C3,Quality,1
2025-06-30,Central,C3,Other,1
2025-06-30,East,E1,Safety,1
2025-06-30,East,E1,Quality,1
2025-06-30,East,E3,Property,1
2025-06-30,East,E3,Quality,1
2025-06-30,East,E3,Other,2
2025-06-30,West,W1,Service,1
2025-06-30,West,W2,Property,2
2025-06-30,West,W2,Quality,1
2025-06-30,West,W2,Other,1
2025-06-30,West,W3,Property,2
2025-06-30,West,W3,Service,1
2025-06-30,West,W3,Safety,2
2025-06-30,West,W3,Other,2
2025-07-01,North,N1,Property,2
2025-07-01,North,N2,Safety,1
2025-07-01,North,N2,Quality,1
2025-07-01,North,N2,Other,1
2025-07-01,North,N3,Service,1
2025-07-01,North,N3,Safety,1
2025-07-01,Central,C1,Other,1
2025-07-01,Central,C2,Property,1
2025-07-01,Central,C2,Service,1
2025-07-01,Central,C2,Safety,1
2025-07-01,Central,C2,Other,1
2025-07-01,Central,C3,Property,1
2025-07-01,East,E1,Property,1
2025-07-01,East,E1,Service,2
2025-07-01,East,E1,Other,1
2025-07-01,East,E2,Service,1
2025-07-01,East,E2,Quality,2
2025-07-01,West,W1,Property,3
2025-07-01,West,W2,Property,1
2025-07-01,West,W2,Quality,1
2025-07-01,West,W3,Service,1
2025-07-01,West,W3,Quality,1
2025-07-02,North,N1,Property,1
2025-07-02,North,N2,Property,2
2025-07-02,North,N2,Service,2
2025-07-02,North,N2,Safety,2
2025-07-02,North,N2,Other,1
2025-07-02,Central,C1,Service,2
2025-07-02,Central,C2,Property,1
2025-07-02,Central,C2,Service,1
2025-07-02,Central,C2,Quality,1
2025-07-02,Central,C3,Service,1
2025-07-02,Central,C3,Safety,1
2025-07-02,Central,C3,Quality,1
2025-07-02,Central,C3,Other,1
2025-07-02,East,E1,Service,1
2025-07-02,East,E2,Property,1
2025-07-02,East,E3,Quality,2
2025-07-02,West,W2,Service,1
2025-07-02,West,W2,Safety,2
2025-07-02,West,W2,Quality,1
2025-07-02,West,W3,Service,1
2025-07-03,North,N1,Service,1
2025-07-03,North,N2,Property,2
2025-07-03,North,N2,Safety,2
2025-07-03,North,N3,Property,2
2025-07-03,North,N3,Service,1
2025-07-03,Central,C1,Property,1
2025-07-03,Central,C1,Service,2
2025-07-03,Central,C1,Quality,1
2025-07-03,Central,C1,Other,1
2025-07-03,Central,C2,Service,1
2025-07-03,Central,C2,Other,2
2025-07-03,Central,C3,Safety,1
2025-07-03,East,E1,Service,1
2025-07-03,East,E2,Property,1
2025-07-03,East,E3,Safety,1
2025-07-03,East,E3,Other,1
2025-07-03,West,W1,Property,1
2025-07-03,West,W1,Service,2
2025-07-03,West,W2,Service,3
2025-07-03,West,W2,Safety,1
2025-07-03,West,W2,Other,1
2025-07-03,West,W3,Quality,1
2025-07-04,North,N1,Quality,1
2025-07-04,North,N2,Quality,2
2025-07-04,North,N3,Service,2
2025-07-04,North,N3,Safety,1
2025-07-04,North,N3,Other,3
2025-07-04,Central,C1,Property,1
2025-07-04,Central,C1,Service,1
2025-07-04,Central,C2,Property,1
2025-07-04,Central,C3,Service,1
2025-07-04,Central,C3,Safety,1
2025-07-04,East,E1,Property,1
2025-07-04,East,E2,Quality,1
2025-07-04,East,E2,Other,1
2025-07-04,East,E3,Service,1
2025-07-04,East,E3,Safety,3
2025-07-04,East,E3,Quality,1
2025-07-04,East,E3,Other,1
2025-07-04,West,W1,Property,2
2025-07-04,West,W1,Service,3
2025-07-04,West,W2,Property,1
2025-07-04,West,W2,Safety,1
2025-07-04,West,W2,Quality,1
2025-07-04,West,W3,Quality,1
2025-07-05,North,N1,Service,1
2025-07-05,North,N2,Safety,1
2025-07-05,North,N3,Property,1
2025-07-05,North,N3,Safety,1
2025-07-05,North,N3,Quality,1
2025-07-05,North,N3,Other,1
2025-07-05,Central,C1,Service,1
2025-07-05,Central,C2,Property,2
2025-07-05,Central,C2,Safety,2
2025-07-05,Central,C2,Quality,1
2025-07-05,Central,C3,Property,1
2025-07-05,Central,C3,Safety,1
2025-07-05,East,E1,Property,2
2025-07-05,East,E1,Service,1
2025-07-05,East,E2,Service,3
2025-07-05,East,E3,Property,1
2025-07-05,East,E3,Other,1
2025-07-05,West,W1,Property,1
2025-07-05,West,W1,Quality,1
2025-07-05,West,W3,Property,2
2025-07-05,West,W3,Service,3
2025-07-05,West,W3,Other,1
2025-07-06,North,N1,Safety,1
2025-07-06,North,N1,Quality,1
2025-07-06,North,N1,Other,1
2025-07-06,North,N2,Property,2
2025-07-06,North,N2,Service,4
2025-07-06,North,N2,Other,1
2025-07-06,North,N3,Property,3
2025-07-06,North,N3,Quality,1
2025-07-06,North,N3,Other,1
2025-07-06,Central,C1,Service,1
2025-07-06,Central,C1,Safety,1
2025-07-06,Central,C2,Property,1
2025-07-06,Central,C2,Service,2
2025-07-06,Central,C2,Safety,1
2025-07-06,Central,C2,Other,1
2025-07-06,Central,C3,Property,2
2025-07-06,East,E1,Quality,1
2025-07-06,East,E2,Property,1
2025-07-06,East,E2,Quality,2
2025-07-06,East,E3,Property,1
2025-07-06,East,E3,Safety,1
2025-07-06,East,E3,Other,1
2025-07-06,West,W1,Property,1
2025-07-06,West,W1,Quality,1
2025-07-06,West,W1,Other,1
2025-07-06,West,W2,Property,1
2025-07-06,West,W2,Service,1
2025-07-06,West,W3,Property,1
2025-07-06,West,W3,Safety,1
2025-07-06,West,W3,Other,1
2025-07-07,North,N1,Other,1
2025-07-07,North,N2,Safety,1
2025-07-07,North,N2,Quality,1
2025-07-07,North,N3,Property,2
2025-07-07,North,N3,Service,1
2025-07-07,Central,C1,Property,1
2025-07-07,Central,C1,Quality,2
2025-07-07,Central,C2,Property,1
2025-07-07,Central,C2,Service,1
2025-07-07,Central,C2,Safety,1
2025-07-07,Central,C3,Safety,1
2025-07-07,East,E1,Quality,1
2025-07-07,East,E2,Property,1
2025-07-07,East,E2,Safety,2
2025-07-07,East,E3,Service,1
2025-07-07,East,E3,Safety,2
2025-07-07,East,E3,Quality,1
2025-07-07,West,W1,Service,2
2025-07-07,West,W1,Safety,1
2025-07-07,West,W1,Quality,1
2025-07-07,West,W2,Property,1
2025-07-07,West,W3,Service,1
2025-07-07,West,W3,Safety,1
2025-07-07,West,W3,Other,1
2025-07-08,North,N1,Quality,1
2025-07-08,North,N1,Other,1
2025-07-08,North,N2,Property,1
2025-07-08,North,N2,Safety,1
2025-07-08,North,N2,Quality,1
2025-07-08,North,N3,Property,2
2025-07-08,North,N3,Service,1
2025-07-08,North,N3,Safety,1
2025-07-08,Central,C1,Property,3
2025-07-08,Central,C1,Quality,1
2025-07-08,Central,C2,Service,1
2025-07-08,Central,C2,Quality,2
2025-07-08,Central,C2,Other,1
2025-07-08,Central,C3,Safety,1
2025-07-08,East,E1,Property,1
2025-07-08,East,E1,Service,1
2025-07-08,East,E2,Service,1
2025-07-08,East,E2,Safety,1
2025-07-08,East,E2,Quality,1
2025-07-08,East,E2,Other,1
2025-07-08,East,E3,Property,1
2025-07-08,East,E3,Safety,1
2025-07-08,West,W1,Other,1
2025-07-08,West,W2,Safety,2
2025-07-08,West,W3,Service,2
2025-07-08,West,W3,Safety,1
2025-07-08,West,W3,Quality,1
2025-07-09,North,N1,Property,1
2025-07-09,North,N1,Quality,1
2025-07-09,North,N2,Property,1
2025-07-09,North,N2,Quality,1
2025-07-09,North,N3,Property,2
2025-07-09,North,N3,Safety,2
2025-07-09,Central,C1,Property,1
2025-07-09,Central,C2,Service,2
2025-07-09,Central,C3,Property,4
2025-07-09,Central,C3,Service,1
2025-07-09,East,E1,Property,1
2025-07-09,East,E2,Property,1
2025-07-09,East,E2,Safety,1
2025-07-09,East,E3,Service,1
2025-07-09,East,E3,Quality,1
2025-07-09,West,W1,Safety,2
2025-07-09,West,W1,Quality,1
2025-07-09,West,W2,Property,1
2025-07-09,West,W2,Other,1
2025-07-09,West,W3,Service,1
2025-07-10,North,N1,Other,2
2025-07-10,North,N2,Property,4
2025-07-10,North,N2,Safety,1
2025-07-10,North,N2,Quality,1
2025-07-10,North,N3,Service,1
2025-07-10,North,N3,Safety,2
2025-07-10,Central,C1,Property,1
2025-07-10,Central,C2,Service,1
2025-07-10,Central,C2,Safety,2
2025-07-10,Central,C3,Property,1
2025-07-10,Central,C3,Safety,1
2025-07-10,East,E2,Property,1
2025-07-10,East,E2,Service,2
2025-07-10,East,E2,Other,2
2025-07-10,East,E3,Safety,1
2025-07-10,East,E3,Quality,1
2025-07-10,West,W1,Quality,1
2025-07-10,West,W2,Property,2
2025-07-10,West,W2,Service,1
2025-07-10,West,W2,Safety,1
2025-07-10,West,W2,Quality,2
2025-07-10,West,W3,Property,1
2025-07-10,West,W3,Safety,1
2025-07-11,North,N1,Service,1
2025-07-11,North,N1,Quality,2
2025-07-11,North,N1,Other,1
2025-07-11,North,N2,Property,1
2025-07-11,North,N2,Safety,1
2025-07-11,North,N2,Other,1
2025-07-11,North,N3,Property,2
2025-07-11,North,N3,Safety,1
2025-07-11,North,N3,Other,1
2025-07-11,Central,C1,Property,1
2025-07-11,Central,C1,Service,1
2025-07-11,Central,C1,Quality,2
2025-07-11,Central,C2,Property,1
2025-07-11,Central,C3,Service,1
2025-07-11,Central,C3,Other,1
2025-07-11,East,E1,Service,1
2025-07-11,East,E1,Safety,1
2025-07-11,East,E2,Property,1
2025-07-11,East,E2,Quality,1
2025-07-11,East,E3,Property,2
2025-07-11,East,E3,Service,1
2025-07-11,East,E3,Safety,1
2025-07-11,East,E3,Quality,1
2025-07-11,West,W1,Property,1
2025-07-11,West,W1,Safety,1
2025-07-11,West,W1,Quality,1
2025-07-11,West,W2,Property,1
2025-07-11,West,W2,Service,1
2025-07-11,West,W3,Other,1
2025-07-12,North,N1,Property,1
2025-07-12,North,N1,Safety,1
2025-07-12,North,N1,Quality,1
2025-07-12,North,N2,Property,1
2025-07-12,North,N2,Service,2
2025-07-12,North,N2,Other,1
2025-07-12,North,N3,Property,1
2025-07-12,North,N3,Service,1
2025-07-12,North,N3,Quality,1
2025-07-12,North,N3,Other,1
2025-07-12,Central,C1,Property,1
2025-07-12,Central,C1,Service,1
2025-07-12,Central,C2,Property,1
2025-07-12,Central,C2,Safety,1
2025-07-12,Central,C2,Quality,1
2025-07-12,Central,C2,Other,2
2025-07-12,Central,C3,Service,1
2025-07-12,East,E1,Property,2
2025-07-12,East,E1,Safety,2
2025-07-12,East,E2,Property,1
2025-07-12,East,E2,Safety,1
2025-07-12,West,W1,Property,2
2025-07-12,West,W1,Service,1
2025-07-12,West,W1,Safety,2
2025-07-12,West,W3,Safety,1
2025-07-12,West,W3,Other,1
2025-07-13,North,N1,Property,1
2025-07-13,North,N1,Safety,1
2025-07-13,North,N2,Property,2
2025-07-13,North,N2,Quality,1
2025-07-13,North,N3,Property,2
2025-07-13,North,N3,Safety,1
2025-07-13,Central,C2,Property,1
2025-07-13,Central,C2,Service,1
2025-07-13,Central,C3,Property,1
2025-07-13,Central,C3,Service,2
2025-07-13,Central,C3,Safety,1
2025-07-13,East,E1,Property,3
2025-07-13,East,E1,Safety,3
2025-07-13,East,E1,Quality,1
2025-07-13,East,E1,Other,2
2025-07-13,East,E2,Safety,2
2025-07-13,East,E2,Quality,1
2025-07-13,East,E2,Other,1
2025-07-13,East,E3,Other,1
2025-07-13,West,W1,Property,1
2025-07-13,West,W1,Service,1
2025-07-13,West,W1,Safety,1
2025-07-14,North,N1,Property,1
2025-07-14,North,N2,Service,1
2025-07-14,North,N2,Safety,1
2025-07-14,North,N2,Quality,1
2025-07-14,North,N3,Property,2
2025-07-14,North,N3,Quality,1
2025-07-14,Central,C1,Service,2
2025-07-14,Central,C1,Safety,1
2025-07-14,Central,C1,Quality,1
2025-07-14,Central,C2,Property,2
2025-07-14,Central,C2,Safety,1
2025-07-14,Central,C3,Property,3
2025-07-14,Central,C3,Service,1
2025-07-14,Central,C3,Safety,1
2025-07-14,East,E1,Safety,1
2025-07-14,East,E2,Service,1
2025-07-14,East,E2,Safety,2
2025-07-14,East,E3,Property,1
2025-07-14,East,E3,Service,2
2025-07-14,East,E3,Safety,1
2025-07-14,West,W1,Property,1
2025-07-14,West,W1,Service,1
2025-07-14,West,W1,Quality,1
2025-07-14,West,W2,Quality,1
2025-07-14,West,W3,Property,1
2025-07-14,West,W3,Service,1
2025-07-15,North,N1,Property,1
2025-07-15,North,N2,Safety,1
2025-07-15,North,N3,Property,1
2025-07-15,North,N3,Service,1
2025-07-15,Central,C1,Property,1
2025-07-15,Central,C1,Service,1
2025-07-15,Central,C2,Property,1
2025-07-15,Central,C2,Service,1
2025-07-15,Central,C3,Property,2
2025-07-15,Central,C3,Safety,1
2025-07-15,Central,C3,Quality,1
2025-07-15,Central,C3,Other,1
2025-07-15,East,E1,Property,1
2025-07-15,East,E1,Service,1
2025-07-15,East,E1,Safety,2
2025-07-15,East,E2,Property,1
2025-07-15,East,E2,Service,1
2025-07-15,East,E3,Safety,1
2025-07-15,East,E3,Quality,1
2025-07-15,West,W1,Safety,1
2025-07-15,West,W2,Property,1
2025-07-15,West,W3,Safety,1
2025-07-15,West,W3,Quality,1
2025-07-15,West,W3,Other,1
2025-07-16,North,N2,Service,1
2025-07-16,North,N2,Safety,1
2025-07-16,North,N3,Property,2
2025-07-16,North,N3,Safety,1
2025-07-16,Central,C1,Property,3
2025-07-16,Central,C1,Safety,1
2025-07-16,Central,C2,Property,1
2025-07-16,Central,C3,Quality,1
2025-07-16,Central,C3,Other,1
2025-07-16,East,E1,Safety,1
2025-07-16,East,E1,Other,2
2025-07-16,East,E2,Property,1
2025-07-16,East,E2,Quality,1
2025-07-16,East,E3,Service,1
2025-07-16,East,E3,Safety,2
2025-07-16,East,E3,Quality,1
2025-07-16,East,E3,Other,1
2025-07-16,West,W2,Service,2
2025-07-16,West,W2,Safety,1
2025-07-16,West,W2,Other,1
2025-07-16,West,W3,Property,1
2025-07-16,West,W3,Quality,1
2025-07-17,North,N1,Service,1
2025-07-17,North,N1,Safety,1
2025-07-17,North,N2,Service,2
2025-07-17,North,N2,Other,2
2025-07-17,North,N3,Safety,1
2025-07-17,North,N3,Other,1
2025-07-17,Central,C1,Property,1
2025-07-17,Central,C1,Service,1
2025-07-17,Central,C1,Safety,1
2025-07-17,Central,C1,Quality,2
2025-07-17,Central,C2,Service,1
2025-07-17,Central,C2,Quality,3
2025-07-17,Central,C2,Other,2
2025-07-17,Central,C3,Property,3
2025-07-17,Central,C3,Service,1
2025-07-17,East,E1,Property,1
2025-07-17,East,E1,Safety,1
2025-07-17,East,E2,Property,1
2025-07-17,East,E2,Service,1
2025-07-17,East,E2,Quality,2
2025-07-17,East,E2,Other,1
2025-07-17,East,E3,Property,1
2025-07-17,East,E3,Quality,1
2025-07-17,West,W1,Quality,1
2025-07-17,West,W2,Service,2
2025-07-17,West,W2,Safety,1
2025-07-17,West,W2,Quality,1
2025-07-17,West,W3,Property,1
2025-07-17,West,W3,Safety,1
2025-07-17,West,W3,Quality,1
2025-07-18,North,N1,Property,1
2025-07-18,North,N1,Service,1
2025-07-18,North,N1,Quality,1
2025-07-18,North,N2,Property,1
2025-07-18,North,N3,Property,1
2025-07-18,North,N3,Service,1
2025-07-18,Central,C1,Service,2
2025-07-18,Central,C1,Quality,1
2025-07-18,Central,C2,Property,1
2025-07-18,Central,C2,Safety,1
2025-07-18,Central,C2,Quality,2
2025-07-18,Central,C3,Property,1
2025-07-18,Central,C3,Other,2
2025-07-18,East,E1,Property,3
2025-07-18,East,E1,Safety,1
2025-07-18,East,E2,Property,1
2025-07-18,East,E3,Property,1
2025-07-18,West,W2,Property,1
2025-07-18,West,W2,Service,2
2025-07-19,North,N2,Safety,1
2025-07-19,North,N3,Safety,1
2025-07-19,North,N3,Other,1
2025-07-19,Central,C1,Service,1
2025-07-19,Central,C1,Safety,1
2025-07-19,Central,C1,Quality,1
2025-07-19,Central,C1,Other,1
2025-07-19,Central,C2,Property,3
2025-07-19,Central,C3,Property,3
2025-07-19,Central,C3,Service,3
2025-07-19,Central,C3,Other,1
2025-07-19,East,E1,Property,2
2025-07-19,East,E1,Service,3
2025-07-19,East,E2,Property,2
2025-07-19,East,E2,Quality,1
2025-07-19,East,E3,Quality,2
2025-07-19,West,W2,Property,1
2025-07-19,West,W2,Service,1
2025-07-19,West,W3,Service,2
2025-07-20,North,N1,Safety,2
2025-07-20,North,N2,Service,1
2025-07-20,North,N2,Quality,1
2025-07-20,North,N2,Other,1
2025-07-20,North,N3,Safety,1
2025-07-20,North,N3,Other,1
2025-07-20,Central,C1,Property,1
2025-07-20,Central,C1,Service,1
2025-07-20,Central,C2,Other,1
2025-07-20,Central,C3,Property,2
2025-07-20,East,E1,Property,1
2025-07-20,East,E2,Property,1
2025-07-20,West,W1,Property,1
2025-07-20,West,W2,Property,1
2025-07-20,West,W2,Other,1
2025-07-20,West,W3,Property,1
2025-07-20,West,W3,Safety,1
2025-07-20,West,W3,Quality,1
2025-07-21,North,N1,Property,1
2025-07-21,North,N1,Service,2
2025-07-21,North,N1,Quality,1
2025-07-21,North,N2,Quality,1
2025-07-21,Central,C1,Property,1
2025-07-21,Central,C1,Safety,1
2025-07-21,Central,C1,Quality,1
2025-07-21,Central,C2,Property,2
2025-07-21,Central,C2,Quality,1
2025-07-21,Central,C3,Quality,1
2025-07-21,Central,C3,Other,1
2025-07-21,East,E1,Safety,1
2025-07-21,East,E2,Property,1
2025-07-21,East,E2,Safety,1
2025-07-21,East,E3,Quality,1
2025-07-21,West,W3,Safety,1
2025-07-22,North,N1,Property,1
2025-07-22,North,N1,Service,1
2025-07-22,North,N2,Service,2
2025-07-22,North,N3,Property,1
2025-07-22,North,N3,Service,1
2025-07-22,North,N3,Safety,2
2025-07-22,Central,C1,Property,1
2025-07-22,Central,C1,Service,1
2025-07-22,Central,C1,Quality,1
2025-07-22,Central,C1,Other,1
2025-07-22,Central,C2,Quality,1
2025-07-22,Central,C3,Service,1
2025-07-22,Central,C3,Safety,2
2025-07-22,East,E1,Service,1
2025-07-22,East,E1,Quality,1
2025-07-22,East,E2,Service,1
2025-07-22,East,E2,Safety,2
2025-07-22,East,E3,Property,1
2025-07-22,East,E3,Safety,1
2025-07-22,East,E3,Other,1
2025-07-22,West,W1,Service,1
2025-07-22,West,W1,Other,1
2025-07-22,West,W3,Property,2
2025-07-22,West,W3,Service,3
2025-07-22,West,W3,Safety,1
2025-07-23,North,N1,Safety,1
2025-07-23,North,N2,Property,1
2025-07-23,North,N2,Safety,2
2025-07-23,North,N3,Property,2
2025-07-23,North,N3,Safety,1
2025-07-23,Central,C1,Property,1
2025-07-23,Central,C1,Service,1
2025-07-23,Central,C2,Property,1
2025-07-23,Central,C2,Service,1
2025-07-23,Central,C2,Safety,1
2025-07-23,Central,C2,Other,1
2025-07-23,Central,C3,Service,2
2025-07-23,Central,C3,Safety,1
2025-07-23,Central,C3,Quality,1
2025-07-23,East,E1,Property,2
2025-07-23,East,E1,Service,1
2025-07-23,East,E1,Quality,1
2025-07-23,East,E1,Other,1
2025-07-23,East,E2,Quality,1
2025-07-23,West,W1,Property,2
2025-07-23,West,W1,Service,1
2025-07-23,West,W1,Other,1
2025-07-23,West,W2,Service,1
2025-07-23,West,W2,Safety,1
2025-07-23,West,W2,Quality,1
2025-07-23,West,W3,Property,1
2025-07-23,West,W3,Service,1
2025-07-24,North,N1,Property,2
2025-07-24,North,N1,Quality,1
2025-07-24,North,N3,Service,1
2025-07-24,North,N3,Safety,1
2025-07-24,Central,C1,Property,1
2025-07-24,Central,C1,Service,1
2025-07-24,Central,C1,Safety,1
2025-07-24,Central,C1,Other,1
2025-07-24,Central,C2,Property,1
2025-07-24,East,E2,Service,1
2025-07-24,East,E3,Service,1
2025-07-24,East,E3,Safety,2
2025-07-24,West,W1,Property,1
2025-07-24,West,W2,Property,1
2025-07-24,West,W2,Service,1
2025-07-24,West,W3,Quality,1
2025-07-25,North,N1,Property,1
2025-07-25,North,N1,Service,2
2025-07-25,North,N1,Safety,1
2025-07-25,North,N1,Quality,1
2025-07-25,North,N2,Property,1
2025-07-25,North,N2,Service,1
2025-07-25,North,N2,Quality,1
2025-07-25,North,N3,Property,2
2025-07-25,North,N3,Safety,1
2025-07-25,North,N3,Quality,1
2025-07-25,Central,C1,Property,1
2025-07-25,Central,C1,Quality,1
2025-07-25,Central,C2,Service,1
2025-07-25,Central,C2,Quality,1
2025-07-25,Central,C3,Property,2
2025-07-25,Central,C3,Service,1
2025-07-25,Central,C3,Safety,1
2025-07-25,Central,C3,Quality,1
2025-07-25,East,E1,Service,1
2025-07-25,East,E1,Quality,1
2025-07-25,East,E2,Safety,1
2025-07-25,East,E2,Other,1
2025-07-25,East,E3,Property,1
2025-07-25,East,E3,Other,1
2025-07-25,West,W1,Other,1
2025-07-25,West,W3,Property,1
2025-07-25,West,W3,Other,1
2025-07-26,North,N1,Property,2
2025-07-26,North,N1,Service,1
2025-07-26,North,N2,Property,1
2025-07-26,North,N2,Service,3
2025-07-26,North,N2,Quality,1
2025-07-26,North,N3,Property,1
2025-07-26,North,N3,Safety,1
2025-07-26,North,N3,Quality,1
2025-07-26,Central,C1,Quality,2
2025-07-26,Central,C2,Property,1
2025-07-26,Central,C3,Service,1
2025-07-26,East,E1,Property,2
2025-07-26,East,E2,Property,1
2025-07-26,East,E3,Property,2
2025-07-26,West,W1,Service,2
2025-07-26,West,W1,Safety,1
2025-07-26,West,W1,Quality,1
2025-07-26,West,W1,Other,1
2025-07-26,West,W2,Service,1
2025-07-26,West,W3,Quality,1
2025-07-26,West,W3,Other,1
2025-07-27,North,N1,Property,3
2025-07-27,North,N1,Safety,2
2025-07-27,North,N1,Other,1
2025-07-27,North,N2,Property,2
2025-07-27,North,N3,Property,1
2025-07-27,North,N3,Service,2
2025-07-27,Central,C3,Property,3
2025-07-27,East,E1,Property,1
2025-07-27,East,E1,Safety,1
2025-07-27,East,E1,Quality,1
2025-07-27,East,E2,Property,3
2025-07-27,East,E2,Safety,1
2025-07-27,East,E3,Service,1
2025-07-27,West,W3,Service,1
2025-07-28,North,N1,Service,1
2025-07-28,North,N1,Safety,3
2025-07-28,North,N1,Quality,1
2025-07-28,North,N2,Property,1
2025-07-28,North,N2,Service,1
2025-07-28,North,N3,Safety,2
2025-07-28,Central,C1,Property,1
2025-07-28,Central,C1,Safety,1
2025-07-28,Central,C1,Quality,1
2025-07-28,Central,C2,Service,2
2025-07-28,Central,C2,Quality,1
2025-07-28,Central,C3,Property,2
2025-07-28,Central,C3,Safety,1
2025-07-28,Central,C3,Quality,1
2025-07-28,East,E1,Quality,1
2025-07-28,East,E2,Property,1
2025-07-28,East,E2,Service,1
2025-07-28,East,E2,Safety,1
2025-07-28,East,E3,Safety,1
2025-07-28,West,W1,Property,1
2025-07-28,West,W1,Safety,2
2025-07-28,West,W3,Safety,1
2025-07-29,North,N1,Property,1
2025-07-29,North,N1,Safety,1
2025-07-29,North,N2,Property,1
2025-07-29,North,N2,Other,1
2025-07-29,North,N3,Property,1
2025-07-29,North,N3,Safety,1
2025-07-29,North,N3,Other,2
2025-07-29,Central,C1,Property,1
2025-07-29,Central,C1,Service,1
2025-07-29,Central,C1,Quality,1
2025-07-29,Central,C2,Property,1
2025-07-29,Central,C3,Safety,1
2025-07-29,Central,C3,Quality,1
2025-07-29,Central,C3,Other,1
2025-07-29,East,E1,Quality,1
2025-07-29,East,E2,Property,3
2025-07-29,East,E3,Property,1
2025-07-29,East,E3,Service,1
2025-07-29,East,E3,Quality,1
2025-07-29,West,W2,Property,1
2025-07-29,West,W3,Safety,1
2025-07-29,West,W3,Quality,1
2025-07-30,North,N1,Property,1
2025-07-30,North,N1,Service,1
2025-07-30,North,N1,Quality,3
2025-07-30,North,N2,Service,1
2025-07-30,North,N3,Property,1
2025-07-30,North,N3,Service,1
2025-07-30,Central,C1,Service,1
2025-07-30,Central,C1,Quality,1
2025-07-30,Central,C2,Property,1
2025-07-30,Central,C3,Property,1
2025-07-30,Central,C3,Quality,1
2025-07-30,Central,C3,Other,1
2025-07-30,East,E2,Service,1
2025-07-30,East,E2,Safety,1
2025-07-30,East,E3,Property,1
2025-07-30,East,E3,Safety,1
2025-07-30,West,W1,Property,1
2025-07-30,West,W1,Service,1
2025-07-30,West,W2,Property,2
2025-07-30,West,W2,Service,1
2025-07-30,West,W2,Safety,1
2025-07-30,West,W2,Quality,1
2025-07-30,West,W2,Other,1
2025-07-30,West,W3,Property,1
2025-07-30,West,W3,Quality,1
2025-07-31,North,N1,Property,3
2025-07-31,North,N1,Other,1
2025-07-31,North,N2,Service,1
2025-07-31,North,N2,Safety,1
2025-07-31,North,N2,Quality,1
2025-07-31,North,N2,Other,1
2025-07-31,North,N3,Safety,1
2025-07-31,North,N3,Quality,1
2025-07-31,Central,C1,Service,1
2025-07-31,Central,C1,Other,1
2025-07-31,Central,C2,Property,3
2025-07-31,Central,C2,Service,1
2025-07-31,Central,C2,Quality,2
2025-07-31,Central,C3,Property,1
2025-07-31,Central,C3,Safety,1
2025-07-31,East,E1,Service,1
2025-07-31,East,E1,Safety,1
2025-07-31,East,E1,Quality,2
2025-07-31,East,E1,Other,1
2025-07-31,East,E2,Service,2
2025-07-31,East,E2,Safety,1
2025-07-31,West,W1,Service,1
2025-07-31,West,W1,Safety,1
2025-07-31,West,W1,Other,2
2025-07-31,West,W2,Property,1
2025-07-31,West,W2,Other,1
2025-07-31,West,W3,Property,1
2025-08-01,North,N2,Other,1
2025-08-01,North,N3,Property,1
2025-08-01,North,N3,Service,1
2025-08-01,North,N3,Quality,2
2025-08-01,Central,C1,Quality,1
2025-08-01,Central,C3,Safety,1
2025-08-01,Central,C3,Other,1
2025-08-01,East,E1,Other,1
2025-08-01,East,E3,Service,2
2025-08-01,East,E3,Safety,3
2025-08-01,West,W1,Property,1
2025-08-01,West,W1,Safety,1
2025-08-01,West,W3,Other,1
2025-08-02,North,N1,Property,1
2025-08-02,North,N1,Safety,2
2025-08-02,North,N1,Quality,1
2025-08-02,North,N1,Other,1
2025-08-02,North,N2,Property,3
2025-08-02,North,N2,Service,1
2025-08-02,North,N2,Quality,1
2025-08-02,North,N3,Property,1
2025-08-02,North,N3,Service,2
2025-08-02,North,N3,Quality,1
2025-08-02,North,N3,Other,1
2025-08-02,Central,C1,Safety,1
2025-08-02,Central,C1,Quality,2
2025-08-02,Central,C2,Service,1
2025-08-02,Central,C2,Safety,2
2025-08-02,Central,C2,Other,1
2025-08-02,Central,C3,Property,1
2025-08-02,Central,C3,Quality,1
2025-08-02,Central,C3,Other,1
2025-08-02,East,E1,Property,1
2025-08-02,East,E1,Service,1
2025-08-02,East,E1,Safety,1
2025-08-02,East,E3,Service,1
2025-08-02,East,E3,Quality,1
2025-08-02,West,W1,Property,2
2025-08-02,West,W1,Safety,2
2025-08-02,West,W1,Other,1
2025-08-02,West,W3,Quality,2
2025-08-02,West,W3,Other,2
2025-08-03,North,N1,Service,1
2025-08-03,North,N1,Quality,1
2025-08-03,North,N1,Other,1
2025-08-03,North,N2,Service,2
2025-08-03,Central,C1,Property,1
2025-08-03,Central,C1,Safety,3
2025-08-03,Central,C1,Quality,1
2025-08-03,Central,C2,Property,1
2025-08-03,Central,C2,Service,2
2025-08-03,Central,C2,Quality,1
2025-08-03,Central,C3,Service,1
2025-08-03,Central,C3,Safety,2
2025-08-03,Central,C3,Other,1
2025-08-03,East,E1,Safety,1
2025-08-03,East,E2,Service,1
2025-08-03,East,E2,Safety,2
2025-08-03,East,E2,Quality,1
2025-08-03,East,E3,Service,1
2025-08-03,East,E3,Safety,1
2025-08-03,East,E3,Other,1
2025-08-03,West,W1,Service,1
2025-08-03,West,W1,Safety,2
2025-08-03,West,W1,Other,2
2025-08-03,West,W2,Property,1
2025-08-03,West,W3,Service,1
2025-08-04,North,N1,Property,1
2025-08-04,North,N1,Safety,1
2025-08-04,North,N1,Other,1
2025-08-04,North,N2,Service,1
2025-08-04,North,N2,Safety,1
2025-08-04,North,N2,Quality,1
2025-08-04,North,N3,Property,3
2025-08-04,Central,C1,Property,1
2025-08-04,Central,C1,Safety,1
2025-08-04,Central,C2,Service,1
2025-08-04,Central,C3,Safety,2
2025-08-04,Central,C3,Other,1
2025-08-04,East,E1,Quality,1
2025-08-04,East,E1,Other,3
2025-08-04,East,E2,Property,1
2025-08-04,East,E2,Service,1
2025-08-04,East,E2,Safety,1
2025-08-04,West,W1,Property,1
2025-08-04,West,W2,Property,1
2025-08-04,West,W2,Quality,1
2025-08-04,West,W3,Property,1
2025-08-04,West,W3,Safety,2
2025-08-05,North,N1,Property,2
2025-08-05,North,N1,Quality,1
2025-08-05,North,N2,Safety,1
2025-08-05,North,N3,Property,1
2025-08-05,North,N3,Service,1
2025-08-05,Central,C1,Property,1
2025-08-05,Central,C1,Service,3
2025-08-05,Central,C1,Quality,1
2025-08-05,Central,C2,Property,1
2025-08-05,Central,C2,Service,1
2025-08-05,Central,C3,Service,2
2025-08-05,East,E1,Safety,1
2025-08-05,East,E2,Other,1
2025-08-05,East,E3,Quality,1
2025-08-05,West,W1,Quality,1
2025-08-05,West,W3,Service,1
2025-08-06,North,N2,Property,2
2025-08-06,North,N2,Service,1
2025-08-06,North,N2,Safety,1
2025-08-06,North,N3,Service,1
2025-08-06,Central,C1,Property,2
2025-08-06,Central,C1,Service,1
2025-08-06,Central,C2,Safety,3
2025-08-06,Central,C2,Other,1
2025-08-06,East,E1,Service,1
2025-08-06,East,E1,Other,1
2025-08-06,East,E2,Property,1
2025-08-06,East,E2,Service,1
2025-08-06,East,E2,Other,1
2025-08-06,West,W1,Service,1
2025-08-06,West,W1,Safety,1
2025-08-06,West,W1,Quality,1
2025-08-06,West,W2,Safety,1
2025-08-06,West,W2,Quality,1
2025-08-06,West,W3,Property,1
2025-08-06,West,W3,Service,1
2025-08-06,West,W3,Quality,1
2025-08-07,North,N1,Safety,1
2025-08-07,North,N2,Quality,1
2025-08-07,North,N3,Other,1
2025-08-07,Central,C1,Property,1
2025-08-07,Central,C1,Service,2
2025-08-07,Central,C1,Safety,1
2025-08-07,Central,C1,Quality,1
2025-08-07,Central,C2,Safety,1
2025-08-07,Central,C2,Quality,1
2025-08-07,Central,C3,Service,1
2025-08-07,Central,C3,Other,1
2025-08-07,East,E1,Service,1
2025-08-07,East,E2,Property,2
2025-08-07,East,E2,Safety,1
2025-08-07,East,E2,Other,1
2025-08-07,East,E3,Service,1
2025-08-07,East,E3,Safety,1
2025-08-07,East,E3,Other,1
2025-08-07,West,W1,Property,1
2025-08-07,West,W1,Other,2
2025-08-07,West,W2,Property,1
2025-08-07,West,W2,Service,1
2025-08-07,West,W2,Safety,1
2025-08-07,West,W2,Other,1
2025-08-07,West,W3,Property,1
2025-08-07,West,W3,Safety,1
2025-08-07,West,W3,Quality,1
2025-08-08,North,N1,Property,1
2025-08-08,North,N1,Service,2
2025-08-08,North,N1,Safety,1
2025-08-08,North,N1,Quality,1
2025-08-08,North,N2,Property,1
2025-08-08,North,N2,Quality,2
2025-08-08,North,N3,Property,1
2025-08-08,Central,C1,Safety,1
2025-08-08,Central,C2,Property,2
2025-08-08,Central,C2,Service,2
2025-08-08,Central,C3,Safety,1
2025-08-08,Central,C3,Other,1
2025-08-08,East,E1,Service,1
2025-08-08,East,E2,Property,1
2025-08-08,East,E2,Service,1
2025-08-08,East,E2,Safety,1
2025-08-08,East,E2,Quality,1
2025-08-08,East,E2,Other,1
2025-08-08,East,E3,Property,1
2025-08-08,West,W1,Property,2
2025-08-08,West,W1,Other,1
2025-08-08,West,W2,Quality,1
2025-08-09,North,N1,Service,2
2025-08-09,North,N1,Quality,2
2025-08-09,North,N2,Safety,1
2025-08-09,North,N2,Other,2
2025-08-09,North,N3,Property,1
2025-08-09,North,N3,Safety,1
2025-08-09,North,N3,Quality,2
2025-08-09,Central,C1,Safety,1
2025-08-09,Central,C1,Quality,1
2025-08-09,Central,C2,Property,1
2025-08-09,Central,C2,Safety,1
2025-08-09,Central,C2,Quality,1
2025-08-09,Central,C3,Quality,1
2025-08-09,Central,C3,Other,1
2025-08-09,East,E1,Service,1
2025-08-09,East,E1,Quality,2
2025-08-09,East,E2,Property,1
2025-08-09,East,E2,Service,1
2025-08-09,East,E2,Safety,1
2025-08-09,East,E2,Other,1
2025-08-09,West,W1,Property,1
2025-08-09,West,W1,Service,2
2025-08-09,West,W1,Quality,1
2025-08-09,West,W2,Service,1
2025-08-09,West,W3,Service,1
2025-08-10,North,N1,Service,1
2025-08-10,North,N1,Safety,1
2025-08-10,North,N2,Property,1
2025-08-10,North,N2,Safety,1
2025-08-10,North,N2,Other,1
2025-08-10,North,N3,Property,1
2025-08-10,North,N3,Service,2
2025-08-10,North,N3,Safety,2
2025-08-10,Central,C1,Service,1
2025-08-10,Central,C1,Safety,1
2025-08-10,Central,C2,Property,1
2025-08-10,Central,C2,Quality,1
2025-08-10,Central,C3,Safety,1
2025-08-10,Central,C3,Quality,1
2025-08-10,Central,C3,Other,1
2025-08-10,East,E1,Property,1
2025-08-10,East,E1,Quality,1
2025-08-10,East,E2,Quality,1
2025-08-10,East,E3,Safety,1
2025-08-10,East,E3,Quality,1
2025-08-10,West,W1,Service,1
2025-08-10,West,W1,Quality,1
2025-08-10,West,W2,Service,1
2025-08-10,West,W3,Service,1
2025-08-10,West,W3,Safety,1
2025-08-10,West,W3,Quality,1
2025-08-11,North,N1,Property,1
2025-08-11,North,N1,Other,1
2025-08-11,North,N2,Property,1
2025-08-11,North,N3,Quality,1
2025-08-11,Central,C1,Property,1
2025-08-11,Central,C1,Safety,1
2025-08-11,Central,C1,Other,1
2025-08-11,Central,C2,Property,2
2025-08-11,Central,C2,Service,1
2025-08-11,Central,C2,Safety,1
2025-08-11,Central,C3,Property,1
2025-08-11,Central,C3,Service,1
2025-08-11,East,E1,Property,2
2025-08-11,East,E1,Quality,1
2025-08-11,East,E1,Other,1
2025-08-11,East,E2,Property,1
2025-08-11,East,E2,Service,2
2025-08-11,East,E2,Quality,1
2025-08-11,East,E3,Property,1
2025-08-11,East,E3,Safety,1
2025-08-11,West,W1,Property,1
2025-08-11,West,W2,Service,2
2025-08-11,West,W2,Safety,2
2025-08-11,West,W3,Property,2
2025-08-11,West,W3,Service,2
2025-08-11,West,W3,Safety,2
2025-08-11,West,W3,Quality,1
2025-08-12,North,N1,Service,3
2025-08-12,North,N1,Safety,1
2025-08-12,North,N2,Property,2
2025-08-12,North,N2,Other,2
2025-08-12,North,N3,Property,1
2025-08-12,North,N3,Safety,1
2025-08-12,Central,C1,Property,1
2025-08-12,Central,C1,Quality,1
2025-08-12,Central,C2,Safety,1
2025-08-12,Central,C2,Other,1
2025-08-12,Central,C3,Safety,1
2025-08-12,Central,C3,Quality,1
2025-08-12,Central,C3,Other,1
2025-08-12,East,E1,Service,1
2025-08-12,East,E2,Other,1
2025-08-12,East,E3,Service,1
2025-08-12,East,E3,Other,1
2025-08-12,West,W1,Property,1
2025-08-12,West,W1,Service,1
2025-08-12,West,W2,Safety,2
2025-08-12,West,W2,Quality,1
2025-08-12,West,W3,Property,2
2025-08-12,West,W3,Quality,1
2025-08-13,North,N1,Quality,1
2025-08-13,North,N1,Other,1
2025-08-13,North,N2,Property,1
2025-08-13,North,N2,Safety,2
2025-08-13,North,N2,Quality,2
2025-08-13,North,N3,Property,2
2025-08-13,Central,C1,Property,1
2025-08-13,Central,C2,Property,2
2025-08-13,Central,C2,Service,2
2025-08-13,Central,C2,Safety,1
2025-08-13,Central,C2,Other,1
2025-08-13,East,E1,Property,1
2025-08-13,East,E1,Service,1
2025-08-13,East,E1,Quality,1
2025-08-13,East,E2,Property,1
2025-08-13,East,E2,Safety,1
2025-08-13,East,E3,Safety,1
2025-08-13,East,E3,Quality,1
2025-08-13,West,W1,Safety,1
2025-08-13,West,W1,Quality,1
2025-08-13,West,W1,Other,2
2025-08-13,West,W2,Quality,1
2025-08-13,West,W3,Property,2
2025-08-13,West,W3,Service,1
2025-08-14,North,N1,Quality,1
2025-08-14,North,N2,Property,1
2025-08-14,North,N2,Other,1
2025-08-14,North,N3,Property,3
2025-08-14,North,N3,Service,1
2025-08-14,North,N3,Quality,1
2025-08-14,North,N3,Other,1
2025-08-14,Central,C1,Property,2
2025-08-14,Central,C1,Quality,1
2025-08-14,Central,C1,Other,1
2025-08-14,Central,C2,Property,1
2025-08-14,Central,C2,Service,1
2025-08-14,Central,C2,Quality,2
2025-08-14,Central,C3,Other,1
2025-08-14,East,E1,Property,1
2025-08-14,East,E2,Property,2
2025-08-14,East,E2,Service,2
2025-08-14,East,E2,Safety,1
2025-08-14,East,E3,Property,1
2025-08-14,East,E3,Service,1
2025-08-14,East,E3,Safety,2
2025-08-14,East,E3,Quality,2
2025-08-14,East,E3,Other,1
2025-08-14,West,W1,Service,1
2025-08-14,West,W2,Property,3
2025-08-14,West,W3,Service,1
2025-08-14,West,W3,Safety,2
2025-08-15,North,N1,Property,1
2025-08-15,North,N1,Safety,2
2025-08-15,North,N2,Property,1
2025-08-15,North,N3,Property,1
2025-08-15,North,N3,Safety,3
2025-08-15,Central,C1,Safety,2
2025-08-15,Central,C1,Other,1
2025-08-15,Central,C3,Property,1
2025-08-15,East,E1,Property,2
2025-08-15,East,E2,Property,1
2025-08-15,East,E3,Property,1
2025-08-15,East,E3,Service,1
2025-08-15,East,E3,Quality,2
2025-08-15,East,E3,Other,2
2025-08-15,West,W1,Property,1
2025-08-15,West,W1,Service,1
2025-08-15,West,W2,Property,1
2025-08-16,North,N1,Property,1
2025-08-16,North,N2,Quality,1
2025-08-16,North,N3,Property,1
2025-08-16,North,N3,Service,1
2025-08-16,North,N3,Safety,1
2025-08-16,North,N3,Other,1
2025-08-16,Central,C1,Property,1
2025-08-16,Central,C1,Quality,1
2025-08-16,Central,C1,Other,1
2025-08-16,Central,C2,Other,2
2025-08-16,Central,C3,Service,1
2025-08-16,Central,C3,Safety,1
2025-08-16,East,E1,Property,3
2025-08-16,East,E1,Quality,1
2025-08-16,East,E2,Other,2
2025-08-16,East,E3,Service,1
2025-08-16,East,E3,Safety,1
2025-08-16,West,W1,Safety,1
2025-08-16,West,W2,Property,1
2025-08-16,West,W2,Safety,1
2025-08-16,West,W3,Service,4
2025-08-17,North,N1,Property,1
2025-08-17,North,N1,Safety,1
2025-08-17,North,N2,Service,1
2025-08-17,North,N2,Quality,1
2025-08-17,North,N3,Property,1
2025-08-17,North,N3,Service,1
2025-08-17,North,N3,Safety,1
2025-08-17,North,N3,Other,1
2025-08-17,Central,C1,Property,1
2025-08-17,Central,C1,Safety,2
2025-08-17,Central,C1,Quality,1
2025-08-17,Central,C2,Property,2
2025-08-17,Central,C2,Safety,2
2025-08-17,Central,C3,Property,2
2025-08-17,Central,C3,Safety,2
2025-08-17,East,E2,Service,1
2025-08-17,East,E2,Safety,1
2025-08-17,East,E2,Quality,1
2025-08-17,East,E3,Property,1
2025-08-17,East,E3,Safety,1
2025-08-17,East,E3,Other,1
2025-08-17,West,W1,Safety,1
2025-08-17,West,W2,Property,1
2025-08-17,West,W2,Service,1
2025-08-17,West,W3,Property,1
2025-08-17,West,W3,Other,1
2025-08-18,North,N1,Property,1
2025-08-18,North,N1,Service,2
2025-08-18,North,N1,Quality,1
2025-08-18,North,N2,Property,3
2025-08-18,North,N2,Safety,1
2025-08-18,North,N2,Quality,1
2025-08-18,North,N3,Property,1
2025-08-18,North,N3,Service,1
2025-08-18,North,N3,Other,1
2025-08-18,Central,C1,Property,1
2025-08-18,Central,C1,Service,2
2025-08-18,Central,C1,Quality,1
2025-08-18,Central,C2,Safety,3
2025-08-18,Central,C2,Quality,1
2025-08-18,Central,C2,Other,1
2025-08-18,Central,C3,Service,2
2025-08-18,Central,C3,Other,2
2025-08-18,East,E1,Property,2
2025-08-18,East,E1,Safety,1
2025-08-18,East,E2,Property,2
2025-08-18,East,E2,Service,1
2025-08-18,East,E3,Service,1
2025-08-18,East,E3,Quality,2
2025-08-18,West,W1,Service,1
2025-08-18,West,W1,Safety,1
2025-08-18,West,W2,Safety,1
2025-08-19,North,N1,Service,1
2025-08-19,North,N2,Quality,1
2025-08-19,North,N3,Other,2
2025-08-19,Central,C1,Quality,1
2025-08-19,Central,C3,Property,1
2025-08-19,Central,C3,Safety,1
2025-08-19,East,E1,Property,1
2025-08-19,East,E2,Property,1
2025-08-19,East,E2,Safety,2
2025-08-19,East,E3,Property,1
2025-08-19,East,E3,Service,1
2025-08-19,East,E3,Quality,1
2025-08-19,West,W2,Property,2
2025-08-19,West,W3,Property,3
2025-08-19,West,W3,Service,1
2025-08-19,West,W3,Safety,1
2025-08-19,West,W3,Other,1
2025-08-20,North,N1,Property,3
2025-08-20,North,N1,Safety,1
2025-08-20,North,N1,Other,3
2025-08-20,North,N2,Service,1
2025-08-20,North,N2,Other,1
2025-08-20,North,N3,Quality,1
2025-08-20,Central,C1,Quality,1
2025-08-20,Central,C2,Service,2
2025-08-20,Central,C2,Safety,1
2025-08-20,Central,C2,Quality,2
2025-08-20,Central,C2,Other,1
2025-08-20,Central,C3,Service,1
2025-08-20,East,E1,Service,1
2025-08-20,East,E1,Safety,1
2025-08-20,East,E1,Other,1
2025-08-20,East,E2,Property,1
2025-08-20,East,E2,Safety,1
2025-08-20,East,E2,Quality,1
2025-08-20,East,E3,Service,1
2025-08-20,East,E3,Safety,1
2025-08-20,East,E3,Quality,2
2025-08-20,East,E3,Other,1
2025-08-20,West,W1,Service,1
2025-08-20,West,W1,Other,1
2025-08-20,West,W2,Property,1
2025-08-20,West,W2,Safety,1
2025-08-20,West,W2,Quality,1
2025-08-20,West,W2,Other,1
2025-08-20,West,W3,Service,1
2025-08-21,North,N1,Other,1
2025-08-21,North,N2,Property,2
2025-08-21,North,N3,Service,1
2025-08-21,North,N3,Other,1
2025-08-21,Central,C1,Property,1
2025-08-21,Central,C1,Service,1
2025-08-21,Central,C2,Property,1
2025-08-21,Central,C2,Other,1
2025-08-21,Central,C3,Property,2
2025-08-21,Central,C3,Other,1
2025-08-21,East,E1,Service,1
2025-08-21,East,E1,Safety,1
2025-08-21,East,E2,Service,1
2025-08-21,East,E2,Safety,2
2025-08-21,East,E2,Quality,1
2025-08-21,East,E3,Property,1
2025-08-21,East,E3,Service,1
2025-08-21,West,W1,Service,1
2025-08-21,West,W1,Safety,1
2025-08-22,North,N1,Other,2
2025-08-22,North,N2,Property,1
2025-08-22,North,N2,Safety,1
2025-08-22,North,N3,Property,1
2025-08-22,North,N3,Safety,1
2025-08-22,North,N3,Quality,1
2025-08-22,North,N3,Other,2
2025-08-22,Central,C1,Property,1
2025-08-22,Central,C2,Property,2
2025-08-22,Central,C3,Property,2
2025-08-22,East,E1,Quality,1
2025-08-22,East,E2,Service,1
2025-08-22,East,E2,Safety,1
2025-08-22,East,E2,Quality,1
2025-08-22,East,E2,Other,1
2025-08-22,East,E3,Property,1
2025-08-22,East,E3,Safety,1
2025-08-22,West,W1,Property,2
2025-08-22,West,W1,Service,2
2025-08-22,West,W2,Safety,1
2025-08-22,West,W3,Service,1
2025-08-22,West,W3,Safety,1
2025-08-23,North,N1,Property,1
2025-08-23,North,N1,Service,1
2025-08-23,North,N2,Property,1
2025-08-23,North,N2,Service,2
2025-08-23,North,N3,Property,2
2025-08-23,Central,C2,Property,1
2025-08-23,Central,C2,Quality,1
2025-08-23,Central,C3,Quality,2
2025-08-23,East,E1,Property,1
2025-08-23,East,E1,Safety,1
2025-08-23,East,E2,Service,1
2025-08-23,East,E3,Other,1
2025-08-23,West,W1,Property,1
2025-08-23,West,W1,Safety,2
2025-08-23,West,W1,Other,1
2025-08-23,West,W2,Safety,1
2025-08-23,West,W2,Other,1
2025-08-23,West,W3,Property,1
2025-08-23,West,W3,Service,1
2025-08-23,West,W3,Other,1
2025-08-24,North,N1,Safety,1
2025-08-24,North,N2,Property,1
2025-08-24,North,N2,Other,1
2025-08-24,North,N3,Service,1
2025-08-24,North,N3,Safety,1
2025-08-24,North,N3,Quality,2
2025-08-24,Central,C1,Property,2
2025-08-24,Central,C1,Safety,2
2025-08-24,Central,C2,Safety,1
2025-08-24,Central,C2,Quality,1
2025-08-24,Central,C3,Property,1
2025-08-24,Central,C3,Service,4
2025-08-24,Central,C3,Quality,1
2025-08-24,Central,C3,Other,1
2025-08-24,East,E1,Property,1
2025-08-24,East,E1,Service,1
2025-08-24,East,E1,Quality,1
2025-08-24,East,E3,Service,1
2025-08-24,West,W1,Property,2
2025-08-24,West,W1,Safety,1
2025-08-24,West,W2,Property,1
2025-08-24,West,W2,Safety,1
2025-08-24,West,W3,Property,1
2025-08-24,West,W3,Safety,1
2025-08-25,North,N1,Quality,1
2025-08-25,North,N1,Other,1
2025-08-25,North,N2,Service,1
2025-08-25,North,N3,Safety,1
2025-08-25,Central,C1,Property,1
2025-08-25,Central,C1,Other,1
2025-08-25,Central,C2,Service,3
2025-08-25,Central,C2,Safety,1
2025-08-25,Central,C2,Other,1
2025-08-25,Central,C3,Property,3
2025-08-25,Central,C3,Service,1
2025-08-25,Central,C3,Other,2
2025-08-25,East,E1,Property,2
2025-08-25,East,E1,Quality,1
2025-08-25,East,E3,Property,2
2025-08-25,East,E3,Quality,1
2025-08-25,West,W1,Quality,2
2025-08-25,West,W1,Other,1
2025-08-25,West,W2,Safety,1
2025-08-25,West,W2,Quality,1
2025-08-25,West,W3,Property,3
2025-08-25,West,W3,Quality,1
2025-08-26,North,N1,Service,1
2025-08-26,North,N1,Safety,1
2025-08-26,North,N1,Other,1
2025-08-26,North,N2,Service,1
2025-08-26,North,N2,Safety,1
2025-08-26,North,N2,Other,1
2025-08-26,North,N3,Property,2
2025-08-26,Central,C1,Property,1
2025-08-26,Central,C1,Quality,1
2025-08-26,Central,C2,Safety,1
2025-08-26,Central,C2,Quality,2
2025-08-26,Central,C2,Other,1
2025-08-26,Central,C3,Property,1
2025-08-26,Central,C3,Service,2
2025-08-26,Central,C3,Safety,3
2025-08-26,Central,C3,Quality,2
2025-08-26,East,E1,Property,2
2025-08-26,East,E1,Service,1
2025-08-26,East,E3,Property,1
2025-08-26,West,W1,Property,1
2025-08-26,West,W2,Property,1
2025-08-26,West,W3,Property,1
2025-08-26,West,W3,Safety,1
2025-08-27,North,N1,Property,1
2025-08-27,North,N1,Service,1
2025-08-27,North,N1,Safety,1
2025-08-27,North,N2,Service,1
2025-08-27,North,N2,Quality,1
2025-08-27,North,N3,Service,2
2025-08-27,Central,C1,Service,1
2025-08-27,Central,C2,Property,1
2025-08-27,Central,C2,Safety,1
2025-08-27,Central,C2,Other,1
2025-08-27,Central,C3,Service,1
2025-08-27,Central,C3,Quality,1
2025-08-27,Central,C3,Other,1
2025-08-27,East,E3,Service,1
2025-08-27,East,E3,Quality,2
2025-08-27,West,W1,Property,1
2025-08-27,West,W2,Property,1
2025-08-27,West,W2,Quality,1
2025-08-27,West,W3,Property,1
2025-08-28,North,N1,Property,1
2025-08-28,North,N1,Safety,2
2025-08-28,North,N1,Other,1
2025-08-28,North,N2,Other,1
2025-08-28,North,N3,Property,2
2025-08-28,Central,C2,Safety,2
2025-08-28,Central,C3,Service,1
2025-08-28,Central,C3,Safety,1
2025-08-28,Central,C3,Quality,2
2025-08-28,Central,C3,Other,1
2025-08-28,East,E1,Safety,2
2025-08-28,East,E1,Quality,1
2025-08-28,East,E2,Property,1
2025-08-28,East,E2,Safety,1
2025-08-28,East,E3,Service,1
2025-08-28,East,E3,Quality,1
2025-08-28,East,E3,Other,1
2025-08-28,West,W1,Service,1
2025-08-28,West,W2,Service,1
2025-08-28,West,W2,Quality,1
2025-08-28,West,W3,Property,2
2025-08-28,West,W3,Quality,1
2025-08-29,North,N1,Property,2
2025-08-29,North,N1,Quality,1
2025-08-29,North,N2,Service,1
2025-08-29,North,N2,Safety,1
2025-08-29,North,N2,Quality,1
2025-08-29,North,N3,Property,1
2025-08-29,North,N3,Service,1
2025-08-29,North,N3,Safety,1
2025-08-29,North,N3,Quality,1
2025-08-29,Central,C1,Property,1
2025-08-29,Central,C1,Service,1
2025-08-29,Central,C1,Quality,1
2025-08-29,Central,C2,Service,1
2025-08-29,Central,C2,Safety,1
2025-08-29,East,E2,Property,2
2025-08-29,East,E2,Safety,2
2025-08-29,East,E3,Property,1
2025-08-29,East,E3,Safety,1
2025-08-29,West,W1,Service,1
2025-08-29,West,W3,Service,1
2025-08-29,West,W3,Quality,1
2025-08-30,North,N1,Service,1
2025-08-30,North,N3,Safety,1
2025-08-30,Central,C1,Property,1
2025-08-30,Central,C1,Service,1
2025-08-30,Central,C1,Safety,3
2025-08-30,Central,C1,Quality,1
2025-08-30,Central,C1,Other,1
2025-08-30,Central,C2,Quality,1
2025-08-30,Central,C3,Safety,2
2025-08-30,Central,C3,Other,1
2025-08-30,East,E1,Property,1
2025-08-30,East,E1,Safety,1
2025-08-30,East,E1,Quality,1
2025-08-30,East,E2,Service,2
2025-08-30,East,E2,Safety,1
2025-08-30,East,E2,Quality,1
2025-08-30,East,E3,Property,1
2025-08-30,East,E3,Service,1
2025-08-30,East,E3,Safety,1
2025-08-30,West,W1,Property,1
2025-08-30,West,W1,Safety,1
2025-08-30,West,W1,Quality,1
2025-08-30,West,W2,Property,2
2025-08-30,West,W2,Service,3
2025-08-30,West,W2,Quality,1
2025-08-31,North,N1,Property,1
2025-08-31,North,N1,Safety,1
2025-08-31,North,N2,Property,1
2025-08-31,North,N2,Service,1
2025-08-31,North,N2,Quality,2
2025-08-31,Central,C1,Property,1
2025-08-31,Central,C1,Quality,1
2025-08-31,Central,C3,Property,1
2025-08-31,Central,C3,Service,2
2025-08-31,Central,C3,Quality,1
2025-08-31,East,E1,Property,1
2025-08-31,East,E2,Service,1
2025-08-31,East,E2,Safety,1
2025-08-31,West,W1,Other,1
2025-08-31,West,W3,Service,2
2025-09-01,North,N1,Property,1
2025-09-01,North,N2,Property,1
2025-09-01,Central,C1,Property,1
2025-09-01,Central,C1,Service,1
2025-09-01,Central,C1,Safety,1
2025-09-01,Central,C3,Property,1
2025-09-01,Central,C3,Quality,2
2025-09-01,East,E1,Safety,1
2025-09-01,East,E1,Quality,1
2025-09-01,East,E1,Other,1
2025-09-01,East,E2,Quality,1
2025-09-01,East,E2,Other,1
2025-09-01,East,E3,Quality,1
2025-09-01,West,W1,Service,2
2025-09-01,West,W2,Property,1
2025-09-01,West,W2,Service,2
2025-09-01,West,W2,Safety,1
2025-09-01,West,W3,Service,1
2025-09-01,West,W3,Safety,2
2025-09-02,North,N1,Service,1
2025-09-02,North,N1,Safety,1
2025-09-02,North,N1,Quality,1
2025-09-02,North,N1,Other,2
2025-09-02,North,N2,Service,1
2025-09-02,North,N3,Safety,1
2025-09-02,North,N3,Quality,2
2025-09-02,North,N3,Other,1
2025-09-02,Central,C1,Service,2
2025-09-02,Central,C1,Safety,1
2025-09-02,Central,C1,Quality,1
2025-09-02,Central,C2,Property,1
2025-09-02,Central,C2,Safety,2
2025-09-02,Central,C2,Quality,1
2025-09-02,Central,C3,Property,1
2025-09-02,Central,C3,Safety,2
2025-09-02,Central,C3,Other,2
2025-09-02,East,E2,Property,2
2025-09-02,East,E3,Property,1
2025-09-02,East,E3,Service,1
2025-09-02,East,E3,Quality,2
2025-09-02,East,E3,Other,1
2025-09-02,West,W1,Property,1
2025-09-02,West,W1,Safety,1
2025-09-02,West,W1,Quality,1
2025-09-02,West,W1,Other,1
2025-09-03,North,N1,Service,2
2025-09-03,North,N1,Quality,1
2025-09-03,North,N1,Other,1
2025-09-03,North,N2,Safety,1
2025-09-03,North,N3,Property,2
2025-09-03,North,N3,Safety,1
2025-09-03,Central,C1,Service,1
2025-09-03,Central,C2,Service,1
2025-09-03,Central,C2,Other,1
2025-09-03,Central,C3,Property,1
2025-09-03,Central,C3,Quality,1
2025-09-03,East,E1,Service,1
2025-09-03,East,E1,Safety,1
2025-09-03,East,E1,Quality,1
2025-09-03,East,E2,Property,1
2025-09-03,West,W1,Property,1
2025-09-03,West,W1,Service,2
2025-09-03,West,W1,Safety,1
2025-09-03,West,W2,Property,1
2025-09-03,West,W3,Safety,1
2025-09-04,North,N1,Property,2
2025-09-04,North,N1,Service,1
2025-09-04,North,N1,Safety,1
2025-09-04,North,N1,Quality,1
2025-09-04,North,N2,Quality,2
2025-09-04,North,N3,Property,2
2025-09-04,Central,C1,Quality,1
2025-09-04,Central,C1,Other,1
2025-09-04,Central,C2,Property,3
2025-09-04,Central,C2,Service,1
2025-09-04,Central,C2,Quality,1
2025-09-04,Central,C3,Property,1
2025-09-04,Central,C3,Service,1
2025-09-04,East,E1,Property,2
2025-09-04,East,E1,Safety,1
2025-09-04,East,E2,Property,1
2025-09-04,East,E2,Safety,2
2025-09-04,East,E2,Other,1
2025-09-04,East,E3,Property,1
2025-09-04,East,E3,Safety,1
2025-09-04,West,W1,Property,1
2025-09-04,West,W1,Service,1
2025-09-04,West,W1,Quality,3
2025-09-04,West,W2,Property,1
2025-09-05,North,N1,Property,1
2025-09-05,North,N1,Service,1
2025-09-05,North,N1,Safety,1
2025-09-05,North,N1,Quality,2
2025-09-05,North,N2,Property,1
2025-09-05,North,N2,Service,2
2025-09-05,North,N2,Safety,1
2025-09-05,North,N3,Service,1
2025-09-05,North,N3,Safety,1
2025-09-05,Central,C1,Service,1
2025-09-05,Central,C2,Safety,1
2025-09-05,Central,C2,Quality,1
2025-09-05,Central,C3,Quality,2
2025-09-05,East,E1,Property,1
2025-09-05,East,E1,Service,1
2025-09-05,East,E1,Safety,1
2025-09-05,East,E2,Service,1
2025-09-05,East,E3,Service,1
2025-09-05,East,E3,Quality,1
2025-09-05,West,W1,Quality,1
2025-09-05,West,W1,Other,1
2025-09-05,West,W2,Property,2
2025-09-05,West,W3,Safety,1
2025-09-05,West,W3,Quality,1
2025-09-06,North,N1,Property,1
2025-09-06,North,N1,Service,2
2025-09-06,North,N2,Other,1
2025-09-06,North,N3,Property,1
2025-09-06,North,N3,Quality,1
2025-09-06,Central,C2,Property,1
2025-09-06,Central,C2,Quality,1
2025-09-06,Central,C3,Property,1
2025-09-06,Central,C3,Safety,2
2025-09-06,East,E2,Service,1
2025-09-06,East,E2,Other,1
2025-09-06,East,E3,Property,1
2025-09-06,West,W1,Property,1
2025-09-06,West,W1,Service,1
2025-09-06,West,W1,Safety,1
2025-09-06,West,W1,Quality,2
2025-09-06,West,W2,Property,1
2025-09-06,West,W3,Service,1
2025-09-06,West,W3,Safety,1
2025-09-06,West,W3,Quality,1
2025-09-06,West,W3,Other,1
2025-09-07,North,N1,Property,1
2025-09-07,North,N2,Safety,2
2025-09-07,North,N2,Quality,1
2025-09-07,North,N3,Property,1
2025-09-07,North,N3,Safety,1
2025-09-07,North,N3,Quality,1
2025-09-07,North,N3,Other,1
2025-09-07,Central,C1,Property,1
2025-09-07,Central,C1,Service,2
2025-09-07,Central,C1,Safety,1
2025-09-07,Central,C2,Property,1
2025-09-07,Central,C2,Safety,1
2025-09-07,Central,C2,Quality,1
2025-09-07,Central,C3,Property,1
2025-09-07,Central,C3,Safety,1
2025-09-07,Central,C3,Other,1
2025-09-07,East,E2,Safety,1
2025-09-07,East,E3,Safety,1
2025-09-07,East,E3,Other,1
2025-09-07,West,W1,Property,1
2025-09-07,West,W1,Service,3
2025-09-07,West,W1,Quality,1
2025-09-07,West,W3,Quality,1
2025-09-08,North,N1,Property,1
2025-09-08,North,N2,Service,1
2025-09-08,North,N3,Service,2
2025-09-08,Central,C1,Property,1
2025-09-08,Central,C3,Property,1
2025-09-08,East,E1,Quality,1
2025-09-08,East,E2,Service,1
2025-09-08,East,E2,Safety,2
2025-09-08,East,E3,Property,1
2025-09-08,East,E3,Service,1
2025-09-08,East,E3,Safety,1
2025-09-08,West,W1,Service,1
2025-09-08,West,W1,Quality,1
2025-09-08,West,W2,Property,1
2025-09-08,West,W2,Service,1
2025-09-08,West,W3,Service,1
2025-09-09,North,N1,Property,1
2025-09-09,North,N1,Service,1
2025-09-09,North,N2,Property,1
2025-09-09,North,N2,Service,1
2025-09-09,North,N2,Safety,1
2025-09-09,North,N3,Service,1
2025-09-09,Central,C1,Property,1
2025-09-09,Central,C2,Property,2
2025-09-09,Central,C2,Other,1
2025-09-09,Central,C3,Service,1
2025-09-09,Central,C3,Safety,1
2025-09-09,East,E1,Service,1
2025-09-09,East,E1,Quality,1
2025-09-09,East,E2,Property,1
2025-09-09,East,E2,Service,1
2025-09-09,East,E2,Safety,1
2025-09-09,East,E2,Other,1
2025-09-09,West,W1,Service,3
2025-09-09,West,W2,Service,1
2025-09-09,West,W3,Safety,1
2025-09-10,North,N1,Property,2
2025-09-10,North,N1,Safety,1
2025-09-10,North,N1,Quality,1
2025-09-10,North,N3,Service,1
2025-09-10,Central,C1,Service,1
2025-09-10,Central,C2,Service,1
2025-09-10,Central,C2,Quality,1
2025-09-10,Central,C3,Safety,2
2025-09-10,East,E1,Property,1
2025-09-10,East,E1,Service,1
2025-09-10,East,E1,Quality,2
2025-09-10,East,E2,Property,2
2025-09-10,East,E2,Service,1
2025-09-10,East,E3,Property,1
2025-09-10,East,E3,Other,1
2025-09-10,West,W1,Property,1
2025-09-10,West,W2,Property,1
2025-09-10,West,W2,Safety,1
2025-09-10,West,W2,Quality,1
2025-09-10,West,W3,Safety,1
2025-09-11,North,N1,Property,1
2025-09-11,North,N1,Service,1
2025-09-11,North,N3,Property,2
2025-09-11,North,N3,Service,3
2025-09-11,Central,C1,Property,1
2025-09-11,Central,C1,Service,2
2025-09-11,Central,C1,Safety,2
2025-09-11,Central,C1,Quality,1
2025-09-11,Central,C2,Property,1
2025-09-11,Central,C2,Safety,1
2025-09-11,Central,C3,Property,1
2025-09-11,Central,C3,Safety,1
2025-09-11,East,E3,Service,1
2025-09-11,West,W2,Property,2
2025-09-11,West,W2,Service,1
2025-09-11,West,W2,Other,1
2025-09-11,West,W3,Property,1
2025-09-12,North,N1,Quality,1
2025-09-12,Central,C1,Property,1
2025-09-12,Central,C1,Other,1
2025-09-12,Central,C2,Property,3
2025-09-12,Central,C2,Service,1
2025-09-12,Central,C2,Other,1
2025-09-12,East,E2,Service,1
2025-09-12,East,E2,Safety,1
2025-09-12,East,E3,Safety,1
2025-09-12,East,E3,Quality,1
2025-09-12,East,E3,Other,2
2025-09-12,West,W2,Property,1
2025-09-12,West,W2,Service,1
2025-09-12,West,W2,Quality,1
2025-09-12,West,W3,Property,1
2025-09-12,West,W3,Other,1
2025-09-13,North,N1,Service,2
2025-09-13,North,N1,Quality,1
2025-09-13,North,N3,Property,1
2025-09-13,North,N3,Service,1
2025-09-13,Central,C1,Property,1
2025-09-13,Central,C1,Safety,2
2025-09-13,Central,C2,Service,2
2025-09-13,Central,C3,Service,2
2025-09-13,Central,C3,Other,1
2025-09-13,East,E1,Service,3
2025-09-13,East,E2,Service,1
2025-09-13,East,E2,Quality,1
2025-09-13,East,E3,Property,1
2025-09-13,West,W1,Property,1
2025-09-13,West,W1,Quality,3
2025-09-13,West,W2,Property,1
2025-09-13,West,W3,Property,2
2025-09-13,West,W3,Safety,1
2025-09-14,North,N1,Service,2
2025-09-14,North,N2,Property,1
2025-09-14,North,N2,Service,1
2025-09-14,Central,C1,Safety,2
2025-09-14,Central,C2,Property,1
2025-09-14,Central,C2,Safety,1
2025-09-14,Central,C3,Quality,1
2025-09-14,East,E1,Property,1
2025-09-14,East,E1,Safety,1
2025-09-14,East,E2,Property,1
2025-09-14,East,E2,Quality,1
2025-09-14,East,E3,Property,1
2025-09-14,East,E3,Quality,1
2025-09-14,East,E3,Other,1
2025-09-14,West,W1,Property,1
2025-09-14,West,W3,Service,1
2025-09-14,West,W3,Safety,1
2025-09-15,North,N1,Service,1
2025-09-15,North,N1,Other,2
2025-09-15,North,N2,Safety,1
2025-09-15,North,N3,Property,1
2025-09-15,North,N3,Service,1
2025-09-15,Central,C1,Other,1
2025-09-15,Central,C2,Service,1
2025-09-15,Central,C2,Quality,1
2025-09-15,Central,C3,Property,3
2025-09-15,Central,C3,Service,1
2025-09-15,Central,C3,Other,1
2025-09-15,East,E1,Property,2
2025-09-15,East,E1,Safety,1
2025-09-15,East,E1,Quality,1
2025-09-15,East,E2,Safety,1
2025-09-15,East,E3,Property,1
2025-09-15,East,E3,Service,1
2025-09-15,East,E3,Safety,1
2025-09-15,East,E3,Quality,1
2025-09-15,East,E3,Other,1
2025-09-15,West,W1,Property,1
2025-09-15,West,W1,Safety,2
2025-09-15,West,W1,Other,1
2025-09-15,West,W2,Property,1
2025-09-15,West,W3,Property,2
2025-09-15,West,W3,Service,1
2025-09-16,North,N1,Other,1
2025-09-16,North,N2,Property,3
2025-09-16,North,N2,Safety,2
2025-09-16,North,N3,Service,1
2025-09-16,Central,C2,Property,1
2025-09-16,Central,C2,Safety,1
2025-09-16,Central,C3,Property,1
2025-09-16,Central,C3,Service,1
2025-09-16,Central,C3,Other,1
2025-09-16,East,E1,Property,2
2025-09-16,East,E1,Safety,1
2025-09-16,East,E1,Other,1
2025-09-16,West,W1,Property,1
2025-09-16,West,W1,Safety,1
2025-09-16,West,W1,Quality,1
2025-09-16,West,W2,Safety,1
2025-09-16,West,W2,Quality,1
2025-09-16,West,W3,Service,1
2025-09-16,West,W3,Quality,1
2025-09-16,West,W3,Other,1
2025-09-17,North,N1,Service,1
2025-09-17,North,N1,Other,1
2025-09-17,North,N2,Property,1
2025-09-17,North,N2,Other,1
2025-09-17,North,N3,Property,4
2025-09-17,North,N3,Service,1
2025-09-17,Central,C1,Quality,1
2025-09-17,Central,C2,Property,1
2025-09-17,Central,C2,Service,1
2025-09-17,Central,C2,Quality,1
2025-09-17,Central,C3,Safety,1
2025-09-17,East,E2,Quality,1
2025-09-17,East,E2,Other,1
2025-09-17,East,E3,Service,1
2025-09-17,East,E3,Quality,2
2025-09-17,West,W1,Service,1
2025-09-17,West,W2,Property,1
2025-09-17,West,W2,Other,1
2025-09-18,North,N1,Service,1
2025-09-18,North,N1,Safety,1
2025-09-18,North,N2,Property,1
2025-09-18,North,N2,Quality,1
2025-09-18,Central,C1,Property,1
2025-09-18,Central,C1,Safety,1
2025-09-18,Central,C2,Property,1
2025-09-18,Central,C2,Service,1
2025-09-18,Central,C2,Safety,1
2025-09-18,Central,C2,Quality,1
2025-09-18,Central,C2,Other,1
2025-09-18,Central,C3,Property,2
2025-09-18,Central,C3,Quality,2
2025-09-18,East,E1,Quality,1
2025-09-18,East,E1,Other,2
2025-09-18,East,E2,Quality,1
2025-09-18,East,E3,Property,1
2025-09-18,East,E3,Safety,1
2025-09-18,West,W1,Safety,1
2025-09-18,West,W2,Service,2
2025-09-18,West,W2,Other,1
2025-09-18,West,W3,Property,1
2025-09-19,North,N2,Safety,1
2025-09-19,North,N2,Quality,1
2025-09-19,North,N3,Service,2
2025-09-19,North,N3,Safety,2
2025-09-19,Central,C1,Property,3
2025-09-19,Central,C1,Service,2
2025-09-19,Central,C1,Safety,1
2025-09-19,Central,C1,Quality,1
2025-09-19,Central,C2,Service,1
2025-09-19,Central,C2,Other,1
2025-09-19,Central,C3,Other,1
2025-09-19,East,E1,Service,1
2025-09-19,East,E2,Service,2
2025-09-19,East,E2,Safety,1
2025-09-19,East,E2,Quality,1
2025-09-19,West,W3,Service,1
2025-09-19,West,W3,Other,1
2025-09-20,North,N1,Property,2
2025-09-20,North,N2,Service,1
2025-09-20,North,N2,Safety,1
2025-09-20,North,N2,Quality,2
2025-09-20,North,N3,Service,1
2025-09-20,North,N3,Safety,1
2025-09-20,Central,C1,Property,1
2025-09-20,Central,C1,Service,1
2025-09-20,Central,C2,Service,2
2025-09-20,Central,C2,Quality,1
2025-09-20,Central,C3,Property,2
2025-09-20,Central,C3,Service,2
2025-09-20,East,E1,Property,1
2025-09-20,East,E1,Other,1
2025-09-20,East,E2,Property,1
2025-09-20,East,E2,Service,1
2025-09-20,East,E2,Other,1
2025-09-20,East,E3,Property,1
2025-09-20,West,W1,Property,1
2025-09-20,West,W1,Other,1
2025-09-20,West,W2,Property,1
2025-09-20,West,W2,Other,1
2025-09-20,West,W3,Other,1
2025-09-21,North,N1,Property,2
2025-09-21,North,N1,Service,1
2025-09-21,North,N1,Quality,1
2025-09-21,North,N2,Property,1
2025-09-21,North,N3,Safety,1
2025-09-21,North,N3,Other,1
2025-09-21,Central,C1,Property,1
2025-09-21,Central,C1,Service,2
2025-09-21,Central,C1,Other,1
2025-09-21,Central,C2,Property,1
2025-09-21,Central,C2,Service,1
2025-09-21,Central,C2,Quality,1
2025-09-21,East,E1,Property,1
2025-09-21,East,E1,Safety,1
2025-09-21,East,E2,Service,2
2025-09-21,East,E3,Other,1
2025-09-21,West,W1,Property,1
2025-09-21,West,W1,Service,1
2025-09-21,West,W2,Property,1
2025-09-21,West,W3,Property,1
2025-09-21,West,W3,Quality,1
2025-09-22,North,N2,Property,1
2025-09-22,North,N2,Safety,1
2025-09-22,North,N2,Other,1
2025-09-22,North,N3,Property,1
2025-09-22,North,N3,Service,1
2025-09-22,North,N3,Quality,1
2025-09-22,Central,C1,Safety,1
2025-09-22,Central,C2,Service,1
2025-09-22,Central,C3,Service,1
2025-09-22,Central,C3,Quality,1
2025-09-22,Central,C3,Other,1
2025-09-22,East,E1,Quality,1
2025-09-22,East,E2,Property,1
2025-09-22,East,E2,Other,1
2025-09-22,East,E3,Property,1
2025-09-22,West,W2,Property,1
2025-09-22,West,W2,Safety,1
2025-09-22,West,W2,Other,1
2025-09-22,West,W3,Property,1
2025-09-23,North,N2,Safety,2
2025-09-23,North,N2,Other,1
2025-09-23,North,N3,Property,2
2025-09-23,Central,C1,Property,2
2025-09-23,Central,C1,Safety,2
2025-09-23,Central,C1,Other,1
2025-09-23,Central,C2,Quality,1
2025-09-23,Central,C3,Service,1
2025-09-23,East,E1,Quality,2
2025-09-23,East,E2,Quality,2
2025-09-23,East,E3,Property,1
2025-09-23,East,E3,Service,3
2025-09-23,East,E3,Other,1
2025-09-23,West,W1,Other,1
2025-09-23,West,W2,Quality,1
2025-09-23,West,W2,Other,1
2025-09-23,West,W3,Property,1
2025-09-24,North,N1,Property,1
2025-09-24,North,N1,Service,1
2025-09-24,North,N1,Quality,1
2025-09-24,North,N2,Property,1
2025-09-24,North,N2,Safety,1
2025-09-24,North,N3,Safety,1
2025-09-24,Central,C1,Property,1
2025-09-24,Central,C2,Property,1
2025-09-24,Central,C2,Service,1
2025-09-24,Central,C3,Property,1
2025-09-24,Central,C3,Service,1
2025-09-24,Central,C3,Safety,1
2025-09-24,Central,C3,Quality,1
2025-09-24,East,E1,Property,1
2025-09-24,East,E1,Quality,1
2025-09-24,East,E2,Property,1
2025-09-24,East,E2,Safety,1
2025-09-24,East,E2,Other,1
2025-09-24,East,E3,Property,1
2025-09-24,East,E3,Safety,1
2025-09-24,West,W2,Service,1
2025-09-24,West,W2,Safety,2
2025-09-24,West,W2,Quality,1
2025-09-24,West,W3,Property,2
2025-09-24,West,W3,Quality,1
2025-09-25,North,N3,Other,1
2025-09-25,Central,C1,Quality,1
2025-09-25,Central,C1,Other,1
2025-09-25,Central,C2,Property,1
2025-09-25,Central,C2,Other,1
2025-09-25,Central,C3,Service,1
2025-09-25,East,E1,Property,1
2025-09-25,East,E1,Service,1
2025-09-25,East,E2,Quality,1
2025-09-25,East,E3,Service,1
2025-09-25,West,W1,Quality,1
2025-09-25,West,W2,Quality,1
2025-09-25,West,W3,Service,1
2025-09-25,West,W3,Other,2
2025-09-26,North,N1,Property,2
2025-09-26,North,N2,Property,1
2025-09-26,North,N2,Safety,1
2025-09-26,North,N3,Property,1
2025-09-26,North,N3,Safety,1
2025-09-26,Central,C1,Property,1
2025-09-26,Central,C1,Quality,2
2025-09-26,Central,C2,Quality,1
2025-09-26,Central,C2,Other,1
2025-09-26,Central,C3,Property,1
2025-09-26,Central,C3,Safety,1
2025-09-26,Central,C3,Quality,1
2025-09-26,Central,C3,Other,2
2025-09-26,East,E1,Service,1
2025-09-26,East,E2,Safety,2
2025-09-26,East,E3,Safety,1
2025-09-26,West,W1,Quality,1
2025-09-26,West,W3,Other,1
2025-09-27,North,N1,Property,2
2025-09-27,North,N1,Service,1
2025-09-27,North,N1,Quality,1
2025-09-27,North,N1,Other,1
2025-09-27,North,N2,Property,1
2025-09-27,North,N2,Safety,1
2025-09-27,North,N2,Other,1
2025-09-27,North,N3,Safety,1
2025-09-27,Central,C1,Service,1
2025-09-27,Central,C1,Safety,1
2025-09-27,Central,C2,Property,1
2025-09-27,Central,C3,Property,1
2025-09-27,Central,C3,Service,1
2025-09-27,Central,C3,Safety,1
2025-09-27,Central,C3,Quality,1
2025-09-27,East,E3,Property,1
2025-09-27,East,E3,Service,1
2025-09-27,East,E3,Safety,1
2025-09-27,West,W1,Quality,1
2025-09-27,West,W2,Service,1
2025-09-27,West,W3,Service,1
2025-09-27,West,W3,Other,1
2025-09-28,North,N1,Service,1
2025-09-28,North,N2,Property,2
2025-09-28,North,N3,Property,3
2025-09-28,North,N3,Quality,1
2025-09-28,Central,C1,Safety,1
2025-09-28,Central,C3,Property,2
2025-09-28,Central,C3,Service,1
2025-09-28,East,E1,Quality,2
2025-09-28,East,E2,Property,1
2025-09-28,East,E2,Quality,2
2025-09-28,West,W1,Service,1
2025-09-28,West,W1,Safety,1
2025-09-28,West,W2,Property,2
2025-09-28,West,W2,Service,1
2025-09-28,West,W2,Other,1
2025-09-28,West,W3,Property,1
2025-09-28,West,W3,Service,2
2025-09-28,West,W3,Other,1
2025-09-29,North,N1,Service,1
2025-09-29,North,N1,Other,1
2025-09-29,North,N2,Property,2
2025-09-29,North,N2,Safety,1
2025-09-29,North,N2,Quality,1
2025-09-29,North,N3,Safety,2
2025-09-29,Central,C1,Safety,1
2025-09-29,Central,C3,Service,1
2025-09-29,East,E1,Other,1
2025-09-29,East,E2,Quality,1
2025-09-29,East,E2,Other,1
2025-09-29,East,E3,Service,1
2025-09-29,West,W1,Property,2
2025-09-29,West,W1,Safety,1
2025-09-29,West,W1,Quality,1
2025-09-29,West,W1,Other,1
2025-09-29,West,W2,Property,1
2025-09-29,West,W2,Service,2
2025-09-29,West,W2,Safety,1
2025-09-29,West,W3,Service,2
2025-09-30,North,N1,Service,1
2025-09-30,North,N1,Quality,1
2025-09-30,North,N2,Quality,1
2025-09-30,North,N2,Other,1
2025-09-30,North,N3,Property,4
2025-09-30,North,N3,Safety,1
2025-09-30,North,N3,Quality,1
2025-09-30,North,N3,Other,1
2025-09-30,Central,C1,Property,1
2025-09-30,Central,C2,Service,1
2025-09-30,Central,C2,Safety,1
2025-09-30,Central,C2,Quality,1
2025-09-30,Central,C3,Property,1
2025-09-30,Central,C3,Safety,1
2025-09-30,Central,C3,Other,1
2025-09-30,East,E1,Other,1
2025-09-30,East,E2,Property,1
2025-09-30,East,E3,Property,1
2025-09-30,West,W1,Property,1
2025-09-30,West,W1,Service,2
2025-09-30,West,W1,Safety,2
2025-09-30,West,W1,Quality,1
2025-09-30,West,W2,Property,2
2025-09-30,West,W2,Service,1
2025-09-30,West,W2,Safety,1
2025-09-30,West,W2,Quality,1
2025-09-30,West,W3,Service,2
2025-10-01,North,N1,Service,1
2025-10-01,North,N1,Other,1
2025-10-01,Central,C1,Property,1
2025-10-01,Central,C1,Safety,2
2025-10-01,Central,C1,Other,1
2025-10-01,Central,C2,Property,2
2025-10-01,Central,C2,Safety,1
2025-10-01,Central,C3,Property,2
2025-10-01,East,E1,Property,1
2025-10-01,East,E1,Safety,1
2025-10-01,East,E2,Quality,1
2025-10-01,East,E3,Property,1
2025-10-01,East,E3,Safety,1
2025-10-01,West,W1,Other,1
2025-10-01,West,W2,Property,1
2025-10-01,West,W2,Service,1
2025-10-02,North,N2,Safety,1
2025-10-02,Central,C1,Property,1
2025-10-02,Central,C2,Service,2
2025-10-02,Central,C2,Safety,1
2025-10-02,Central,C3,Service,1
2025-10-02,Central,C3,Quality,1
2025-10-02,East,E1,Service,1
2025-10-02,East,E1,Safety,1
2025-10-02,East,E1,Quality,3
2025-10-02,East,E2,Property,1
2025-10-02,East,E2,Service,2
2025-10-02,East,E3,Safety,1
2025-10-02,West,W1,Safety,1
2025-10-02,West,W1,Other,1
2025-10-02,West,W2,Safety,1
2025-10-02,West,W2,Quality,1
2025-10-02,West,W3,Service,1
2025-10-02,West,W3,Quality,1
2025-10-02,West,W3,Other,1
2025-10-03,North,N1,Property,1
2025-10-03,North,N2,Property,2
2025-10-03,North,N2,Service,1
2025-10-03,North,N2,Other,1
2025-10-03,Central,C1,Property,2
2025-10-03,Central,C1,Service,2
2025-10-03,Central,C1,Safety,1
2025-10-03,Central,C2,Property,1
2025-10-03,Central,C3,Service,1
2025-10-03,Central,C3,Quality,2
2025-10-03,East,E1,Safety,1
2025-10-03,East,E2,Safety,1
2025-10-03,West,W1,Service,1
2025-10-03,West,W1,Other,1
2025-10-03,West,W2,Service,1
2025-10-03,West,W2,Safety,1
2025-10-03,West,W2,Quality,1
2025-10-03,West,W3,Service,1
2025-10-03,West,W3,Quality,1
2025-10-04,North,N1,Service,1
2025-10-04,North,N1,Quality,1
2025-10-04,North,N2,Property,1
2025-10-04,North,N3,Quality,1
2025-10-04,North,N3,Other,1
2025-10-04,Central,C1,Property,3
2025-10-04,Central,C1,Service,1
2025-10-04,Central,C2,Property,1
2025-10-04,Central,C2,Safety,1
2025-10-04,Central,C3,Service,1
2025-10-04,Central,C3,Safety,1
2025-10-04,Central,C3,Quality,1
2025-10-04,East,E1,Safety,2
2025-10-04,East,E1,Quality,1
2025-10-04,East,E1,Other,1
2025-10-04,East,E2,Quality,1
2025-10-04,East,E3,Property,1
2025-10-04,East,E3,Other,1
2025-10-04,West,W2,Property,1
2025-10-04,West,W2,Service,1
2025-10-04,West,W2,Safety,1
2025-10-04,West,W2,Quality,1
2025-10-04,West,W3,Service,2
2025-10-05,North,N1,Property,1
2025-10-05,North,N1,Service,1
2025-10-05,North,N3,Property,1
2025-10-05,North,N3,Service,2
2025-10-05,North,N3,Quality,1
2025-10-05,Central,C1,Property,4
2025-10-05,Central,C1,Service,1
2025-10-05,Central,C2,Property,2
2025-10-05,Central,C2,Safety,1
2025-10-05,Central,C2,Quality,1
2025-10-05,Central,C3,Quality,1
2025-10-05,Central,C3,Other,1
2025-10-05,West,W1,Property,1
2025-10-05,West,W1,Service,2
2025-10-05,West,W2,Property,1
2025-10-05,West,W2,Safety,2
2025-10-05,West,W3,Property,1
2025-10-05,West,W3,Service,1
2025-10-06,North,N1,Quality,1
2025-10-06,North,N2,Property,1
2025-10-06,North,N2,Service,1
2025-10-06,North,N3,Property,1
2025-10-06,Central,C1,Property,2
2025-10-06,Central,C1,Service,2
2025-10-06,Central,C1,Other,1
2025-10-06,Central,C2,Service,1
2025-10-06,Central,C2,Other,1
2025-10-06,Central,C3,Property,1
2025-10-06,Central,C3,Safety,1
2025-10-06,Central,C3,Other,1
2025-10-06,East,E1,Service,2
2025-10-06,East,E2,Other,2
2025-10-06,East,E3,Other,1
2025-10-06,West,W1,Property,1
2025-10-06,West,W1,Safety,1
2025-10-06,West,W2,Property,1
2025-10-06,West,W2,Safety,2
2025-10-06,West,W2,Quality,1
2025-10-06,West,W3,Service,2
2025-10-06,West,W3,Quality,1
2025-10-07,North,N1,Safety,1
2025-10-07,North,N1,Quality,1
2025-10-07,North,N2,Safety,1
2025-10-07,North,N2,Other,1
2025-10-07,North,N3,Service,1
2025-10-07,North,N3,Quality,1
2025-10-07,Central,C1,Service,1
2025-10-07,Central,C1,Safety,1
2025-10-07,Central,C1,Other,2
2025-10-07,Central,C2,Service,1
2025-10-07,Central,C2,Other,1
2025-10-07,East,E1,Property,1
2025-10-07,East,E1,Safety,1
2025-10-07,East,E2,Property,1
2025-10-07,East,E2,Service,1
2025-10-07,East,E2,Quality,1
2025-10-07,West,W1,Property,1
2025-10-07,West,W1,Quality,1
2025-10-07,West,W2,Other,2
2025-10-07,West,W3,Service,1
2025-10-08,North,N2,Service,3
2025-10-08,North,N3,Property,1
2025-10-08,North,N3,Safety,1
2025-10-08,North,N3,Other,1
2025-10-08,Central,C1,Property,2
2025-10-08,Central,C1,Service,1
2025-10-08,Central,C1,Quality,1
2025-10-08,Central,C2,Quality,1
2025-10-08,Central,C3,Quality,1
2025-10-08,East,E1,Safety,2
2025-10-08,East,E1,Quality,1
2025-10-08,East,E1,Other,1
2025-10-08,East,E2,Property,1
2025-10-08,East,E3,Service,1
2025-10-08,West,W2,Service,2
2025-10-08,West,W2,Quality,1
2025-10-08,West,W3,Safety,1
2025-10-09,North,N1,Property,1
2025-10-09,North,N1,Quality,1
2025-10-09,North,N2,Property,1
2025-10-09,North,N2,Safety,2
2025-10-09,North,N2,Other,1
2025-10-09,Central,C2,Service,2
2025-10-09,Central,C2,Safety,1
2025-10-09,Central,C2,Other,1
2025-10-09,Central,C3,Property,1
2025-10-09,Central,C3,Safety,1
2025-10-09,East,E1,Property,2
2025-10-09,East,E1,Other,1
2025-10-09,East,E2,Property,1
2025-10-09,East,E2,Service,2
2025-10-09,East,E2,Safety,1
2025-10-09,East,E3,Safety,1
2025-10-09,West,W1,Property,2
2025-10-09,West,W1,Service,2
2025-10-09,West,W1,Safety,1
2025-10-09,West,W1,Quality,1
2025-10-09,West,W2,Safety,1
2025-10-09,West,W2,Quality,2
2025-10-09,West,W3,Property,1
2025-10-10,North,N1,Property,1
2025-10-10,North,N1,Service,1
2025-10-10,North,N1,Safety,1
2025-10-10,North,N2,Property,1
2025-10-10,North,N3,Property,1
2025-10-10,North,N3,Quality,1
2025-10-10,Central,C1,Property,3
2025-10-10,Central,C2,Safety,1
2025-10-10,Central,C2,Quality,2
2025-10-10,Central,C3,Property,2
2025-10-10,Central,C3,Service,1
2025-10-10,Central,C3,Safety,2
2025-10-10,Central,C3,Quality,1
2025-10-10,Central,C3,Other,1
2025-10-10,East,E1,Service,2
2025-10-10,East,E1,Safety,1
2025-10-10,East,E2,Quality,1
2025-10-10,East,E2,Other,1
2025-10-10,East,E3,Service,1
2025-10-10,East,E3,Quality,1
2025-10-10,West,W1,Property,1
2025-10-10,West,W1,Service,1
2025-10-10,West,W2,Property,2
2025-10-10,West,W2,Safety,2
2025-10-10,West,W3,Quality,1
2025-10-11,North,N1,Property,1
2025-10-11,North,N2,Property,2
2025-10-11,North,N2,Service,2
2025-10-11,North,N3,Property,1
2025-10-11,North,N3,Service,1
2025-10-11,North,N3,Other,1
2025-10-11,Central,C1,Property,1
2025-10-11,Central,C1,Safety,2
2025-10-11,Central,C1,Quality,1
2025-10-11,Central,C1,Other,2
2025-10-11,Central,C2,Property,2
2025-10-11,Central,C3,Property,1
2025-10-11,East,E2,Service,1
2025-10-11,East,E2,Safety,1
2025-10-11,East,E3,Property,1
2025-10-11,West,W1,Property,1
2025-10-11,West,W3,Property,1
2025-10-11,West,W3,Safety,1
2025-10-12,North,N1,Property,1
2025-10-12,North,N1,Safety,2
2025-10-12,North,N1,Quality,2
2025-10-12,North,N2,Service,1
2025-10-12,North,N3,Property,1
2025-10-12,Central,C1,Service,1
2025-10-12,Central,C2,Property,2
2025-10-12,Central,C2,Other,1
2025-10-12,Central,C3,Property,3
2025-10-12,Central,C3,Service,1
2025-10-12,Central,C3,Other,1
2025-10-12,East,E1,Service,1
2025-10-12,East,E1,Safety,1
2025-10-12,East,E2,Property,2
2025-10-12,East,E2,Quality,1
2025-10-12,East,E3,Safety,1
2025-10-12,West,W2,Other,1
2025-10-12,West,W3,Property,1
2025-10-13,North,N1,Property,1
2025-10-13,North,N1,Service,1
2025-10-13,North,N2,Safety,1
2025-10-13,Central,C1,Property,1
2025-10-13,Central,C1,Other,1
2025-10-13,Central,C2,Service,1
2025-10-13,Central,C2,Quality,1
2025-10-13,Central,C2,Other,2
2025-10-13,Central,C3,Other,1
2025-10-13,East,E1,Property,1
2025-10-13,East,E1,Safety,1
2025-10-13,East,E2,Quality,1
2025-10-13,East,E2,Other,1
2025-10-13,East,E3,Service,1
2025-10-13,West,W1,Property,2
2025-10-13,West,W1,Service,1
2025-10-13,West,W1,Safety,1
2025-10-13,West,W1,Quality,2
2025-10-13,West,W1,Other,1
2025-10-13,West,W2,Safety,1
2025-10-13,West,W3,Safety,1
2025-10-14,North,N1,Property,1
2025-10-14,North,N1,Service,1
2025-10-14,North,N1,Safety,1
2025-10-14,North,N2,Property,1
2025-10-14,North,N2,Service,1
2025-10-14,North,N3,Property,1
2025-10-14,North,N3,Quality,1
2025-10-14,Central,C1,Service,1
2025-10-14,Central,C2,Property,1
2025-10-14,Central,C2,Service,1
2025-10-14,Central,C2,Safety,2
2025-10-14,Central,C2,Quality,1
2025-10-14,Central,C2,Other,1
2025-10-14,Central,C3,Service,1
2025-10-14,Central,C3,Safety,1
2025-10-14,Central,C3,Other,1
2025-10-14,East,E1,Property,1
2025-10-14,East,E2,Safety,2
2025-10-14,East,E2,Quality,1
2025-10-14,East,E3,Service,1
2025-10-14,East,E3,Quality,1
2025-10-14,West,W1,Property,1
2025-10-14,West,W1,Safety,1
2025-10-14,West,W1,Other,1
2025-10-14,West,W2,Safety,2
2025-10-14,West,W3,Property,1
2025-10-15,North,N1,Service,1
2025-10-15,North,N1,Safety,1
2025-10-15,North,N2,Property,1
2025-10-15,North,N2,Service,1
2025-10-15,North,N2,Safety,1
2025-10-15,North,N3,Property,1
2025-10-15,North,N3,Safety,1
2025-10-15,Central,C1,Quality,1
2025-10-15,Central,C1,Other,1
2025-10-15,Central,C2,Property,1
2025-10-15,Central,C2,Safety,1
2025-10-15,Central,C2,Quality,1
2025-10-15,Central,C3,Property,1
2025-10-15,Central,C3,Service,2
2025-10-15,Central,C3,Other,1
2025-10-15,East,E1,Property,1
2025-10-15,East,E1,Service,1
2025-10-15,East,E1,Safety,1
2025-10-15,East,E2,Service,1
2025-10-15,East,E2,Quality,2
2025-10-15,East,E3,Service,2
2025-10-15,East,E3,Safety,1
2025-10-15,East,E3,Quality,1
2025-10-15,East,E3,Other,1
2025-10-15,West,W1,Safety,2
2025-10-15,West,W1,Quality,1
2025-10-15,West,W2,Property,2
2025-10-15,West,W2,Service,1
2025-10-15,West,W2,Quality,1
2025-10-16,North,N1,Quality,1
2025-10-16,North,N2,Property,1
2025-10-16,North,N2,Service,1
2025-10-16,North,N3,Property,2
2025-10-16,North,N3,Service,2
2025-10-16,Central,C1,Property,1
2025-10-16,Central,C2,Property,1
2025-10-16,Central,C2,Service,1
2025-10-16,Central,C2,Quality,3
2025-10-16,Central,C3,Property,2
2025-10-16,East,E1,Property,1
2025-10-16,East,E1,Service,1
2025-10-16,East,E1,Other,1
2025-10-16,East,E2,Property,1
2025-10-16,East,E2,Safety,1
2025-10-16,East,E2,Other,1
2025-10-16,East,E3,Service,1
2025-10-16,East,E3,Quality,1
2025-10-16,West,W1,Service,2
2025-10-16,West,W2,Property,2
2025-10-16,West,W2,Service,2
2025-10-16,West,W2,Safety,1
2025-10-16,West,W2,Quality,1
2025-10-16,West,W3,Safety,1
2025-10-17,North,N1,Quality,2
2025-10-17,North,N2,Property,1
2025-10-17,North,N2,Other,1
2025-10-17,North,N3,Property,1
2025-10-17,North,N3,Service,2
2025-10-17,Central,C1,Service,1
2025-10-17,Central,C2,Property,1
2025-10-17,Central,C2,Safety,1
2025-10-17,Central,C3,Property,1
2025-10-17,Central,C3,Safety,1
2025-10-17,East,E1,Quality,1
2025-10-17,East,E2,Service,2
2025-10-17,East,E3,Property,2
2025-10-17,East,E3,Service,1
2025-10-17,East,E3,Safety,1
2025-10-17,East,E3,Other,1
2025-10-17,West,W2,Property,1
2025-10-17,West,W2,Service,3
2025-10-17,West,W2,Safety,1
2025-10-17,West,W2,Other,1
2025-10-17,West,W3,Property,1
2025-10-17,West,W3,Safety,1
2025-10-17,West,W3,Other,1
2025-10-18,North,N1,Service,1
2025-10-18,North,N2,Property,1
2025-10-18,North,N2,Service,1
2025-10-18,North,N2,Quality,1
2025-10-18,North,N3,Property,2
2025-10-18,North,N3,Service,2
2025-10-18,North,N3,Safety,1
2025-10-18,Central,C1,Service,1
2025-10-18,Central,C2,Property,1
2025-10-18,Central,C3,Service,1
2025-10-18,East,E1,Safety,1
2025-10-18,East,E1,Other,1
2025-10-18,East,E2,Quality,1
2025-10-18,East,E3,Safety,1
2025-10-18,West,W1,Property,1
2025-10-18,West,W1,Service,1
2025-10-18,West,W2,Other,1
2025-10-18,West,W3,Property,2
2025-10-18,West,W3,Quality,1
2025-10-19,North,N2,Safety,1
2025-10-19,North,N3,Quality,2
2025-10-19,North,N3,Other,1
2025-10-19,Central,C1,Property,1
2025-10-19,Central,C1,Service,1
2025-10-19,Central,C1,Quality,1
2025-10-19,Central,C2,Service,1
2025-10-19,Central,C3,Service,2
2025-10-19,Central,C3,Other,1
2025-10-19,East,E1,Property,1
2025-10-19,East,E1,Service,1
2025-10-19,East,E1,Safety,1
2025-10-19,East,E3,Property,3
2025-10-19,West,W1,Property,1
2025-10-19,West,W2,Other,1
2025-10-19,West,W3,Safety,1
2025-10-20,North,N1,Property,1
2025-10-20,North,N2,Property,4
2025-10-20,North,N2,Service,2
2025-10-20,North,N2,Safety,1
2025-10-20,North,N2,Quality,1
2025-10-20,North,N3,Property,1
2025-10-20,North,N3,Service,1
2025-10-20,Central,C2,Service,1
2025-10-20,Central,C2,Safety,1
2025-10-20,Central,C2,Other,1
2025-10-20,Central,C3,Property,1
2025-10-20,Central,C3,Service,1
2025-10-20,Central,C3,Safety,1
2025-10-20,East,E1,Property,1
2025-10-20,East,E2,Property,1
2025-10-20,East,E2,Service,1
2025-10-20,East,E3,Property,3
2025-10-20,West,W1,Service,1
2025-10-20,West,W1,Quality,1
2025-10-20,West,W2,Service,1
2025-10-20,West,W3,Quality,1
2025-10-21,North,N3,Property,1
2025-10-21,North,N3,Service,1
2025-10-21,North,N3,Safety,1
2025-10-21,Central,C1,Quality,2
2025-10-21,Central,C1,Other,1
2025-10-21,Central,C2,Property,1
2025-10-21,Central,C2,Safety,3
2025-10-21,Central,C2,Other,1
2025-10-21,Central,C3,Property,1
2025-10-21,Central,C3,Service,2
2025-10-21,East,E1,Property,1
2025-10-21,East,E2,Property,3
2025-10-21,West,W1,Property,1
2025-10-21,West,W1,Service,1
2025-10-21,West,W2,Service,1
2025-10-21,West,W3,Property,1
2025-10-21,West,W3,Quality,1
2025-10-22,North,N1,Service,1
2025-10-22,North,N1,Safety,2
2025-10-22,North,N1,Quality,2
2025-10-22,North,N2,Quality,2
2025-10-22,North,N3,Property,2
2025-10-22,Central,C1,Safety,1
2025-10-22,Central,C1,Other,1
2025-10-22,Central,C2,Property,2
2025-10-22,East,E1,Safety,1
2025-10-22,East,E1,Quality,1
2025-10-22,East,E2,Property,1
2025-10-22,East,E2,Service,1
2025-10-22,East,E2,Other,1
2025-10-22,East,E3,Property,3
2025-10-22,East,E3,Service,4
2025-10-22,East,E3,Safety,1
2025-10-22,East,E3,Quality,1
2025-10-22,West,W1,Service,2
2025-10-22,West,W1,Quality,1
2025-10-22,West,W2,Property,1
2025-10-22,West,W2,Service,1
2025-10-22,West,W2,Quality,2
2025-10-22,West,W2,Other,1
2025-10-22,West,W3,Service,1
2025-10-22,West,W3,Quality,1
2025-10-23,North,N1,Safety,1
2025-10-23,North,N2,Property,2
2025-10-23,North,N2,Service,2
2025-10-23,North,N2,Other,1
2025-10-23,North,N3,Service,1
2025-10-23,Central,C1,Property,2
2025-10-23,Central,C1,Service,1
2025-10-23,Central,C1,Safety,1
2025-10-23,Central,C2,Service,1
2025-10-23,Central,C2,Quality,1
2025-10-23,Central,C3,Service,2
2025-10-23,Central,C3,Safety,1
2025-10-23,East,E1,Service,1
2025-10-23,East,E2,Property,1
2025-10-23,East,E2,Service,2
2025-10-23,East,E2,Quality,1
2025-10-23,East,E3,Service,1
2025-10-23,West,W1,Safety,2
2025-10-23,West,W1,Quality,2
2025-10-23,West,W2,Property,1
2025-10-23,West,W2,Other,1
2025-10-23,West,W3,Safety,1
2025-10-24,North,N1,Service,1
2025-10-24,North,N1,Safety,1
2025-10-24,North,N1,Quality,1
2025-10-24,North,N2,Property,2
2025-10-24,North,N3,Property,1
2025-10-24,North,N3,Service,1
2025-10-24,Central,C1,Service,2
2025-10-24,Central,C1,Quality,2
2025-10-24,Central,C2,Quality,1
2025-10-24,Central,C2,Other,1
2025-10-24,Central,C3,Property,2
2025-10-24,Central,C3,Other,1
2025-10-24,East,E1,Property,2
2025-10-24,East,E2,Service,1
2025-10-24,East,E3,Quality,1
2025-10-24,West,W1,Property,2
2025-10-24,West,W2,Property,1
2025-10-24,West,W2,Quality,1
2025-10-24,West,W3,Property,2
2025-10-24,West,W3,Other,1
2025-10-25,North,N1,Property,1
2025-10-25,North,N1,Service,1
2025-10-25,North,N1,Quality,1
2025-10-25,North,N2,Quality,1
2025-10-25,North,N3,Safety,2
2025-10-25,Central,C1,Property,3
2025-10-25,Central,C2,Property,1
2025-10-25,Central,C2,Safety,2
2025-10-25,Central,C2,Other,2
2025-10-25,Central,C3,Service,1
2025-10-25,Central,C3,Other,1
2025-10-25,East,E1,Service,1
2025-10-25,East,E2,Property,1
2025-10-25,East,E2,Service,1
2025-10-25,East,E2,Safety,4
2025-10-25,East,E3,Property,1
2025-10-25,East,E3,Quality,1
2025-10-25,West,W1,Property,1
2025-10-25,West,W1,Service,1
2025-10-25,West,W1,Safety,1
2025-10-25,West,W2,Service,2
2025-10-25,West,W2,Safety,1
2025-10-25,West,W3,Property,2
2025-10-25,West,W3,Service,1
2025-10-26,North,N1,Property,2
2025-10-26,North,N1,Quality,1
2025-10-26,North,N2,Property,1
2025-10-26,North,N2,Service,2
2025-10-26,North,N2,Quality,2
2025-10-26,North,N2,Other,1
2025-10-26,North,N3,Property,1
2025-10-26,North,N3,Safety,1
2025-10-26,North,N3,Quality,3
2025-10-26,Central,C2,Property,1
2025-10-26,Central,C2,Safety,1
2025-10-26,Central,C2,Quality,1
2025-10-26,Central,C3,Property,3
2025-10-26,Central,C3,Safety,1
2025-10-26,East,E1,Safety,1
2025-10-26,East,E1,Other,1
2025-10-26,East,E2,Property,1
2025-10-26,East,E2,Safety,1
2025-10-26,East,E2,Quality,1
2025-10-26,East,E3,Property,2
2025-10-26,West,W1,Property,1
2025-10-26,West,W1,Service,1
2025-10-27,North,N1,Service,1
2025-10-27,North,N2,Property,1
2025-10-27,North,N2,Other,1
2025-10-27,North,N3,Safety,2
2025-10-27,Central,C2,Property,1
2025-10-27,Central,C2,Other,1
2025-10-27,East,E1,Property,1
2025-10-27,East,E1,Service,1
2025-10-27,East,E1,Quality,2
2025-10-27,East,E2,Property,1
2025-10-27,East,E3,Service,1
2025-10-27,West,W1,Property,2
2025-10-27,West,W1,Quality,1
2025-10-27,West,W2,Quality,1
2025-10-27,West,W3,Safety,1
2025-10-27,West,W3,Quality,2
2025-10-28,North,N1,Service,1
2025-10-28,North,N3,Property,2
2025-10-28,Central,C1,Property,2
2025-10-28,Central,C1,Service,1
2025-10-28,Central,C1,Safety,1
2025-10-28,Central,C1,Quality,1
2025-10-28,Central,C2,Service,2
2025-10-28,Central,C2,Safety,1
2025-10-28,Central,C2,Quality,1
2025-10-28,Central,C3,Property,1
2025-10-28,Central,C3,Quality,1
2025-10-28,East,E1,Property,2
2025-10-28,East,E1,Service,2
2025-10-28,East,E1,Safety,1
2025-10-28,East,E2,Property,2
2025-10-28,East,E2,Quality,1
2025-10-28,East,E3,Property,1
2025-10-28,East,E3,Service,2
2025-10-28,East,E3,Safety,1
2025-10-28,West,W1,Property,1
2025-10-28,West,W1,Service,1
2025-10-28,West,W1,Safety,1
2025-10-28,West,W2,Service,1
2025-10-28,West,W3,Service,1
2025-10-28,West,W3,Safety,1
2025-10-29,North,N1,Property,1
2025-10-29,North,N1,Service,2
2025-10-29,North,N2,Property,1
2025-10-29,North,N3,Property,3
2025-10-29,North,N3,Safety,1
2025-10-29,Central,C1,Property,1
2025-10-29,Central,C1,Other,1
2025-10-29,Central,C2,Service,2
2025-10-29,Central,C3,Property,1
2025-10-29,Central,C3,Service,2
2025-10-29,Central,C3,Quality,1
2025-10-29,East,E2,Service,1
2025-10-29,East,E3,Property,1
2025-10-29,East,E3,Safety,2
2025-10-29,West,W1,Property,4
2025-10-29,West,W1,Service,1
2025-10-29,West,W2,Safety,1
2025-10-29,West,W3,Quality,1
2025-10-30,North,N1,Service,1
2025-10-30,North,N1,Quality,1
2025-10-30,North,N2,Property,1
2025-10-30,North,N2,Safety,1
2025-10-30,North,N3,Service,1
2025-10-30,North,N3,Safety,1
2025-10-30,North,N3,Other,2
2025-10-30,Central,C1,Property,2
2025-10-30,Central,C1,Quality,2
2025-10-30,Central,C1,Other,1
2025-10-30,Central,C2,Property,2
2025-10-30,Central,C3,Safety,1
2025-10-30,East,E1,Property,1
2025-10-30,East,E1,Safety,1
2025-10-30,East,E1,Other,1
2025-10-30,East,E2,Property,1
2025-10-30,East,E2,Other,1
2025-10-30,East,E3,Other,1
2025-10-30,West,W1,Property,2
2025-10-30,West,W1,Service,1
2025-10-30,West,W1,Other,1
2025-10-30,West,W2,Property,1
2025-10-30,West,W2,Service,1
2025-10-30,West,W3,Property,1
2025-10-30,West,W3,Service,1
2025-10-30,West,W3,Safety,1
2025-10-30,West,W3,Quality,1
2025-10-31,North,N1,Property,1
2025-10-31,North,N1,Other,1
2025-10-31,North,N2,Property,1
2025-10-31,North,N2,Service,1
2025-10-31,North,N2,Safety,1
2025-10-31,North,N2,Quality,1
2025-10-31,North,N3,Property,1
2025-10-31,North,N3,Quality,1
2025-10-31,Central,C1,Property,1
2025-10-31,Central,C2,Quality,1
2025-10-31,Central,C3,Property,1
2025-10-31,Central,C3,Service,1
2025-10-31,East,E1,Service,1
2025-10-31,East,E2,Property,1
2025-10-31,East,E2,Service,1
2025-10-31,East,E3,Service,1
2025-10-31,East,E3,Other,1
2025-10-31,West,W1,Service,1
2025-10-31,West,W1,Quality,1
2025-10-31,West,W2,Property,1
2025-10-31,West,W2,Quality,1
2025-10-31,West,W3,Safety,1
2025-11-01,North,N1,Property,2
2025-11-01,North,N1,Safety,1
2025-11-01,North,N3,Safety,1
2025-11-01,Central,C3,Quality,1
2025-11-01,Central,C3,Other,1
2025-11-01,East,E1,Property,1
2025-11-01,East,E1,Service,1
2025-11-01,East,E1,Quality,1
2025-11-01,East,E3,Safety,1
2025-11-01,West,W1,Safety,1
2025-11-02,North,N1,Property,1
2025-11-02,North,N2,Property,1
2025-11-02,North,N2,Service,1
2025-11-02,North,N2,Quality,1
2025-11-02,North,N3,Property,1
2025-11-02,North,N3,Safety,1
2025-11-02,Central,C1,Service,1
2025-11-02,Central,C1,Safety,3
2025-11-02,Central,C1,Other,1
2025-11-02,Central,C2,Service,1
2025-11-02,Central,C2,Safety,3
2025-11-02,Central,C3,Property,1
2025-11-02,Central,C3,Other,2
2025-11-02,East,E1,Property,1
2025-11-02,East,E2,Service,4
2025-11-02,East,E2,Safety,2
2025-11-02,East,E3,Service,1
2025-11-02,East,E3,Safety,1
2025-11-02,West,W1,Property,1
2025-11-02,West,W1,Service,2
2025-11-02,West,W1,Quality,2
2025-11-02,West,W1,Other,1
2025-11-02,West,W2,Safety,2
2025-11-02,West,W3,Property,2
2025-11-02,West,W3,Service,1
2025-11-02,West,W3,Safety,2
2025-11-02,West,W3,Quality,1
2025-11-02,West,W3,Other,1
2025-11-03,North,N1,Property,1
2025-11-03,North,N1,Safety,1
2025-11-03,North,N1,Other,1
2025-11-03,North,N2,Property,2
2025-11-03,North,N2,Safety,1
2025-11-03,North,N3,Quality,1
2025-11-03,Central,C1,Property,1
2025-11-03,Central,C1,Service,2
2025-11-03,Central,C2,Quality,1
2025-11-03,Central,C3,Safety,1
2025-11-03,East,E1,Service,1
2025-11-03,East,E1,Safety,1
2025-11-03,East,E2,Other,1
2025-11-03,East,E3,Property,1
2025-11-03,West,W1,Property,1
2025-11-03,West,W1,Safety,2
2025-11-03,West,W1,Quality,1
2025-11-03,West,W2,Property,1
2025-11-03,West,W2,Safety,2
2025-11-03,West,W3,Service,1
2025-11-04,North,N1,Service,1
2025-11-04,North,N2,Property,2
2025-11-04,North,N2,Quality,1
2025-11-04,North,N3,Service,2
2025-11-04,Central,C1,Safety,1
2025-11-04,Central,C2,Safety,1
2025-11-04,Central,C2,Quality,1
2025-11-04,Central,C2,Other,1
2025-11-04,Central,C3,Service,2
2025-11-04,Central,C3,Safety,1
2025-11-04,East,E1,Property,2
2025-11-04,East,E2,Property,2
2025-11-04,East,E2,Service,1
2025-11-04,East,E2,Safety,2
2025-11-04,East,E3,Property,1
2025-11-04,West,W1,Property,1
2025-11-04,West,W1,Other,1
2025-11-04,West,W3,Service,1
2025-11-05,North,N1,Property,1
2025-11-05,North,N2,Service,1
2025-11-05,North,N3,Property,1
2025-11-05,North,N3,Other,1
2025-11-05,Central,C1,Service,1
2025-11-05,Central,C1,Safety,2
2025-11-05,Central,C1,Other,1
2025-11-05,Central,C3,Property,1
2025-11-05,Central,C3,Service,2
2025-11-05,Central,C3,Quality,1
2025-11-05,Central,C3,Other,1
2025-11-05,East,E1,Property,1
2025-11-05,East,E1,Safety,1
2025-11-05,East,E3,Service,1
2025-11-05,East,E3,Safety,1
2025-11-05,West,W1,Safety,1
2025-11-05,West,W1,Other,1
2025-11-05,West,W2,Property,1
2025-11-05,West,W3,Property,1
2025-11-05,West,W3,Service,1
2025-11-05,West,W3,Other,1
2025-11-06,North,N1,Property,1
2025-11-06,North,N1,Service,2
2025-11-06,North,N1,Other,1
2025-11-06,North,N2,Service,1
2025-11-06,North,N3,Safety,1
2025-11-06,North,N3,Quality,1
2025-11-06,North,N3,Other,1
2025-11-06,Central,C1,Service,3
2025-11-06,Central,C1,Other,1
2025-11-06,Central,C2,Property,1
2025-11-06,Central,C2,Safety,2
2025-11-06,Central,C3,Service,1
2025-11-06,Central,C3,Quality,1
2025-11-06,East,E1,Property,1
2025-11-06,East,E1,Safety,1
2025-11-06,East,E1,Quality,1
2025-11-06,East,E1,Other,1
2025-11-06,East,E2,Service,3
2025-11-06,East,E3,Service,1
2025-11-06,East,E3,Quality,2
2025-11-06,East,E3,Other,1
2025-11-06,West,W1,Service,2
2025-11-06,West,W2,Property,1
2025-11-06,West,W2,Safety,1
2025-11-06,West,W2,Quality,1
2025-11-06,West,W2,Other,1
2025-11-06,West,W3,Property,2
2025-11-06,West,W3,Safety,2
2025-11-06,West,W3,Other,1
2025-11-07,North,N1,Quality,1
2025-11-07,North,N2,Quality,2
2025-11-07,North,N3,Service,1
2025-11-07,North,N3,Quality,1
2025-11-07,North,N3,Other,1
2025-11-07,Central,C1,Service,2
2025-11-07,Central,C3,Safety,2
2025-11-07,Central,C3,Other,1
2025-11-07,East,E1,Property,1
2025-11-07,East,E1,Service,1
2025-11-07,East,E1,Safety,1
2025-11-07,East,E2,Service,1
2025-11-07,East,E3,Property,2
2025-11-07,East,E3,Safety,1
2025-11-07,West,W2,Property,1
2025-11-07,West,W2,Service,1
2025-11-08,North,N1,Property,4
2025-11-08,North,N2,Property,2
2025-11-08,North,N2,Service,2
2025-11-08,North,N2,Quality,1
2025-11-08,North,N3,Service,2
2025-11-08,North,N3,Safety,1
2025-11-08,North,N3,Quality,1
2025-11-08,Central,C1,Property,2
2025-11-08,Central,C1,Service,1
2025-11-08,Central,C1,Quality,1
2025-11-08,Central,C2,Quality,1
2025-11-08,Central,C3,Property,1
2025-11-08,Central,C3,Quality,2
2025-11-08,East,E1,Property,1
2025-11-08,East,E2,Property,1
2025-11-08,East,E2,Safety,1
2025-11-08,East,E3,Property,1
2025-11-08,West,W2,Property,1
2025-11-08,West,W3,Safety,1
2025-11-08,West,W3,Other,1
2025-11-09,North,N1,Other,1
2025-11-09,North,N2,Property,1
2025-11-09,North,N2,Service,1
2025-11-09,North,N3,Property,3
2025-11-09,Central,C1,Property,1
2025-11-09,Central,C1,Other,1
2025-11-09,Central,C2,Other,1
2025-11-09,Central,C3,Quality,1
2025-11-09,East,E1,Property,1
2025-11-09,East,E1,Quality,1
2025-11-09,East,E2,Property,1
2025-11-09,East,E3,Property,1
2025-11-09,West,W2,Property,1
2025-11-09,West,W2,Service,1
2025-11-09,West,W3,Property,1
2025-11-09,West,W3,Quality,1
2025-11-09,West,W3,Other,1
2025-11-10,North,N1,Property,2
2025-11-10,North,N1,Safety,1
2025-11-10,North,N1,Quality,2
2025-11-10,North,N2,Other,1
2025-11-10,North,N3,Service,2
2025-11-10,Central,C1,Service,1
2025-11-10,Central,C1,Quality,2
2025-11-10,Central,C2,Service,1
2025-11-10,Central,C3,Service,1
2025-11-10,Central,C3,Other,1
2025-11-10,East,E1,Safety,1
2025-11-10,East,E2,Service,2
2025-11-10,East,E2,Safety,1
2025-11-10,East,E3,Property,2
2025-11-10,East,E3,Safety,1
2025-11-10,West,W1,Property,1
2025-11-10,West,W3,Property,2
2025-11-10,West,W3,Service,1
2025-11-10,West,W3,Safety,2
2025-11-11,North,N1,Property,1
2025-11-11,North,N1,Service,1
2025-11-11,North,N1,Safety,2
2025-11-11,North,N1,Other,1
2025-11-11,North,N2,Property,1
2025-11-11,North,N3,Property,1
2025-11-11,Central,C1,Property,1
2025-11-11,Central,C1,Service,2
2025-11-11,Central,C1,Safety,2
2025-11-11,East,E1,Service,1
2025-11-11,East,E1,Quality,1
2025-11-11,East,E2,Property,1
2025-11-11,East,E2,Service,1
2025-11-11,East,E3,Property,1
2025-11-11,East,E3,Service,1
2025-11-11,East,E3,Safety,2
2025-11-11,West,W1,Property,1
2025-11-11,West,W2,Property,1
2025-11-11,West,W3,Service,1
2025-11-11,West,W3,Quality,1
2025-11-11,West,W3,Other,1
2025-11-12,North,N1,Quality,2
2025-11-12,North,N3,Service,1
2025-11-12,Central,C1,Property,1
2025-11-12,Central,C1,Service,2
2025-11-12,Central,C1,Quality,1
2025-11-12,Central,C2,Property,1
2025-11-12,Central,C2,Service,2
2025-11-12,Central,C2,Safety,1
2025-11-12,Central,C2,Other,1
2025-11-12,Central,C3,Service,2
2025-11-12,East,E1,Quality,3
2025-11-12,East,E3,Property,1
2025-11-12,East,E3,Safety,1
2025-11-12,West,W1,Quality,1
2025-11-12,West,W2,Safety,1
2025-11-12,West,W2,Quality,1
2025-11-12,West,W3,Property,3
2025-11-13,North,N1,Service,1
2025-11-13,North,N1,Quality,1
2025-11-13,North,N2,Property,1
2025-11-13,North,N2,Safety,3
2025-11-13,North,N3,Service,1
2025-11-13,North,N3,Safety,1
2025-11-13,Central,C1,Safety,1
2025-11-13,Central,C2,Property,2
2025-11-13,Central,C2,Service,4
2025-11-13,Central,C3,Safety,1
2025-11-13,Central,C3,Other,1
2025-11-13,East,E1,Service,1
2025-11-13,East,E1,Quality,1
2025-11-13,East,E2,Property,1
2025-11-13,East,E3,Property,1
2025-11-13,East,E3,Service,1
2025-11-13,East,E3,Quality,1
2025-11-13,West,W1,Service,2
2025-11-13,West,W2,Service,1
2025-11-13,West,W2,Quality,1
2025-11-13,West,W3,Property,3
2025-11-13,West,W3,Quality,2
2025-11-14,North,N1,Service,1
2025-11-14,North,N2,Service,1
2025-11-14,Central,C1,Property,1
2025-11-14,Central,C2,Property,1
2025-11-14,Central,C2,Other,1
2025-11-14,Central,C3,Property,2
2025-11-14,Central,C3,Safety,1
2025-11-14,East,E1,Safety,1
2025-11-14,East,E2,Property,1
2025-11-14,East,E2,Safety,1
2025-11-14,East,E3,Service,1
2025-11-14,East,E3,Safety,1
2025-11-14,West,W1,Property,1
2025-11-14,West,W1,Safety,1
2025-11-14,West,W2,Service,1
2025-11-14,West,W2,Safety,1
2025-11-14,West,W2,Quality,1
2025-11-14,West,W2,Other,1
2025-11-14,West,W3,Property,1
2025-11-15,North,N1,Property,1
2025-11-15,North,N1,Service,1
2025-11-15,North,N1,Safety,1
2025-11-15,North,N2,Quality,1
2025-11-15,North,N3,Safety,2
2025-11-15,North,N3,Other,1
2025-11-15,Central,C1,Property,1
2025-11-15,Central,C1,Service,1
2025-11-15,Central,C1,Safety,2
2025-11-15,Central,C1,Quality,1
2025-11-15,Central,C2,Property,1
2025-11-15,Central,C3,Safety,1
2025-11-15,Central,C3,Quality,1
2025-11-15,East,E2,Service,1
2025-11-15,East,E3,Property,1
2025-11-15,East,E3,Quality,1
2025-11-15,East,E3,Other,1
2025-11-15,West,W1,Service,1
2025-11-15,West,W2,Service,1
2025-11-15,West,W2,Safety,1
2025-11-15,West,W3,Property,1
2025-11-15,West,W3,Quality,1
2025-11-16,North,N1,Service,1
2025-11-16,North,N1,Safety,1
2025-11-16,North,N2,Service,1
2025-11-16,North,N3,Property,1
2025-11-16,North,N3,Service,2
2025-11-16,North,N3,Safety,1
2025-11-16,North,N3,Quality,1
2025-11-16,Central,C1,Safety,1
2025-11-16,Central,C2,Service,1
2025-11-16,Central,C2,Quality,1
2025-11-16,Central,C3,Service,1
2025-11-16,East,E1,Property,2
2025-11-16,East,E1,Service,1
2025-11-16,East,E1,Other,1
2025-11-16,East,E2,Service,1
2025-11-16,East,E3,Service,2
2025-11-16,East,E3,Safety,1
2025-11-16,West,W1,Service,2
2025-11-16,West,W1,Safety,1
2025-11-16,West,W2,Property,1
2025-11-16,West,W2,Service,1
2025-11-16,West,W3,Property,1
2025-11-17,North,N1,Property,1
2025-11-17,North,N1,Safety,1
2025-11-17,North,N2,Property,1
2025-11-17,North,N2,Service,1
2025-11-17,North,N3,Service,1
2025-11-17,Central,C1,Property,1
2025-11-17,Central,C1,Safety,1
2025-11-17,Central,C2,Service,2
2025-11-17,Central,C2,Quality,1
2025-11-17,Central,C2,Other,1
2025-11-17,East,E1,Property,1
2025-11-17,East,E1,Service,1
2025-11-17,East,E2,Property,3
2025-11-17,East,E3,Property,2
2025-11-17,West,W1,Service,1
2025-11-17,West,W2,Service,1
2025-11-17,West,W2,Safety,2
2025-11-17,West,W2,Quality,1
2025-11-17,West,W3,Property,1
2025-11-18,North,N1,Quality,1
2025-11-18,North,N1,Other,2
2025-11-18,North,N2,Property,1
2025-11-18,North,N2,Service,1
2025-11-18,North,N3,Safety,1
2025-11-18,North,N3,Quality,1
2025-11-18,Central,C1,Safety,2
2025-11-18,Central,C1,Quality,1
2025-11-18,Central,C2,Service,1
2025-11-18,Central,C2,Safety,1
2025-11-18,Central,C2,Quality,1
2025-11-18,Central,C3,Service,1
2025-11-18,East,E1,Property,1
2025-11-18,East,E2,Quality,1
2025-11-18,East,E3,Safety,1
2025-11-18,West,W1,Safety,1
2025-11-18,West,W2,Property,1
2025-11-18,West,W3,Property,1
2025-11-18,West,W3,Service,1
2025-11-18,West,W3,Safety,1
2025-11-19,North,N1,Safety,1
2025-11-19,North,N1,Quality,1
2025-11-19,North,N2,Property,1
2025-11-19,North,N2,Service,1
2025-11-19,North,N2,Safety,1
2025-11-19,North,N3,Service,1
2025-11-19,North,N3,Quality,2
2025-11-19,Central,C1,Other,1
2025-11-19,Central,C2,Service,1
2025-11-19,Central,C3,Property,1
2025-11-19,Central,C3,Safety,2
2025-11-19,Central,C3,Quality,1
2025-11-19,East,E1,Quality,1
2025-11-19,East,E2,Service,1
2025-11-19,East,E2,Safety,1
2025-11-19,East,E2,Quality,1
2025-11-19,West,W1,Property,1
2025-11-19,West,W1,Service,1
2025-11-19,West,W1,Safety,1
2025-11-19,West,W1,Other,3
2025-11-19,West,W2,Property,2
2025-11-19,West,W2,Safety,2
2025-11-19,West,W2,Other,1
2025-11-19,West,W3,Property,1
2025-11-19,West,W3,Safety,2
2025-11-20,North,N1,Service,1
2025-11-20,North,N1,Safety,2
2025-11-20,North,N1,Other,1
2025-11-20,North,N2,Property,1
2025-11-20,North,N3,Property,1
2025-11-20,North,N3,Quality,2
2025-11-20,North,N3,Other,1
2025-11-20,Central,C1,Safety,1
2025-11-20,Central,C1,Quality,1
2025-11-20,Central,C2,Property,1
2025-11-20,Central,C2,Safety,1
2025-11-20,Central,C3,Service,1
2025-11-20,Central,C3,Safety,1
2025-11-20,East,E1,Service,1
2025-11-20,East,E3,Property,1
2025-11-20,East,E3,Other,1
2025-11-20,West,W1,Property,1
2025-11-20,West,W3,Property,1
2025-11-21,North,N1,Quality,1
2025-11-21,North,N2,Service,2
2025-11-21,North,N2,Safety,1
2025-11-21,North,N3,Service,1
2025-11-21,Central,C1,Property,1
2025-11-21,Central,C1,Quality,1
2025-11-21,Central,C3,Property,1
2025-11-21,East,E1,Property,1
2025-11-21,East,E1,Service,2
2025-11-21,East,E1,Safety,1
2025-11-21,East,E1,Other,1
2025-11-21,East,E2,Property,1
2025-11-21,East,E2,Safety,1
2025-11-21,East,E3,Safety,1
2025-11-21,West,W1,Service,1
2025-11-21,West,W1,Quality,1
2025-11-21,West,W2,Service,1
2025-11-21,West,W2,Other,1
2025-11-21,West,W3,Property,2
2025-11-21,West,W3,Quality,2
2025-11-21,West,W3,Other,1
2025-11-22,North,N1,Property,1
2025-11-22,North,N1,Safety,2
2025-11-22,North,N2,Property,1
2025-11-22,North,N2,Safety,1
2025-11-22,North,N3,Safety,1
2025-11-22,Central,C1,Safety,1
2025-11-22,Central,C2,Property,1
2025-11-22,Central,C2,Quality,2
2025-11-22,Central,C3,Service,1
2025-11-22,Central,C3,Safety,1
2025-11-22,East,E1,Safety,2
2025-11-22,East,E1,Quality,1
2025-11-22,East,E2,Service,1
2025-11-22,East,E3,Safety,2
2025-11-22,East,E3,Quality,2
2025-11-22,West,W1,Property,1
2025-11-22,West,W1,Safety,1
2025-11-22,West,W1,Quality,1
2025-11-22,West,W2,Service,1
2025-11-22,West,W2,Safety,1
2025-11-22,West,W3,Property,2
2025-11-22,West,W3,Quality,1
2025-11-23,North,N1,Service,1
2025-11-23,North,N1,Safety,1
2025-11-23,North,N2,Property,2
2025-11-23,North,N2,Other,1
2025-11-23,North,N3,Property,1
2025-11-23,North,N3,Service,2
2025-11-23,North,N3,Quality,2
2025-11-23,North,N3,Other,2
2025-11-23,Central,C1,Quality,2
2025-11-23,Central,C2,Property,1
2025-11-23,Central,C2,Service,1
2025-11-23,Central,C2,Other,1
2025-11-23,Central,C3,Service,3
2025-11-23,Central,C3,Safety,1
2025-11-23,East,E1,Safety,2
2025-11-23,East,E2,Safety,3
2025-11-23,East,E2,Quality,1
2025-11-23,East,E3,Quality,1
2025-11-23,East,E3,Other,1
2025-11-23,West,W1,Quality,1
2025-11-23,West,W2,Service,1
2025-11-23,West,W2,Quality,1
2025-11-23,West,W3,Property,1
2025-11-24,North,N1,Safety,1
2025-11-24,North,N1,Quality,2
2025-11-24,North,N2,Property,1
2025-11-24,North,N2,Safety,2
2025-11-24,North,N2,Quality,1
2025-11-24,North,N2,Other,1
2025-11-24,North,N3,Property,1
2025-11-24,North,N3,Safety,1
2025-11-24,Central,C1,Property,2
2025-11-24,Central,C1,Service,2
2025-11-24,Central,C1,Safety,1
2025-11-24,Central,C1,Quality,1
2025-11-24,Central,C1,Other,1
2025-11-24,Central,C2,Service,2
2025-11-24,Central,C2,Safety,1
2025-11-24,Central,C3,Safety,1
2025-11-24,East,E1,Property,1
2025-11-24,East,E1,Safety,1
2025-11-24,East,E1,Quality,1
2025-11-24,East,E2,Other,1
2025-11-24,East,E3,Property,1
2025-11-24,East,E3,Service,2
2025-11-24,East,E3,Quality,1
2025-11-24,West,W1,Service,1
2025-11-24,West,W1,Safety,3
2025-11-24,West,W1,Quality,1
2025-11-24,West,W1,Other,1
2025-11-25,North,N1,Property,2
2025-11-25,North,N2,Property,1
2025-11-25,North,N2,Service,1
2025-11-25,North,N2,Safety,1
2025-11-25,North,N2,Quality,2
2025-11-25,North,N3,Property,1
2025-11-25,North,N3,Safety,1
2025-11-25,Central,C1,Service,1
2025-11-25,Central,C1,Other,1
2025-11-25,Central,C2,Property,1
2025-11-25,Central,C2,Service,1
2025-11-25,Central,C2,Safety,2
2025-11-25,Central,C2,Other,1
2025-11-25,Central,C3,Property,2
2025-11-25,East,E1,Property,1
2025-11-25,East,E1,Service,1
2025-11-25,East,E2,Service,1
2025-11-25,West,W1,Service,1
2025-11-25,West,W1,Other,1
2025-11-25,West,W2,Property,2
2025-11-25,West,W2,Service,1
2025-11-25,West,W2,Safety,1
2025-11-26,North,N1,Property,1
2025-11-26,North,N2,Property,1
2025-11-26,North,N2,Service,1
2025-11-26,North,N2,Safety,1
2025-11-26,North,N2,Other,1
2025-11-26,North,N3,Other,2
2025-11-26,Central,C1,Property,5
2025-11-26,Central,C1,Other,3
2025-11-26,Central,C2,Property,1
2025-11-26,Central,C2,Service,1
2025-11-26,Central,C2,Safety,1
2025-11-26,Central,C3,Property,2
2025-11-26,Central,C3,Safety,1
2025-11-26,East,E1,Property,2
2025-11-26,East,E1,Service,2
2025-11-26,East,E2,Property,1
2025-11-26,East,E2,Safety,1
2025-11-26,East,E2,Other,1
2025-11-26,West,W1,Safety,1
2025-11-26,West,W1,Quality,2
2025-11-26,West,W2,Other,1
2025-11-26,West,W3,Service,3
2025-11-27,North,N1,Property,2
2025-11-27,North,N1,Service,1
2025-11-27,North,N1,Quality,1
2025-11-27,North,N2,Quality,1
2025-11-27,North,N2,Other,2
2025-11-27,North,N3,Property,2
2025-11-27,North,N3,Service,1
2025-11-27,Central,C1,Property,2
2025-11-27,Central,C2,Property,1
2025-11-27,Central,C2,Service,1
2025-11-27,Central,C3,Safety,1
2025-11-27,East,E1,Service,1
2025-11-27,East,E1,Safety,1
2025-11-27,East,E2,Property,1
2025-11-27,East,E2,Service,2
2025-11-27,East,E2,Other,1
2025-11-27,East,E3,Property,2
2025-11-27,East,E3,Other,1
2025-11-27,West,W1,Property,1
2025-11-27,West,W1,Quality,1
2025-11-27,West,W1,Other,1
2025-11-27,West,W2,Property,2
2025-11-27,West,W2,Other,1
2025-11-27,West,W3,Safety,1
2025-11-27,West,W3,Quality,1
2025-11-28,North,N1,Property,1
2025-11-28,North,N1,Service,1
2025-11-28,North,N1,Other,1
2025-11-28,North,N2,Property,3
2025-11-28,North,N2,Other,3
2025-11-28,North,N3,Other,2
2025-11-28,Central,C2,Property,1
2025-11-28,Central,C2,Service,2
2025-11-28,Central,C2,Safety,1
2025-11-28,Central,C2,Quality,1
2025-11-28,East,E1,Property,1
2025-11-28,East,E1,Safety,1
2025-11-28,East,E2,Safety,1
2025-11-28,East,E3,Property,1
2025-11-28,East,E3,Quality,1
2025-11-28,West,W1,Service,1
2025-11-28,West,W1,Quality,1
2025-11-28,West,W2,Property,1
2025-11-29,North,N1,Property,1
2025-11-29,North,N1,Service,2
2025-11-29,North,N1,Quality,1
2025-11-29,North,N1,Other,2
2025-11-29,North,N2,Property,2
2025-11-29,North,N2,Quality,1
2025-11-29,North,N3,Safety,1
2025-11-29,North,N3,Quality,1
2025-11-29,Central,C1,Property,2
2025-11-29,Central,C1,Service,2
2025-11-29,Central,C2,Property,1
2025-11-29,Central,C3,Quality,1
2025-11-29,Central,C3,Other,1
2025-11-29,East,E2,Service,1
2025-11-29,East,E2,Quality,1
2025-11-29,East,E3,Property,1
2025-11-29,East,E3,Safety,1
2025-11-29,East,E3,Other,1
2025-11-29,West,W1,Property,2
2025-11-29,West,W2,Service,1
2025-11-29,West,W2,Safety,1
2025-11-30,North,N1,Property,1
2025-11-30,North,N1,Safety,1
2025-11-30,North,N1,Other,1
2025-11-30,North,N2,Safety,1
2025-11-30,North,N2,Other,1
2025-11-30,North,N3,Service,1
2025-11-30,North,N3,Safety,3
2025-11-30,North,N3,Other,1
2025-11-30,Central,C1,Property,1
2025-11-30,Central,C1,Safety,2
2025-11-30,Central,C2,Service,1
2025-11-30,Central,C2,Quality,1
2025-11-30,Central,C3,Property,1
2025-11-30,Central,C3,Safety,1
2025-11-30,Central,C3,Other,1
2025-11-30,East,E1,Safety,1
2025-11-30,East,E1,Quality,1
2025-11-30,East,E2,Property,2
2025-11-30,East,E3,Service,1
2025-11-30,East,E3,Safety,2
2025-11-30,West,W3,Property,1
2025-11-30,West,W3,Service,2
2025-11-30,West,W3,Safety,1
2025-12-01,North,N1,Property,1
2025-12-01,North,N1,Safety,2
2025-12-01,North,N2,Property,3
2025-12-01,North,N2,Service,1
2025-12-01,North,N2,Quality,1
2025-12-01,North,N3,Property,1
2025-12-01,North,N3,Other,2
2025-12-01,Central,C1,Property,1
2025-12-01,Central,C2,Safety,1
2025-12-01,Central,C2,Quality,2
2025-12-01,Central,C3,Safety,1
2025-12-01,Central,C3,Other,1
2025-12-01,East,E1,Safety,2
2025-12-01,East,E1,Quality,1
2025-12-01,East,E2,Property,2
2025-12-01,East,E2,Service,1
2025-12-01,East,E3,Quality,1
2025-12-01,West,W1,Property,2
2025-12-01,West,W1,Service,2
2025-12-01,West,W2,Property,1
2025-12-01,West,W2,Service,1
2025-12-01,West,W2,Safety,1
2025-12-01,West,W3,Service,1
2025-12-02,North,N1,Property,1
2025-12-02,North,N1,Safety,1
2025-12-02,North,N2,Property,1
2025-12-02,North,N2,Safety,1
2025-12-02,North,N2,Quality,2
2025-12-02,North,N3,Property,1
2025-12-02,North,N3,Service,1
2025-12-02,North,N3,Quality,1
2025-12-02,Central,C1,Property,1
2025-12-02,Central,C1,Service,1
2025-12-02,Central,C2,Property,1
2025-12-02,Central,C2,Service,1
2025-12-02,Central,C2,Safety,1
2025-12-02,Central,C2,Other,1
2025-12-02,Central,C3,Safety,2
2025-12-02,East,E1,Service,1
2025-12-02,East,E2,Service,1
2025-12-02,East,E2,Safety,1
2025-12-02,East,E3,Property,1
2025-12-02,East,E3,Service,1
2025-12-02,West,W2,Property,1
2025-12-02,West,W2,Other,1
2025-12-02,West,W3,Service,1
2025-12-02,West,W3,Quality,1
2025-12-03,North,N1,Property,2
2025-12-03,North,N1,Quality,1
2025-12-03,North,N2,Safety,1
2025-12-03,North,N2,Quality,1
2025-12-03,North,N3,Property,1
2025-12-03,North,N3,Service,1
2025-12-03,Central,C1,Property,1
2025-12-03,Central,C1,Quality,1
2025-12-03,Central,C1,Other,1
2025-12-03,Central,C2,Property,1
2025-12-03,Central,C2,Service,3
2025-12-03,Central,C2,Other,1
2025-12-03,Central,C3,Property,1
2025-12-03,Central,C3,Service,2
2025-12-03,East,E1,Property,1
2025-12-03,East,E1,Service,1
2025-12-03,East,E1,Safety,1
2025-12-03,East,E1,Quality,1
2025-12-03,East,E2,Property,1
2025-12-03,East,E2,Service,1
2025-12-03,East,E3,Property,2
2025-12-03,East,E3,Service,1
2025-12-03,East,E3,Quality,1
2025-12-03,West,W2,Property,1
2025-12-03,West,W2,Service,1
2025-12-03,West,W3,Property,2
2025-12-04,North,N1,Property,1
2025-12-04,North,N1,Service,1
2025-12-04,North,N1,Other,1
2025-12-04,North,N2,Safety,1
2025-12-04,North,N2,Quality,1
2025-12-04,North,N2,Other,2
2025-12-04,North,N3,Service,3
2025-12-04,North,N3,Safety,1
2025-12-04,Central,C1,Other,4
2025-12-04,Central,C2,Property,1
2025-12-04,Central,C2,Safety,1
2025-12-04,Central,C2,Quality,1
2025-12-04,Central,C3,Service,1
2025-12-04,East,E1,Service,1
2025-12-04,East,E1,Safety,1
2025-12-04,East,E1,Quality,3
2025-12-04,East,E3,Property,1
2025-12-04,West,W1,Property,1
2025-12-04,West,W1,Service,1
2025-12-04,West,W2,Safety,1
2025-12-04,West,W2,Other,1
2025-12-04,West,W3,Quality,1
2025-12-05,North,N1,Other,1
2025-12-05,North,N2,Other,1
2025-12-05,North,N3,Service,2
2025-12-05,North,N3,Safety,2
2025-12-05,Central,C1,Property,1
2025-12-05,Central,C1,Service,1
2025-12-05,Central,C1,Quality,1
2025-12-05,Central,C2,Property,2
2025-12-05,Central,C2,Safety,1
2025-12-05,Central,C2,Quality,1
2025-12-05,Central,C3,Other,2
2025-12-05,East,E1,Property,1
2025-12-05,East,E2,Property,1
2025-12-05,East,E2,Quality,1
2025-12-05,East,E2,Other,2
2025-12-05,West,W1,Property,1
2025-12-05,West,W2,Property,1
2025-12-05,West,W2,Safety,1
2025-12-05,West,W2,Quality,2
2025-12-05,West,W3,Property,1
2025-12-05,West,W3,Safety,1
2025-12-06,North,N1,Service,2
2025-12-06,North,N1,Quality,1
2025-12-06,North,N3,Service,1
2025-12-06,North,N3,Safety,1
2025-12-06,Central,C2,Property,1
2025-12-06,Central,C2,Safety,1
2025-12-06,Central,C3,Property,1
2025-12-06,Central,C3,Service,2
2025-12-06,East,E1,Property,2
2025-12-06,East,E1,Quality,1
2025-12-06,East,E2,Service,1
2025-12-06,East,E2,Quality,1
2025-12-06,East,E3,Property,1
2025-12-06,West,W1,Safety,1
2025-12-06,West,W2,Property,1
2025-12-06,West,W2,Service,3
2025-12-06,West,W2,Quality,1
2025-12-06,West,W3,Service,1
2025-12-06,West,W3,Safety,2
2025-12-07,North,N1,Service,1
2025-12-07,North,N2,Safety,1
2025-12-07,North,N3,Property,2
2025-12-07,North,N3,Safety,2
2025-12-07,North,N3,Quality,1
2025-12-07,Central,C1,Property,1
2025-12-07,Central,C1,Safety,2
2025-12-07,Central,C1,Quality,1
2025-12-07,Central,C1,Other,2
2025-12-07,Central,C2,Property,3
2025-12-07,Central,C3,Service,1
2025-12-07,East,E1,Quality,1
2025-12-07,East,E2,Property,1
2025-12-07,East,E2,Safety,1
2025-12-07,East,E3,Quality,1
2025-12-07,West,W1,Other,1
2025-12-07,West,W2,Quality,1
2025-12-07,West,W2,Other,1
2025-12-07,West,W3,Property,1
2025-12-08,North,N1,Property,1
2025-12-08,North,N1,Service,2
2025-12-08,North,N2,Property,2
2025-12-08,North,N2,Service,1
2025-12-08,North,N2,Safety,1
2025-12-08,North,N3,Service,1
2025-12-08,North,N3,Safety,1
2025-12-08,Central,C1,Property,2
2025-12-08,Central,C2,Property,1
2025-12-08,Central,C2,Quality,1
2025-12-08,Central,C3,Property,2
2025-12-08,Central,C3,Safety,1
2025-12-08,East,E1,Service,1
2025-12-08,East,E1,Other,1
2025-12-08,East,E2,Safety,1
2025-12-08,East,E2,Quality,1
2025-12-08,East,E3,Service,1
2025-12-08,West,W1,Property,1
2025-12-08,West,W2,Property,1
2025-12-08,West,W2,Quality,2
2025-12-08,West,W3,Property,2
2025-12-08,West,W3,Quality,1
2025-12-08,West,W3,Other,1
2025-12-09,North,N1,Property,1
2025-12-09,North,N1,Service,2
2025-12-09,North,N1,Safety,3
2025-12-09,North,N1,Quality,1
2025-12-09,North,N2,Safety,2
2025-12-09,North,N2,Quality,1
2025-12-09,North,N3,Property,1
2025-12-09,North,N3,Service,1
2025-12-09,Central,C1,Property,1
2025-12-09,Central,C1,Service,1
2025-12-09,Central,C2,Safety,1
2025-12-09,Central,C3,Service,3
2025-12-09,Central,C3,Safety,2
2025-12-09,East,E1,Property,1
2025-12-09,East,E2,Quality,1
2025-12-09,East,E3,Safety,2
2025-12-09,West,W1,Property,1
2025-12-09,West,W1,Other,1
2025-12-09,West,W2,Property,2
2025-12-09,West,W2,Service,1
2025-12-09,West,W3,Safety,2
2025-12-10,North,N1,Property,1
2025-12-10,North,N1,Service,1
2025-12-10,North,N2,Service,1
2025-12-10,North,N3,Property,3
2025-12-10,Central,C1,Safety,2
2025-12-10,Central,C1,Quality,2
2025-12-10,Central,C1,Other,2
2025-12-10,Central,C2,Property,1
2025-12-10,Central,C2,Service,1
2025-12-10,Central,C3,Property,2
2025-12-10,East,E1,Property,2
2025-12-10,East,E1,Service,1
2025-12-10,East,E2,Property,1
2025-12-10,East,E2,Service,1
2025-12-10,East,E2,Other,1
2025-12-10,East,E3,Property,1
2025-12-10,East,E3,Quality,1
2025-12-10,West,W1,Safety,1
2025-12-10,West,W1,Quality,1
2025-12-10,West,W1,Other,1
2025-12-10,West,W2,Quality,2
2025-12-11,North,N1,Property,1
2025-12-11,North,N1,Service,2
2025-12-11,North,N2,Property,1
2025-12-11,North,N2,Safety,1
2025-12-11,North,N2,Other,1
2025-12-11,North,N3,Safety,1
2025-12-11,Central,C3,Property,1
2025-12-11,Central,C3,Other,1
2025-12-11,East,E1,Quality,2
2025-12-11,East,E3,Quality,1
2025-12-11,West,W1,Other,2
2025-12-11,West,W2,Safety,1
2025-12-11,West,W2,Quality,1
2025-12-11,West,W3,Service,1
2025-12-12,North,N1,Property,1
2025-12-12,North,N1,Safety,1
2025-12-12,North,N1,Quality,2
2025-12-12,North,N1,Other,1
2025-12-12,North,N2,Property,1
2025-12-12,North,N2,Quality,2
2025-12-12,North,N2,Other,1
2025-12-12,North,N3,Property,1
2025-12-12,North,N3,Quality,1
2025-12-12,North,N3,Other,2
2025-12-12,Central,C1,Property,1
2025-12-12,Central,C1,Service,1
2025-12-12,Central,C1,Safety,3
2025-12-12,Central,C1,Other,3
2025-12-12,Central,C2,Property,1
2025-12-12,Central,C2,Service,1
2025-12-12,Central,C2,Safety,1
2025-12-12,Central,C2,Quality,1
2025-12-12,Central,C3,Property,1
2025-12-12,Central,C3,Service,2
2025-12-12,Central,C3,Quality,3
2025-12-12,Central,C3,Other,1
2025-12-12,East,E1,Property,1
2025-12-12,East,E1,Quality,1
2025-12-12,East,E2,Service,1
2025-12-12,East,E2,Quality,1
2025-12-12,East,E3,Service,1
2025-12-12,West,W2,Property,1
2025-12-12,West,W3,Property,1
2025-12-13,North,N1,Property,1
2025-12-13,North,N1,Safety,1
2025-12-13,North,N1,Quality,1
2025-12-13,North,N1,Other,1
2025-12-13,North,N2,Property,1
2025-12-13,North,N2,Quality,1
2025-12-13,North,N3,Service,1
2025-12-13,North,N3,Quality,1
2025-12-13,North,N3,Other,1
2025-12-13,Central,C2,Property,1
2025-12-13,Central,C2,Service,1
2025-12-13,Central,C2,Safety,2
2025-12-13,Central,C2,Other,2
2025-12-13,Central,C3,Service,2
2025-12-13,Central,C3,Quality,1
2025-12-13,East,E1,Property,1
2025-12-13,East,E1,Safety,1
2025-12-13,East,E1,Quality,1
2025-12-13,West,W1,Service,1
2025-12-13,West,W1,Safety,2
2025-12-13,West,W1,Quality,1
2025-12-13,West,W2,Property,1
2025-12-13,West,W2,Safety,1
2025-12-13,West,W3,Property,1
2025-12-13,West,W3,Service,1
2025-12-14,North,N1,Property,2
2025-12-14,North,N3,Property,1
2025-12-14,North,N3,Service,1
2025-12-14,Central,C1,Property,1
2025-12-14,Central,C2,Property,1
2025-12-14,Central,C2,Safety,1
2025-12-14,Central,C2,Quality,1
2025-12-14,Central,C2,Other,1
2025-12-14,Central,C3,Property,2
2025-12-14,Central,C3,Service,2
2025-12-14,Central,C3,Safety,1
2025-12-14,East,E1,Property,1
2025-12-14,East,E2,Property,1
2025-12-14,East,E2,Service,1
2025-12-14,East,E2,Quality,2
2025-12-14,East,E3,Service,4
2025-12-14,West,W1,Quality,1
2025-12-14,West,W1,Other,1
2025-12-14,West,W2,Quality,1
2025-12-14,West,W3,Property,2
2025-12-14,West,W3,Service,1
2025-12-14,West,W3,Quality,1
2025-12-14,West,W3,Other,1
2025-12-15,North,N1,Service,1
2025-12-15,North,N1,Other,2
2025-12-15,North,N2,Service,2
2025-12-15,North,N3,Property,1
2025-12-15,North,N3,Service,1
2025-12-15,North,N3,Safety,1
2025-12-15,North,N3,Quality,1
2025-12-15,Central,C1,Safety,1
2025-12-15,Central,C2,Property,2
2025-12-15,Central,C2,Service,2
2025-12-15,Central,C2,Safety,1
2025-12-15,Central,C2,Quality,2
2025-12-15,Central,C3,Service,1
2025-12-15,Central,C3,Safety,1
2025-12-15,East,E1,Property,1
2025-12-15,East,E1,Service,1
2025-12-15,East,E1,Safety,1
2025-12-15,East,E2,Quality,1
2025-12-15,East,E3,Property,1
2025-12-15,East,E3,Safety,1
2025-12-15,West,W1,Safety,1
2025-12-15,West,W2,Property,1
2025-12-15,West,W3,Quality,1
2025-12-16,North,N3,Quality,1
2025-12-16,Central,C1,Property,1
2025-12-16,Central,C1,Safety,1
2025-12-16,Central,C2,Safety,1
2025-12-16,Central,C2,Other,2
2025-12-16,Central,C3,Property,1
2025-12-16,Central,C3,Service,2
2025-12-16,Central,C3,Safety,1
2025-12-16,East,E1,Property,1
2025-12-16,East,E1,Quality,1
2025-12-16,East,E1,Other,1
2025-12-16,East,E2,Quality,1
2025-12-16,East,E2,Other,1
2025-12-16,West,W1,Service,2
2025-12-16,West,W1,Other,1
2025-12-16,West,W2,Property,3
2025-12-16,West,W2,Service,1
2025-12-16,West,W3,Quality,2
2025-12-17,North,N1,Property,1
2025-12-17,North,N2,Service,1
2025-12-17,North,N3,Property,2
2025-12-17,North,N3,Service,1
2025-12-17,Central,C1,Property,2
2025-12-17,Central,C1,Service,1
2025-12-17,Central,C2,Other,1
2025-12-17,Central,C3,Property,1
2025-12-17,Central,C3,Safety,1
2025-12-17,Central,C3,Quality,1
2025-12-17,East,E1,Property,1
2025-12-17,East,E1,Service,2
2025-12-17,East,E1,Safety,1
2025-12-17,East,E2,Property,2
2025-12-17,East,E2,Safety,2
2025-12-17,East,E2,Quality,1
2025-12-17,East,E3,Property,1
2025-12-17,East,E3,Safety,1
2025-12-17,West,W1,Quality,1
2025-12-17,West,W2,Safety,1
2025-12-17,West,W2,Quality,1
2025-12-17,West,W3,Safety,1
2025-12-18,North,N1,Property,2
2025-12-18,North,N1,Service,1
2025-12-18,North,N1,Safety,2
2025-12-18,North,N1,Quality,1
2025-12-18,North,N2,Property,2
2025-12-18,North,N2,Service,1
2025-12-18,North,N3,Property,1
2025-12-18,Central,C1,Service,1
2025-12-18,Central,C1,Safety,1
2025-12-18,Central,C1,Quality,1
2025-12-18,Central,C2,Property,2
2025-12-18,Central,C2,Service,1
2025-12-18,Central,C3,Property,1
2025-12-18,Central,C3,Service,2
2025-12-18,East,E2,Service,2
2025-12-18,East,E3,Property,1
2025-12-18,East,E3,Service,1
2025-12-18,East,E3,Safety,1
2025-12-18,East,E3,Quality,1
2025-12-18,West,W1,Property,1
2025-12-18,West,W2,Property,1
2025-12-18,West,W2,Service,1
2025-12-18,West,W2,Safety,1
2025-12-18,West,W3,Property,1
2025-12-18,West,W3,Quality,1
2025-12-19,North,N2,Property,1
2025-12-19,North,N2,Service,1
2025-12-19,North,N2,Quality,1
2025-12-19,North,N3,Property,1
2025-12-19,North,N3,Service,1
2025-12-19,North,N3,Safety,2
2025-12-19,North,N3,Other,1
2025-12-19,Central,C1,Service,1
2025-12-19,Central,C1,Quality,2
2025-12-19,Central,C1,Other,1
2025-12-19,Central,C3,Service,1
2025-12-19,Central,C3,Safety,1
2025-12-19,Central,C3,Quality,2
2025-12-19,Central,C3,Other,2
2025-12-19,East,E1,Property,1
2025-12-19,East,E2,Property,1
2025-12-19,East,E2,Service,2
2025-12-19,East,E2,Quality,1
2025-12-19,East,E2,Other,1
2025-12-19,East,E3,Safety,2
2025-12-19,East,E3,Quality,1
2025-12-19,East,E3,Other,1
2025-12-19,West,W1,Property,2
2025-12-19,West,W1,Safety,1
2025-12-19,West,W1,Other,2
2025-12-19,West,W2,Quality,1
2025-12-19,West,W3,Service,1
2025-12-19,West,W3,Other,1
2025-12-20,North,N1,Property,2
2025-12-20,North,N3,Property,1
2025-12-20,North,N3,Safety,1
2025-12-20,North,N3,Quality,1
2025-12-20,Central,C1,Property,1
2025-12-20,Central,C1,Service,2
2025-12-20,Central,C1,Quality,1
2025-12-20,Central,C2,Property,1
2025-12-20,Central,C3,Property,2
2025-12-20,East,E1,Service,1
2025-12-20,East,E1,Safety,2
2025-12-20,East,E1,Quality,1
2025-12-20,East,E2,Property,1
2025-12-20,East,E2,Safety,1
2025-12-20,East,E3,Property,1
2025-12-20,East,E3,Quality,1
2025-12-20,West,W1,Property,1
2025-12-20,West,W1,Safety,1
2025-12-20,West,W1,Other,1
2025-12-20,West,W3,Service,1
2025-12-20,West,W3,Other,1
2025-12-21,North,N1,Service,1
2025-12-21,North,N1,Safety,1
2025-12-21,North,N1,Quality,1
2025-12-21,North,N1,Other,1
2025-12-21,North,N2,Service,1
2025-12-21,Central,C2,Property,1
2025-12-21,Central,C2,Service,1
2025-12-21,Central,C3,Property,3
2025-12-21,Central,C3,Safety,2
2025-12-21,East,E1,Quality,1
2025-12-21,East,E2,Service,1
2025-12-21,East,E3,Service,1
2025-12-21,East,E3,Safety,1
2025-12-21,East,E3,Quality,1
2025-12-21,West,W1,Property,1
2025-12-21,West,W1,Safety,1
2025-12-21,West,W2,Property,1
2025-12-21,West,W3,Property,3
2025-12-22,North,N1,Property,1
2025-12-22,North,N1,Service,1
2025-12-22,North,N1,Quality,1
2025-12-22,North,N2,Quality,2
2025-12-22,North,N3,Service,1
2025-12-22,North,N3,Quality,1
2025-12-22,Central,C1,Property,1
2025-12-22,Central,C3,Other,1
2025-12-22,East,E2,Property,1
2025-12-22,East,E2,Safety,1
2025-12-22,East,E3,Service,1
2025-12-22,East,E3,Other,1
2025-12-22,West,W1,Property,1
2025-12-22,West,W1,Service,1
2025-12-22,West,W1,Quality,1
2025-12-22,West,W2,Property,1
2025-12-22,West,W2,Service,1
2025-12-22,West,W2,Safety,1
2025-12-22,West,W3,Service,1
2025-12-23,North,N1,Property,1
2025-12-23,North,N1,Safety,2
2025-12-23,North,N2,Property,2
2025-12-23,North,N2,Service,1
2025-12-23,North,N3,Service,1
2025-12-23,North,N3,Quality,1
2025-12-23,Central,C1,Property,3
2025-12-23,Central,C1,Safety,1
2025-12-23,Central,C2,Service,1
2025-12-23,Central,C2,Safety,1
2025-12-23,Central,C3,Property,2
2025-12-23,Central,C3,Safety,1
2025-12-23,East,E1,Property,1
2025-12-23,East,E1,Quality,2
2025-12-23,East,E1,Other,1
2025-12-23,East,E2,Property,2
2025-12-23,East,E2,Service,1
2025-12-23,East,E2,Other,1
2025-12-23,East,E3,Property,1
2025-12-23,West,W1,Safety,1
2025-12-23,West,W1,Other,1
2025-12-23,West,W2,Property,1
2025-12-23,West,W2,Quality,1
2025-12-23,West,W3,Property,1
2025-12-23,West,W3,Service,1
2025-12-24,North,N1,Property,3
2025-12-24,North,N1,Safety,1
2025-12-24,North,N2,Safety,2
2025-12-24,Central,C1,Property,1
2025-12-24,Central,C2,Safety,3
2025-12-24,Central,C2,Quality,1
2025-12-24,Central,C3,Service,2
2025-12-24,Central,C3,Quality,2
2025-12-24,East,E2,Service,1
2025-12-24,East,E2,Other,1
2025-12-24,East,E3,Property,1
2025-12-24,East,E3,Safety,1
2025-12-24,West,W1,Service,1
2025-12-24,West,W1,Safety,1
2025-12-24,West,W1,Other,1
2025-12-24,West,W2,Property,1
2025-12-24,West,W2,Safety,1
2025-12-24,West,W3,Property,1
2025-12-24,West,W3,Safety,1
2025-12-25,North,N1,Property,1
2025-12-25,North,N1,Safety,1
2025-12-25,North,N1,Quality,2
2025-12-25,North,N3,Service,2
2025-12-25,Central,C1,Property,1
2025-12-25,Central,C2,Property,2
2025-12-25,Central,C2,Service,2
2025-12-25,Central,C2,Safety,1
2025-12-25,Central,C2,Quality,1
2025-12-25,Central,C2,Other,1
2025-12-25,Central,C3,Property,1
2025-12-25,Central,C3,Safety,1
2025-12-25,Central,C3,Quality,1
2025-12-25,East,E1,Property,2
2025-12-25,East,E1,Service,1
2025-12-25,East,E2,Property,1
2025-12-25,East,E2,Service,1
2025-12-25,East,E2,Safety,1
2025-12-25,East,E3,Property,2
2025-12-25,West,W1,Property,2
2025-12-25,West,W1,Service,2
2025-12-25,West,W1,Safety,1
2025-12-25,West,W2,Safety,1
2025-12-25,West,W2,Other,2
2025-12-25,West,W3,Property,3
2025-12-26,North,N2,Property,1
2025-12-26,North,N2,Quality,1
2025-12-26,North,N3,Property,4
2025-12-26,Central,C1,Property,1
2025-12-26,Central,C1,Service,2
2025-12-26,Central,C2,Property,1
2025-12-26,Central,C2,Service,1
2025-12-26,Central,C2,Safety,1
2025-12-26,Central,C3,Property,2
2025-12-26,Central,C3,Service,1
2025-12-26,Central,C3,Safety,2
2025-12-26,East,E1,Property,1
2025-12-26,East,E1,Safety,1
2025-12-26,East,E1,Quality,1
2025-12-26,East,E1,Other,1
2025-12-26,East,E3,Property,3
2025-12-26,West,W1,Service,1
2025-12-26,West,W2,Property,1
2025-12-26,West,W3,Service,1
2025-12-26,West,W3,Other,1
2025-12-27,North,N1,Property,3
2025-12-27,North,N1,Safety,4
2025-12-27,North,N3,Service,1
2025-12-27,North,N3,Quality,1
2025-12-27,Central,C1,Property,1
2025-12-27,Central,C1,Service,1
2025-12-27,Central,C1,Quality,1
2025-12-27,Central,C2,Property,2
2025-12-27,Central,C2,Service,1
2025-12-27,Central,C2,Safety,1
2025-12-27,Central,C3,Property,1
2025-12-27,Central,C3,Service,1
2025-12-27,East,E2,Property,1
2025-12-27,East,E3,Property,1
2025-12-27,East,E3,Safety,1
2025-12-27,West,W1,Safety,1
2025-12-27,West,W2,Service,3
2025-12-27,West,W2,Safety,1
2025-12-27,West,W3,Safety,2
2025-12-28,North,N2,Property,2
2025-12-28,North,N2,Safety,1
2025-12-28,North,N2,Quality,1
2025-12-28,North,N3,Service,2
2025-12-28,North,N3,Safety,1
2025-12-28,North,N3,Other,1
2025-12-28,Central,C2,Safety,1
2025-12-28,Central,C2,Quality,1
2025-12-28,East,E1,Property,1
2025-12-28,East,E1,Safety,1
2025-12-28,East,E2,Service,1
2025-12-28,East,E3,Property,1
2025-12-28,East,E3,Safety,1
2025-12-28,West,W2,Property,2
2025-12-28,West,W2,Service,2
2025-12-28,West,W2,Quality,1
2025-12-28,West,W2,Other,1
2025-12-28,West,W3,Property,1
2025-12-29,North,N1,Property,1
2025-12-29,North,N1,Service,1
2025-12-29,North,N3,Other,1
2025-12-29,Central,C1,Property,2
2025-12-29,Central,C1,Service,2
2025-12-29,Central,C1,Safety,1
2025-12-29,Central,C2,Property,1
2025-12-29,Central,C2,Safety,1
2025-12-29,Central,C3,Property,1
2025-12-29,Central,C3,Safety,1
2025-12-29,East,E2,Property,2
2025-12-29,East,E2,Safety,1
2025-12-29,East,E3,Service,1
2025-12-29,West,W1,Property,1
2025-12-29,West,W1,Service,1
2025-12-29,West,W1,Safety,2
2025-12-29,West,W1,Quality,1
2025-12-29,West,W2,Safety,2
2025-12-29,West,W2,Quality,1
2025-12-29,West,W3,Property,1
2025-12-29,West,W3,Service,1
2025-12-30,North,N1,Quality,1
2025-12-30,North,N3,Property,1
2025-12-30,North,N3,Safety,1
2025-12-30,Central,C1,Property,2
2025-12-30,Central,C1,Service,1
2025-12-30,Central,C1,Safety,1
2025-12-30,Central,C1,Quality,1
2025-12-30,Central,C2,Property,2
2025-12-30,Central,C2,Safety,2
2025-12-30,Central,C3,Property,1
2025-12-30,Central,C3,Service,1
2025-12-30,Central,C3,Safety,1
2025-12-30,Central,C3,Other,2
2025-12-30,East,E1,Safety,1
2025-12-30,East,E2,Quality,1
2025-12-30,East,E3,Property,1
2025-12-30,East,E3,Service,2
2025-12-30,East,E3,Safety,1
2025-12-30,East,E3,Quality,1
2025-12-30,West,W3,Service,1
2025-12-31,North,N1,Property,1
2025-12-31,North,N1,Service,2
2025-12-31,North,N1,Quality,1
2025-12-31,North,N2,Quality,1
2025-12-31,North,N2,Other,1
2025-12-31,North,N3,Property,2
2025-12-31,Central,C1,Property,2
2025-12-31,Central,C1,Safety,1
2025-12-31,Central,C1,Quality,1
2025-12-31,Central,C2,Property,1
2025-12-31,Central,C2,Service,1
2025-12-31,Central,C2,Other,1
2025-12-31,Central,C3,Property,5
2025-12-31,Central,C3,Service,1
2025-12-31,Central,C3,Safety,2
2025-12-31,Central,C3,Other,2
2025-12-31,East,E1,Property,1
2025-12-31,East,E1,Safety,2
2025-12-31,East,E1,Quality,2
2025-12-31,East,E1,Other,1
2025-12-31,West,W1,Service,1
2025-12-31,West,W1,Safety,1
2025-12-31,West,W1,Quality,2
2025-12-31,West,W2,Property,1
2025-12-31,West,W2,Service,1
2025-12-31,West,W2,Safety,1
2025-12-31,West,W2,Quality,1
2025-12-31,West,W3,Quality,1
2026-01-01,North,N1,Service,1
2026-01-01,North,N1,Quality,1
2026-01-01,North,N1,Other,1
2026-01-01,North,N2,Property,1
2026-01-01,North,N2,Safety,1
2026-01-01,North,N2,Other,2
2026-01-01,North,N3,Property,1
2026-01-01,Central,C1,Property,2
2026-01-01,Central,C3,Property,3
2026-01-01,Central,C3,Quality,1
2026-01-01,East,E1,Property,1
2026-01-01,East,E1,Service,1
2026-01-01,East,E1,Quality,1
2026-01-01,East,E2,Property,1
2026-01-01,East,E3,Safety,1
2026-01-01,West,W1,Safety,1
2026-01-01,West,W1,Quality,1
2026-01-01,West,W1,Other,1
2026-01-01,West,W2,Property,1
2026-01-01,West,W3,Property,1
2026-01-01,West,W3,Safety,1
2026-01-01,West,W3,Quality,1
2026-01-02,North,N1,Service,1
2026-01-02,North,N1,Safety,1
2026-01-02,North,N2,Property,1
2026-01-02,North,N2,Service,1
2026-01-02,North,N2,Quality,1
2026-01-02,North,N3,Property,1
2026-01-02,North,N3,Safety,1
2026-01-02,North,N3,Quality,2
2026-01-02,Central,C1,Safety,1
2026-01-02,Central,C3,Service,2
2026-01-02,Central,C3,Safety,1
2026-01-02,East,E1,Property,2
2026-01-02,East,E1,Safety,1
2026-01-02,East,E2,Property,1
2026-01-02,East,E2,Service,1
2026-01-02,East,E3,Property,1
2026-01-02,East,E3,Safety,1
2026-01-02,East,E3,Other,1
2026-01-02,West,W1,Service,1
2026-01-02,West,W2,Property,2
2026-01-02,West,W2,Service,1
2026-01-03,North,N1,Property,2
2026-01-03,North,N2,Property,1
2026-01-03,North,N2,Service,2
2026-01-03,North,N2,Safety,1
2026-01-03,North,N2,Quality,1
2026-01-03,North,N3,Safety,2
2026-01-03,North,N3,Quality,1
2026-01-03,Central,C1,Service,1
2026-01-03,Central,C1,Quality,1
2026-01-03,Central,C2,Other,1
2026-01-03,Central,C3,Property,2
2026-01-03,Central,C3,Quality,1
2026-01-03,East,E1,Property,2
2026-01-03,East,E1,Service,2
2026-01-03,East,E1,Quality,1
2026-01-03,East,E2,Property,1
2026-01-03,East,E2,Safety,2
2026-01-03,East,E3,Service,1
2026-01-03,East,E3,Safety,1
2026-01-03,West,W1,Property,1
2026-01-03,West,W2,Property,2
2026-01-03,West,W2,Service,1
2026-01-04,North,N1,Service,1
2026-01-04,North,N2,Property,2
2026-01-04,North,N2,Other,1
2026-01-04,North,N3,Property,1
2026-01-04,North,N3,Service,1
2026-01-04,Central,C1,Property,2
2026-01-04,Central,C1,Quality,1
2026-01-04,Central,C2,Quality,1
2026-01-04,Central,C3,Service,3
2026-01-04,Central,C3,Safety,2
2026-01-04,Central,C3,Quality,1
2026-01-04,East,E1,Property,1
2026-01-04,East,E1,Quality,1
2026-01-04,East,E2,Property,1
2026-01-04,East,E2,Quality,1
2026-01-04,East,E3,Property,1
2026-01-04,West,W1,Other,1
2026-01-04,West,W2,Property,1
2026-01-04,West,W2,Service,1
2026-01-04,West,W3,Property,1
2026-01-05,North,N2,Property,2
2026-01-05,North,N2,Service,3
2026-01-05,North,N2,Safety,1
2026-01-05,North,N2,Quality,1
2026-01-05,North,N3,Property,2
2026-01-05,North,N3,Service,2
2026-01-05,Central,C1,Property,2
2026-01-05,Central,C1,Service,3
2026-01-05,Central,C1,Other,1
2026-01-05,Central,C2,Property,1
2026-01-05,Central,C2,Safety,1
2026-01-05,Central,C2,Quality,2
2026-01-05,Central,C2,Other,1
2026-01-05,Central,C3,Property,1
2026-01-05,Central,C3,Service,2
2026-01-05,Central,C3,Safety,1
2026-01-05,Central,C3,Other,1
2026-01-05,East,E1,Safety,1
2026-01-05,East,E2,Property,1
2026-01-05,East,E2,Service,2
2026-01-05,East,E3,Service,1
2026-01-05,West,W1,Safety,1
2026-01-05,West,W1,Other,1
2026-01-05,West,W2,Property,1
2026-01-05,West,W2,Quality,1
2026-01-05,West,W3,Other,1
2026-01-06,North,N1,Service,1
2026-01-06,North,N1,Safety,1
2026-01-06,North,N1,Quality,1
2026-01-06,North,N2,Property,1
2026-01-06,North,N3,Property,3
2026-01-06,North,N3,Service,1
2026-01-06,Central,C1,Property,1
2026-01-06,Central,C1,Service,4
2026-01-06,Central,C1,Quality,1
2026-01-06,Central,C2,Property,2
2026-01-06,Central,C3,Service,1
2026-01-06,Central,C3,Safety,1
2026-01-06,Central,C3,Quality,1
2026-01-06,East,E2,Service,1
2026-01-06,East,E2,Quality,1
2026-01-06,East,E2,Other,1
2026-01-06,East,E3,Property,1
2026-01-06,East,E3,Safety,1
2026-01-06,East,E3,Quality,1
2026-01-06,West,W1,Safety,2
2026-01-06,West,W1,Quality,1
2026-01-06,West,W2,Service,1
2026-01-06,West,W2,Safety,1
2026-01-06,West,W2,Other,1
2026-01-06,West,W3,Property,3
2026-01-06,West,W3,Quality,1
2026-01-07,North,N1,Service,1
2026-01-07,North,N1,Other,1
2026-01-07,North,N2,Safety,1
2026-01-07,North,N3,Service,2
2026-01-07,Central,C1,Service,1
2026-01-07,Central,C1,Safety,1
2026-01-07,Central,C2,Quality,1
2026-01-07,Central,C3,Property,1
2026-01-07,Central,C3,Service,1
2026-01-07,Central,C3,Safety,1
2026-01-07,East,E2,Safety,1
2026-01-07,East,E3,Quality,1
2026-01-08,North,N1,Property,2
2026-01-08,North,N1,Safety,1
2026-01-08,North,N2,Property,1
2026-01-08,North,N3,Property,1
2026-01-08,North,N3,Quality,1
2026-01-08,Central,C1,Property,1
2026-01-08,Central,C1,Quality,1
2026-01-08,Central,C2,Property,2
2026-01-08,Central,C2,Other,1
2026-01-08,Central,C3,Quality,1
2026-01-08,East,E1,Property,1
2026-01-08,East,E2,Property,1
2026-01-08,East,E2,Service,3
2026-01-08,East,E2,Safety,1
2026-01-08,East,E2,Other,2
2026-01-08,East,E3,Safety,2
2026-01-08,West,W1,Safety,1
2026-01-08,West,W1,Quality,1
2026-01-08,West,W2,Safety,1
2026-01-08,West,W2,Quality,1
2026-01-08,West,W2,Other,1
2026-01-08,West,W3,Other,1
2026-01-09,North,N1,Quality,1
2026-01-09,North,N3,Property,1
2026-01-09,North,N3,Service,2
2026-01-09,Central,C1,Property,2
2026-01-09,Central,C2,Service,1
2026-01-09,Central,C2,Quality,1
2026-01-09,Central,C3,Property,1
2026-01-09,Central,C3,Quality,1
2026-01-09,East,E1,Service,1
2026-01-09,East,E1,Safety,1
2026-01-09,East,E1,Quality,2
2026-01-09,East,E2,Service,1
2026-01-09,East,E2,Safety,1
2026-01-09,East,E2,Quality,1
2026-01-09,East,E3,Property,1
2026-01-09,East,E3,Service,2
2026-01-09,East,E3,Quality,1
2026-01-09,West,W1,Other,2
2026-01-09,West,W2,Service,1
2026-01-09,West,W2,Quality,1
2026-01-09,West,W2,Other,2
2026-01-09,West,W3,Property,2
2026-01-09,West,W3,Quality,1
2026-01-10,North,N1,Property,1
2026-01-10,North,N1,Quality,1
2026-01-10,North,N2,Property,4
2026-01-10,North,N3,Other,1
2026-01-10,Central,C1,Quality,1
2026-01-10,Central,C2,Property,1
2026-01-10,Central,C2,Service,1
2026-01-10,Central,C2,Other,1
2026-01-10,Central,C3,Service,1
2026-01-10,Central,C3,Quality,1
2026-01-10,Central,C3,Other,1
2026-01-10,East,E1,Property,1
2026-01-10,East,E1,Other,1
2026-01-10,East,E3,Property,1
2026-01-10,East,E3,Service,2
2026-01-10,East,E3,Safety,2
2026-01-10,West,W1,Service,1
2026-01-10,West,W1,Safety,1
2026-01-10,West,W2,Property,1
2026-01-10,West,W2,Safety,1
2026-01-10,West,W2,Quality,1
2026-01-10,West,W3,Property,1
2026-01-11,North,N1,Service,1
2026-01-11,North,N1,Other,1
2026-01-11,North,N2,Property,2
2026-01-11,North,N2,Service,1
2026-01-11,North,N3,Service,1
2026-01-11,Central,C1,Property,1
2026-01-11,Central,C1,Quality,2
2026-01-11,Central,C2,Safety,1
2026-01-11,Central,C2,Other,1
2026-01-11,Central,C3,Property,1
2026-01-11,Central,C3,Safety,1
2026-01-11,East,E1,Safety,1
2026-01-11,East,E1,Quality,1
2026-01-11,East,E1,Other,1
2026-01-11,West,W1,Safety,1
2026-01-11,West,W2,Safety,1
2026-01-11,West,W3,Service,1
2026-01-11,West,W3,Safety,1
2026-01-12,North,N1,Safety,1
2026-01-12,North,N2,Quality,1
2026-01-12,North,N3,Service,1
2026-01-12,North,N3,Safety,1
2026-01-12,Central,C1,Property,1
2026-01-12,Central,C1,Other,1
2026-01-12,Central,C2,Property,1
2026-01-12,Central,C2,Safety,1
2026-01-12,Central,C2,Quality,1
2026-01-12,Central,C3,Service,2
2026-01-12,Central,C3,Safety,1
2026-01-12,Central,C3,Quality,1
2026-01-12,Central,C3,Other,1
2026-01-12,East,E1,Service,1
2026-01-12,East,E2,Property,2
2026-01-12,East,E2,Quality,1
2026-01-12,East,E3,Property,1
2026-01-12,East,E3,Safety,1
2026-01-12,West,W2,Safety,1
2026-01-12,West,W2,Quality,1
2026-01-12,West,W3,Property,1
2026-01-12,West,W3,Quality,1
2026-01-13,North,N1,Property,1
2026-01-13,North,N1,Service,2
2026-01-13,North,N1,Quality,1
2026-01-13,North,N1,Other,1
2026-01-13,North,N2,Property,1
2026-01-13,North,N2,Service,1
2026-01-13,North,N2,Safety,2
2026-01-13,North,N2,Quality,1
2026-01-13,North,N3,Property,1
2026-01-13,North,N3,Safety,1
2026-01-13,Central,C1,Service,2
2026-01-13,Central,C1,Quality,1
2026-01-13,Central,C2,Property,1
2026-01-13,Central,C2,Service,1
2026-01-13,Central,C3,Property,1
2026-01-13,Central,C3,Service,1
2026-01-13,Central,C3,Quality,1
2026-01-13,East,E1,Property,2
2026-01-13,East,E1,Service,1
2026-01-13,East,E2,Safety,1
2026-01-13,East,E2,Quality,1
2026-01-13,East,E3,Safety,1
2026-01-13,West,W1,Property,1
2026-01-13,West,W1,Service,1
2026-01-13,West,W1,Safety,1
2026-01-13,West,W1,Other,1
2026-01-13,West,W2,Property,1
2026-01-13,West,W2,Service,1
2026-01-13,West,W3,Property,1
2026-01-13,West,W3,Service,1
2026-01-13,West,W3,Safety,1
2026-01-14,North,N1,Property,1
2026-01-14,North,N1,Quality,1
2026-01-14,North,N2,Property,2
2026-01-14,North,N2,Service,2
2026-01-14,North,N3,Safety,1
2026-01-14,Central,C1,Property,4
2026-01-14,Central,C1,Quality,1
2026-01-14,Central,C2,Service,1
2026-01-14,Central,C2,Safety,2
2026-01-14,Central,C2,Quality,1
2026-01-14,Central,C3,Service,1
2026-01-14,Central,C3,Safety,1
2026-01-14,East,E1,Safety,1
2026-01-14,East,E1,Quality,1
2026-01-14,East,E2,Property,1
2026-01-14,East,E2,Service,1
2026-01-14,East,E2,Safety,2
2026-01-14,East,E2,Quality,1
2026-01-14,East,E3,Service,1
2026-01-14,East,E3,Safety,1
2026-01-14,East,E3,Other,1
2026-01-14,West,W2,Property,3
2026-01-14,West,W3,Property,1
2026-01-14,West,W3,Quality,1
2026-01-15,North,N1,Property,1
2026-01-15,North,N1,Safety,1
2026-01-15,North,N1,Other,1
2026-01-15,North,N2,Service,1
2026-01-15,North,N2,Safety,1
2026-01-15,North,N2,Quality,1
2026-01-15,North,N3,Property,1
2026-01-15,Central,C1,Quality,2
2026-01-15,Central,C1,Other,1
2026-01-15,Central,C2,Property,2
2026-01-15,Central,C2,Service,1
2026-01-15,Central,C2,Safety,2
2026-01-15,Central,C3,Property,2
2026-01-15,Central,C3,Safety,1
2026-01-15,East,E2,Service,1
2026-01-15,East,E3,Property,1
2026-01-15,East,E3,Service,1
2026-01-15,East,E3,Quality,1
2026-01-15,West,W1,Service,1
2026-01-15,West,W2,Other,1
2026-01-15,West,W3,Safety,1
2026-01-16,North,N1,Property,1
2026-01-16,North,N1,Quality,1
2026-01-16,North,N2,Service,1
2026-01-16,North,N2,Safety,1
2026-01-16,North,N3,Property,2
2026-01-16,North,N3,Service,1
2026-01-16,Central,C1,Property,3
2026-01-16,Central,C1,Service,1
2026-01-16,Central,C1,Safety,1
2026-01-16,Central,C2,Safety,1
2026-01-16,Central,C3,Property,1
2026-01-16,Central,C3,Safety,1
2026-01-16,East,E1,Service,1
2026-01-16,East,E1,Other,1
2026-01-16,East,E2,Property,1
2026-01-16,East,E3,Service,1
2026-01-16,East,E3,Safety,1
2026-01-16,West,W1,Property,1
2026-01-16,West,W1,Safety,1
2026-01-16,West,W2,Service,2
2026-01-16,West,W2,Other,1
2026-01-16,West,W3,Service,2
2026-01-16,West,W3,Safety,1
2026-01-16,West,W3,Quality,1
2026-01-17,North,N1,Quality,1
2026-01-17,North,N1,Other,1
2026-01-17,North,N2,Service,1
2026-01-17,North,N3,Property,3
2026-01-17,North,N3,Service,1
2026-01-17,North,N3,Safety,1
2026-01-17,North,N3,Other,1
2026-01-17,Central,C1,Property,1
2026-01-17,Central,C1,Service,1
2026-01-17,Central,C2,Service,1
2026-01-17,Central,C3,Property,2
2026-01-17,Central,C3,Service,1
2026-01-17,East,E1,Property,1
2026-01-17,East,E3,Property,1
2026-01-17,East,E3,Service,1
2026-01-17,East,E3,Quality,1
2026-01-17,West,W1,Other,1
2026-01-17,West,W3,Property,1
2026-01-18,North,N1,Property,2
2026-01-18,North,N1,Service,1
2026-01-18,North,N2,Service,2
2026-01-18,North,N2,Safety,1
2026-01-18,North,N2,Quality,1
2026-01-18,North,N3,Property,1
2026-01-18,North,N3,Service,1
2026-01-18,North,N3,Safety,1
2026-01-18,Central,C1,Property,1
2026-01-18,Central,C1,Service,1
2026-01-18,Central,C2,Property,2
2026-01-18,Central,C3,Service,1
2026-01-18,East,E1,Property,2
2026-01-18,East,E1,Safety,1
2026-01-18,East,E2,Property,1
2026-01-18,East,E2,Safety,1
2026-01-18,East,E3,Service,1
2026-01-18,East,E3,Quality,1
2026-01-18,West,W2,Property,2
2026-01-19,North,N1,Service,1
2026-01-19,North,N2,Property,1
2026-01-19,Central,C1,Property,1
2026-01-19,Central,C1,Service,1
2026-01-19,Central,C1,Safety,2
2026-01-19,Central,C1,Quality,1
2026-01-19,Central,C2,Property,1
2026-01-19,Central,C2,Service,3
2026-01-19,Central,C2,Safety,1
2026-01-19,Central,C2,Other,1
2026-01-19,Central,C3,Property,2
2026-01-19,Central,C3,Service,1
2026-01-19,East,E1,Property,1
2026-01-19,East,E1,Safety,1
2026-01-19,East,E2,Property,2
2026-01-19,East,E2,Safety,2
2026-01-19,East,E3,Service,1
2026-01-19,East,E3,Quality,1
2026-01-19,East,E3,Other,1
2026-01-19,West,W1,Property,1
2026-01-19,West,W2,Property,1
2026-01-19,West,W2,Service,1
2026-01-20,North,N1,Quality,1
2026-01-20,North,N1,Other,1
2026-01-20,North,N2,Property,1
2026-01-20,North,N2,Quality,1
2026-01-20,North,N3,Safety,1
2026-01-20,North,N3,Other,1
2026-01-20,Central,C1,Safety,1
2026-01-20,Central,C2,Property,2
2026-01-20,Central,C2,Service,2
2026-01-20,East,E1,Other,1
2026-01-20,East,E2,Property,2
2026-01-20,East,E2,Service,1
2026-01-20,East,E2,Safety,1
2026-01-20,East,E3,Property,1
2026-01-20,East,E3,Service,3
2026-01-20,West,W1,Service,1
2026-01-20,West,W2,Property,1
2026-01-20,West,W2,Service,1
2026-01-20,West,W2,Quality,1
2026-01-20,West,W3,Property,1
2026-01-20,West,W3,Service,1
2026-01-20,West,W3,Quality,1
2026-01-21,North,N1,Service,2
2026-01-21,North,N1,Safety,1
2026-01-21,North,N2,Property,1
2026-01-21,North,N3,Safety,1
2026-01-21,Central,C1,Service,1
2026-01-21,Central,C1,Safety,1
2026-01-21,Central,C1,Quality,2
2026-01-21,Central,C1,Other,1
2026-01-21,Central,C2,Property,3
2026-01-21,Central,C2,Safety,2
2026-01-21,Central,C3,Quality,1
2026-01-21,East,E1,Property,1
2026-01-21,East,E2,Safety,1
2026-01-21,East,E2,Other,1
2026-01-21,East,E3,Service,1
2026-01-21,East,E3,Safety,1
2026-01-21,East,E3,Other,1
2026-01-21,West,W1,Service,1
2026-01-21,West,W2,Property,1
2026-01-21,West,W3,Safety,1
2026-01-22,North,N1,Property,1
2026-01-22,North,N1,Safety,1
2026-01-22,North,N2,Property,2
2026-01-22,North,N2,Service,2
2026-01-22,North,N2,Safety,1
2026-01-22,North,N3,Service,2
2026-01-22,North,N3,Safety,1
2026-01-22,North,N3,Quality,1
2026-01-22,Central,C1,Property,4
2026-01-22,Central,C2,Property,1
2026-01-22,Central,C2,Safety,1
2026-01-22,Central,C3,Property,2
2026-01-22,Central,C3,Service,1
2026-01-22,Central,C3,Quality,2
2026-01-22,East,E1,Other,1
2026-01-22,East,E2,Property,1
2026-01-22,East,E2,Service,1
2026-01-22,West,W2,Property,3
2026-01-22,West,W2,Service,1
2026-01-22,West,W2,Quality,2
2026-01-23,North,N1,Property,3
2026-01-23,North,N1,Safety,1
2026-01-23,North,N1,Quality,1
2026-01-23,North,N3,Service,1
2026-01-23,North,N3,Safety,1
2026-01-23,Central,C1,Safety,2
2026-01-23,Central,C1,Other,1
2026-01-23,Central,C2,Property,1
2026-01-23,Central,C2,Quality,1
2026-01-23,Central,C3,Property,1
2026-01-23,Central,C3,Safety,2
2026-01-23,East,E1,Property,1
2026-01-23,East,E1,Service,2
2026-01-23,East,E1,Safety,3
2026-01-23,East,E2,Service,2
2026-01-23,East,E2,Safety,2
2026-01-23,East,E3,Service,1
2026-01-23,East,E3,Quality,1
2026-01-23,East,E3,Other,2
2026-01-23,West,W1,Property,2
2026-01-23,West,W1,Other,1
2026-01-23,West,W2,Service,2
2026-01-23,West,W3,Property,2
2026-01-24,North,N2,Safety,1
2026-01-24,North,N2,Quality,1
2026-01-24,North,N2,Other,1
2026-01-24,North,N3,Property,1
2026-01-24,Central,C1,Property,2
2026-01-24,Central,C1,Quality,1
2026-01-24,Central,C2,Safety,1
2026-01-24,East,E1,Property,1
2026-01-24,East,E1,Service,1
2026-01-24,East,E1,Quality,1
2026-01-24,East,E3,Quality,1
2026-01-24,West,W1,Service,1
2026-01-24,West,W1,Safety,2
2026-01-24,West,W1,Quality,1
2026-01-24,West,W2,Property,2
2026-01-24,West,W2,Service,1
2026-01-24,West,W2,Safety,1
2026-01-24,West,W2,Quality,1
2026-01-24,West,W3,Property,1
2026-01-24,West,W3,Service,1
2026-01-25,North,N1,Safety,1
2026-01-25,North,N2,Property,1
2026-01-25,North,N2,Service,1
2026-01-25,North,N3,Service,1
2026-01-25,North,N3,Safety,1
2026-01-25,Central,C1,Property,2
2026-01-25,Central,C1,Safety,1
2026-01-25,Central,C2,Property,2
2026-01-25,Central,C3,Property,2
2026-01-25,Central,C3,Other,1
2026-01-25,East,E1,Property,1
2026-01-25,East,E1,Service,2
2026-01-25,East,E1,Quality,1
2026-01-25,East,E2,Safety,3
2026-01-25,East,E2,Quality,1
2026-01-25,East,E3,Property,2
2026-01-25,West,W1,Service,1
2026-01-25,West,W3,Property,1
2026-01-25,West,W3,Service,1
2026-01-25,West,W3,Other,1
2026-01-26,North,N1,Property,1
2026-01-26,North,N1,Service,1
2026-01-26,North,N1,Other,1
2026-01-26,North,N2,Property,2
2026-01-26,North,N2,Safety,1
2026-01-26,North,N3,Safety,1
2026-01-26,Central,C1,Service,1
2026-01-26,Central,C1,Safety,2
2026-01-26,Central,C2,Property,1
2026-01-26,Central,C2,Service,3
2026-01-26,Central,C3,Property,3
2026-01-26,Central,C3,Service,1
2026-01-26,East,E1,Service,2
2026-01-26,East,E2,Property,1
2026-01-26,East,E2,Safety,1
2026-01-26,East,E2,Quality,1
2026-01-26,East,E2,Other,1
2026-01-26,East,E3,Property,1
2026-01-26,West,W1,Safety,1
2026-01-26,West,W2,Quality,1
2026-01-26,West,W3,Service,1
2026-01-27,North,N1,Other,1
2026-01-27,North,N2,Property,1
2026-01-27,North,N2,Safety,1
2026-01-27,North,N2,Quality,1
2026-01-27,North,N3,Property,3
2026-01-27,Central,C1,Property,1
2026-01-27,Central,C1,Service,2
2026-01-27,Central,C2,Service,1
2026-01-27,Central,C3,Property,2
2026-01-27,Central,C3,Safety,2
2026-01-27,East,E1,Safety,1
2026-01-27,East,E2,Property,1
2026-01-27,East,E2,Safety,1
2026-01-27,East,E2,Other,2
2026-01-27,East,E3,Service,1
2026-01-27,West,W1,Property,1
2026-01-27,West,W2,Quality,1
2026-01-27,West,W2,Other,1
2026-01-27,West,W3,Other,1
2026-01-28,North,N2,Service,1
2026-01-28,North,N2,Quality,1
2026-01-28,North,N2,Other,1
2026-01-28,North,N3,Quality,1
2026-01-28,Central,C1,Service,2
2026-01-28,Central,C2,Service,1
2026-01-28,Central,C2,Safety,2
2026-01-28,Central,C3,Property,2
2026-01-28,East,E2,Property,2
2026-01-28,East,E2,Service,1
2026-01-28,East,E2,Safety,1
2026-01-28,East,E3,Property,2
2026-01-28,East,E3,Quality,1
2026-01-28,West,W1,Quality,2
2026-01-28,West,W1,Other,1
2026-01-28,West,W2,Property,1
2026-01-28,West,W2,Safety,1
2026-01-28,West,W3,Quality,1
2026-01-29,North,N1,Other,1
2026-01-29,North,N2,Property,2
2026-01-29,North,N2,Service,1
2026-01-29,North,N3,Property,2
2026-01-29,North,N3,Service,1
2026-01-29,North,N3,Safety,2
2026-01-29,Central,C1,Property,1
2026-01-29,Central,C1,Service,3
2026-01-29,Central,C1,Other,1
2026-01-29,Central,C2,Property,2
2026-01-29,Central,C2,Safety,1
2026-01-29,Central,C3,Property,2
2026-01-29,Central,C3,Safety,1
2026-01-29,Central,C3,Quality,2
2026-01-29,East,E2,Property,1
2026-01-29,East,E3,Service,2
2026-01-29,East,E3,Safety,1
2026-01-29,West,W1,Property,2
2026-01-29,West,W1,Safety,1
2026-01-29,West,W2,Safety,1
2026-01-29,West,W3,Service,1
2026-01-29,West,W3,Safety,1
2026-01-29,West,W3,Quality,1
2026-01-30,North,N1,Service,1
2026-01-30,North,N2,Service,1
2026-01-30,North,N2,Other,1
2026-01-30,North,N3,Service,1
2026-01-30,North,N3,Safety,1
2026-01-30,Central,C1,Service,1
2026-01-30,Central,C1,Safety,1
2026-01-30,Central,C1,Other,1
2026-01-30,Central,C2,Property,1
2026-01-30,Central,C2,Service,1
2026-01-30,Central,C3,Safety,1
2026-01-30,Central,C3,Quality,1
2026-01-30,East,E1,Other,1
2026-01-30,East,E2,Safety,1
2026-01-30,East,E2,Other,1
2026-01-30,East,E3,Property,1
2026-01-30,East,E3,Service,1
2026-01-30,East,E3,Quality,1
2026-01-30,West,W1,Property,1
2026-01-30,West,W1,Quality,1
2026-01-30,West,W1,Other,1
2026-01-30,West,W2,Service,1
2026-01-30,West,W2,Safety,1
2026-01-30,West,W3,Safety,2
2026-01-31,North,N1,Property,1
2026-01-31,North,N1,Quality,2
2026-01-31,North,N1,Other,1
2026-01-31,North,N2,Property,1
2026-01-31,North,N3,Quality,1
2026-01-31,Central,C1,Property,2
2026-01-31,Central,C1,Service,2
2026-01-31,Central,C2,Service,1
2026-01-31,Central,C2,Safety,1
2026-01-31,Central,C3,Safety,1
2026-01-31,East,E1,Property,1
2026-01-31,East,E1,Service,1
2026-01-31,East,E1,Quality,1
2026-01-31,East,E2,Property,2
2026-01-31,East,E2,Service,1
2026-01-31,East,E3,Service,2
2026-01-31,East,E3,Safety,1
2026-01-31,West,W1,Quality,1
2026-01-31,West,W3,Property,1
2026-02-01,North,N1,Property,1
2026-02-01,North,N1,Safety,1
2026-02-01,North,N2,Property,1
2026-02-01,North,N2,Safety,1
2026-02-01,Central,C1,Property,1
2026-02-01,Central,C1,Service,1
2026-02-01,Central,C2,Property,1
2026-02-01,Central,C2,Safety,1
2026-02-01,Central,C2,Quality,1
2026-02-01,Central,C2,Other,1
2026-02-01,Central,C3,Property,1
2026-02-01,Central,C3,Service,3
2026-02-01,East,E1,Property,1
2026-02-01,East,E1,Quality,1
2026-02-01,East,E3,Service,1
2026-02-01,East,E3,Quality,2
2026-02-01,West,W2,Service,1
2026-02-01,West,W2,Safety,1
2026-02-01,West,W2,Quality,2
2026-02-01,West,W3,Service,1
2026-02-01,West,W3,Safety,1
2026-02-02,North,N1,Property,2
2026-02-02,North,N2,Property,1
2026-02-02,North,N2,Quality,1
2026-02-02,North,N3,Property,1
2026-02-02,Central,C1,Property,1
2026-02-02,Central,C1,Safety,1
2026-02-02,Central,C2,Property,1
2026-02-02,Central,C2,Safety,1
2026-02-02,Central,C3,Property,1
2026-02-02,Central,C3,Service,3
2026-02-02,East,E1,Property,1
2026-02-02,East,E1,Safety,2
2026-02-02,East,E1,Other,1
2026-02-02,East,E2,Other,1
2026-02-02,East,E3,Property,1
2026-02-02,East,E3,Service,2
2026-02-02,East,E3,Safety,1
2026-02-02,West,W1,Property,1
2026-02-02,West,W1,Other,2
2026-02-02,West,W3,Quality,1
2026-02-03,North,N1,Safety,1
2026-02-03,North,N2,Property,3
2026-02-03,North,N2,Service,2
2026-02-03,North,N2,Other,1
2026-02-03,North,N3,Property,2
2026-02-03,North,N3,Safety,1
2026-02-03,North,N3,Quality,1
2026-02-03,Central,C1,Service,1
2026-02-03,Central,C2,Safety,1
2026-02-03,Central,C3,Property,1
2026-02-03,East,E1,Safety,1
2026-02-03,East,E1,Quality,2
2026-02-03,East,E2,Property,1
2026-02-03,East,E2,Safety,1
2026-02-03,East,E3,Safety,1
2026-02-03,West,W1,Property,1
2026-02-03,West,W1,Safety,2
2026-02-03,West,W1,Quality,1
2026-02-03,West,W2,Safety,1
2026-02-03,West,W3,Service,2
2026-02-03,West,W3,Other,1
2026-02-04,North,N1,Service,2
2026-02-04,North,N1,Safety,1
2026-02-04,North,N1,Quality,1
2026-02-04,North,N1,Other,1
2026-02-04,North,N2,Property,2
2026-02-04,North,N2,Other,1
2026-02-04,North,N3,Property,1
2026-02-04,North,N3,Service,1
2026-02-04,North,N3,Safety,1
2026-02-04,Central,C1,Property,2
2026-02-04,Central,C1,Quality,2
2026-02-04,Central,C1,Other,1
2026-02-04,Central,C2,Property,4
2026-02-04,Central,C2,Safety,1
2026-02-04,Central,C3,Property,2
2026-02-04,Central,C3,Service,3
2026-02-04,Central,C3,Quality,1
2026-02-04,East,E1,Safety,1
2026-02-04,East,E1,Quality,1
2026-02-04,East,E2,Service,1
2026-02-04,East,E2,Safety,2
2026-02-04,East,E2,Quality,1
2026-02-04,East,E3,Quality,2
2026-02-04,East,E3,Other,1
2026-02-04,West,W1,Service,1
2026-02-04,West,W1,Quality,1
2026-02-04,West,W2,Service,1
2026-02-04,West,W2,Other,1
2026-02-04,West,W3,Service,1
2026-02-05,North,N1,Property,3
2026-02-05,North,N1,Service,1
2026-02-05,North,N1,Quality,2
2026-02-05,North,N1,Other,1
2026-02-05,North,N2,Property,3
2026-02-05,North,N2,Other,3
2026-02-05,North,N3,Property,1
2026-02-05,North,N3,Quality,2
2026-02-05,Central,C1,Property,1
2026-02-05,Central,C1,Service,2
2026-02-05,Central,C1,Quality,1
2026-02-05,Central,C2,Property,3
2026-02-05,Central,C2,Service,1
2026-02-05,Central,C2,Safety,1
2026-02-05,Central,C3,Property,1
2026-02-05,Central,C3,Safety,1
2026-02-05,East,E1,Property,1
2026-02-05,East,E2,Property,1
2026-02-05,East,E2,Safety,1
2026-02-05,East,E2,Quality,1
2026-02-05,East,E3,Quality,1
2026-02-05,West,W1,Property,1
2026-02-05,West,W1,Safety,1
2026-02-05,West,W1,Other,1
2026-02-05,West,W2,Property,1
2026-02-05,West,W2,Quality,1
2026-02-05,West,W3,Quality,1
2026-02-06,North,N1,Other,1
2026-02-06,North,N2,Service,1
2026-02-06,North,N2,Safety,1
2026-02-06,North,N2,Other,1
2026-02-06,North,N3,Service,1
2026-02-06,North,N3,Other,1
2026-02-06,Central,C1,Property,1
2026-02-06,Central,C1,Service,1
2026-02-06,Central,C2,Property,2
2026-02-06,Central,C2,Service,1
2026-02-06,Central,C2,Safety,4
2026-02-06,Central,C3,Property,1
2026-02-06,Central,C3,Service,1
2026-02-06,East,E2,Property,1
2026-02-06,East,E2,Service,1
2026-02-06,East,E2,Safety,1
2026-02-06,East,E2,Quality,1
2026-02-06,East,E3,Property,1
2026-02-06,East,E3,Service,1
2026-02-06,East,E3,Safety,2
2026-02-06,East,E3,Quality,1
2026-02-06,West,W1,Property,1
2026-02-06,West,W2,Property,2
2026-02-06,West,W2,Service,1
2026-02-06,West,W2,Quality,1
2026-02-06,West,W3,Property,1
2026-02-07,North,N1,Property,1
2026-02-07,North,N1,Safety,1
2026-02-07,North,N1,Other,2
2026-02-07,North,N2,Property,1
2026-02-07,North,N2,Service,1
2026-02-07,North,N2,Other,1
2026-02-07,North,N3,Safety,1
2026-02-07,North,N3,Quality,1
2026-02-07,North,N3,Other,1
2026-02-07,Central,C1,Property,1
2026-02-07,Central,C1,Service,1
2026-02-07,Central,C1,Safety,1
2026-02-07,Central,C1,Quality,1
2026-02-07,Central,C2,Property,1
2026-02-07,Central,C2,Quality,1
2026-02-07,Central,C3,Property,2
2026-02-07,Central,C3,Safety,1
2026-02-07,Central,C3,Other,1
2026-02-07,East,E1,Safety,1
2026-02-07,East,E2,Property,1
2026-02-07,East,E2,Safety,1
2026-02-07,East,E3,Property,1
2026-02-07,East,E3,Quality,2
2026-02-07,West,W1,Service,2
2026-02-07,West,W1,Safety,1
2026-02-07,West,W2,Property,2
2026-02-07,West,W2,Safety,1
2026-02-07,West,W2,Other,1
2026-02-07,West,W3,Safety,1
2026-02-08,North,N1,Property,1
2026-02-08,North,N1,Service,2
2026-02-08,North,N1,Quality,1
2026-02-08,North,N2,Quality,1
2026-02-08,North,N3,Property,1
2026-02-08,North,N3,Service,1
2026-02-08,Central,C1,Property,1
2026-02-08,Central,C1,Service,2
2026-02-08,Central,C1,Safety,1
2026-02-08,Central,C1,Quality,1
2026-02-08,Central,C2,Property,1
2026-02-08,Central,C2,Service,1
2026-02-08,Central,C2,Safety,2
2026-02-08,Central,C2,Quality,1
2026-02-08,East,E1,Property,2
2026-02-08,East,E1,Service,3
2026-02-08,East,E1,Safety,1
2026-02-08,East,E2,Property,1
2026-02-08,East,E2,Safety,1
2026-02-08,East,E2,Other,2
2026-02-08,East,E3,Property,1
2026-02-08,East,E3,Quality,1
2026-02-08,West,W1,Property,1
2026-02-08,West,W1,Safety,1
2026-02-08,West,W1,Quality,1
2026-02-09,North,N1,Service,1
2026-02-09,North,N1,Safety,1
2026-02-09,North,N2,Service,2
2026-02-09,North,N2,Quality,1
2026-02-09,North,N3,Property,1
2026-02-09,Central,C1,Property,1
2026-02-09,Central,C1,Safety,1
2026-02-09,Central,C3,Quality,1
2026-02-09,East,E1,Service,1
2026-02-09,East,E1,Quality,1
2026-02-09,East,E1,Other,1
2026-02-09,East,E2,Property,2
2026-02-09,East,E2,Service,1
2026-02-09,West,W1,Service,1
2026-02-09,West,W1,Quality,2
2026-02-09,West,W2,Property,1
2026-02-09,West,W2,Safety,1
2026-02-09,West,W3,Property,2
2026-02-09,West,W3,Service,2
2026-02-09,West,W3,Other,1
2026-02-10,North,N1,Property,1
2026-02-10,North,N1,Service,1
2026-02-10,North,N2,Other,1
2026-02-10,North,N3,Other,1
2026-02-10,Central,C1,Property,1
2026-02-10,Central,C1,Service,1
2026-02-10,Central,C2,Property,2
2026-02-10,Central,C2,Service,1
2026-02-10,Central,C2,Safety,1
2026-02-10,Central,C2,Quality,1
2026-02-10,Central,C3,Property,1
2026-02-10,Central,C3,Safety,2
2026-02-10,Central,C3,Quality,1
2026-02-10,East,E1,Property,2
2026-02-10,East,E1,Quality,1
2026-02-10,East,E2,Quality,1
2026-02-10,East,E3,Property,1
2026-02-10,East,E3,Service,1
2026-02-10,East,E3,Quality,1
2026-02-10,West,W1,Safety,1
2026-02-10,West,W2,Safety,1
2026-02-10,West,W2,Other,2
2026-02-10,West,W3,Property,2
2026-02-10,West,W3,Service,1
2026-02-11,North,N1,Property,2
2026-02-11,North,N1,Service,2
2026-02-11,North,N1,Safety,1
2026-02-11,North,N2,Property,1
2026-02-11,North,N2,Quality,2
2026-02-11,North,N2,Other,1
2026-02-11,North,N3,Service,1
2026-02-11,North,N3,Safety,1
2026-02-11,North,N3,Other,2
2026-02-11,Central,C1,Property,2
2026-02-11,Central,C1,Service,1
2026-02-11,Central,C1,Safety,1
2026-02-11,Central,C1,Quality,1
2026-02-11,Central,C2,Property,1
2026-02-11,Central,C2,Service,1
2026-02-11,Central,C2,Quality,1
2026-02-11,Central,C3,Property,1
2026-02-11,Central,C3,Service,1
2026-02-11,Central,C3,Other,1
2026-02-11,East,E1,Safety,1
2026-02-11,East,E1,Other,2
2026-02-11,East,E2,Property,1
2026-02-11,East,E3,Safety,1
2026-02-11,East,E3,Quality,1
2026-02-11,West,W1,Property,1
2026-02-11,West,W1,Service,3
2026-02-11,West,W1,Other,1
2026-02-11,West,W2,Service,1
2026-02-11,West,W2,Quality,1
2026-02-11,West,W3,Quality,1
2026-02-12,North,N1,Property,2
2026-02-12,North,N1,Service,1
2026-02-12,North,N1,Quality,1
2026-02-12,North,N2,Property,1
2026-02-12,North,N2,Safety,1
2026-02-12,North,N3,Safety,1
2026-02-12,North,N3,Quality,1
2026-02-12,Central,C1,Property,2
2026-02-12,Central,C1,Service,1
2026-02-12,Central,C2,Service,1
2026-02-12,Central,C2,Safety,1
2026-02-12,Central,C2,Other,2
2026-02-12,Central,C3,Property,1
2026-02-12,Central,C3,Service,3
2026-02-12,Central,C3,Safety,2
2026-02-12,East,E1,Service,1
2026-02-12,East,E1,Safety,1
2026-02-12,East,E2,Service,1
2026-02-12,East,E2,Safety,2
2026-02-12,East,E2,Other,1
2026-02-12,East,E3,Service,1
2026-02-12,West,W1,Property,1
2026-02-12,West,W1,Other,1
2026-02-12,West,W2,Property,2
2026-02-12,West,W3,Safety,1
2026-02-12,West,W3,Quality,2
2026-02-12,West,W3,Other,1
2026-02-13,North,N1,Service,1
2026-02-13,North,N1,Safety,1
2026-02-13,North,N1,Other,1
2026-02-13,North,N2,Service,1
2026-02-13,North,N2,Safety,2
2026-02-13,North,N2,Quality,1
2026-02-13,North,N3,Safety,1
2026-02-13,Central,C1,Property,1
2026-02-13,Central,C1,Safety,1
2026-02-13,Central,C2,Property,1
2026-02-13,Central,C3,Property,1
2026-02-13,Central,C3,Other,1
2026-02-13,East,E1,Property,2
2026-02-13,East,E1,Service,1
2026-02-13,East,E2,Property,1
2026-02-13,East,E2,Service,2
2026-02-13,East,E2,Safety,1
2026-02-13,East,E2,Quality,1
2026-02-13,East,E3,Safety,1
2026-02-13,East,E3,Other,1
2026-02-13,West,W1,Property,2
2026-02-13,West,W2,Property,1
2026-02-13,West,W2,Service,1
2026-02-13,West,W3,Property,1
2026-02-13,West,W3,Service,1
2026-02-14,North,N1,Service,1
2026-02-14,North,N1,Safety,1
2026-02-14,North,N1,Quality,2
2026-02-14,North,N2,Property,1
2026-02-14,North,N3,Property,1
2026-02-14,North,N3,Quality,2
2026-02-14,Central,C1,Quality,1
2026-02-14,Central,C2,Service,2
2026-02-14,Central,C2,Safety,1
2026-02-14,Central,C2,Quality,1
2026-02-14,Central,C3,Service,1
2026-02-14,Central,C3,Quality,2
2026-02-14,East,E2,Property,1
2026-02-14,East,E2,Quality,1
2026-02-14,East,E3,Property,1
2026-02-14,East,E3,Safety,1
2026-02-14,West,W1,Property,2
2026-02-14,West,W1,Service,1
2026-02-14,West,W1,Other,1
2026-02-14,West,W3,Service,1
2026-02-14,West,W3,Safety,1
2026-02-15,North,N1,Service,2
2026-02-15,North,N2,Service,1
2026-02-15,North,N2,Quality,1
2026-02-15,Central,C1,Property,1
2026-02-15,Central,C1,Safety,1
2026-02-15,Central,C2,Property,1
2026-02-15,Central,C2,Safety,2
2026-02-15,Central,C2,Quality,1
2026-02-15,Central,C3,Property,1
2026-02-15,East,E2,Other,1
2026-02-15,East,E3,Property,1
2026-02-15,East,E3,Service,2
2026-02-15,East,E3,Safety,1
2026-02-15,East,E3,Quality,1
2026-02-15,West,W1,Property,1
2026-02-15,West,W1,Service,1
2026-02-15,West,W1,Other,2
2026-02-15,West,W2,Property,1
2026-02-15,West,W2,Safety,2
2026-02-15,West,W3,Property,3
2026-02-15,West,W3,Service,1
2026-02-16,North,N1,Property,3
2026-02-16,North,N1,Service,1
2026-02-16,North,N1,Other,1
2026-02-16,North,N2,Property,2
2026-02-16,North,N2,Service,1
2026-02-16,North,N2,Safety,1
2026-02-16,North,N3,Service,1
2026-02-16,North,N3,Quality,1
2026-02-16,Central,C1,Property,1
2026-02-16,Central,C1,Safety,1
2026-02-16,Central,C2,Property,3
2026-02-16,Central,C2,Other,1
2026-02-16,Central,C3,Property,2
2026-02-16,Central,C3,Service,1
2026-02-16,Central,C3,Safety,1
2026-02-16,Central,C3,Other,1
2026-02-16,East,E1,Property,2
2026-02-16,East,E1,Safety,2
2026-02-16,East,E1,Other,1
2026-02-16,East,E2,Service,1
2026-02-16,East,E2,Safety,1
2026-02-16,East,E3,Service,3
2026-02-16,East,E3,Safety,2
2026-02-16,West,W1,Service,2
2026-02-16,West,W1,Other,1
2026-02-16,West,W2,Property,1
2026-02-16,West,W2,Service,1
2026-02-16,West,W2,Other,1
2026-02-16,West,W3,Property,2
2026-02-16,West,W3,Service,1
2026-02-17,North,N1,Property,1
2026-02-17,North,N1,Safety,1
2026-02-17,North,N2,Property,3
2026-02-17,North,N2,Service,1
2026-02-17,North,N3,Service,1
2026-02-17,Central,C1,Property,1
2026-02-17,Central,C2,Property,1
2026-02-17,Central,C2,Quality,1
2026-02-17,Central,C3,Service,1
2026-02-17,Central,C3,Safety,1
2026-02-17,Central,C3,Other,1
2026-02-17,East,E1,Safety,3
2026-02-17,East,E1,Other,1
2026-02-17,East,E2,Service,1
2026-02-17,East,E2,Safety,2
2026-02-17,East,E3,Property,2
2026-02-17,East,E3,Service,2
2026-02-17,East,E3,Safety,1
2026-02-17,East,E3,Quality,2
2026-02-17,West,W1,Service,1
2026-02-17,West,W2,Property,2
2026-02-17,West,W2,Service,1
2026-02-17,West,W2,Other,2
2026-02-18,North,N1,Service,2
2026-02-18,North,N1,Safety,1
2026-02-18,North,N1,Quality,1
2026-02-18,North,N1,Other,1
2026-02-18,North,N2,Property,2
2026-02-18,North,N2,Safety,1
2026-02-18,Central,C1,Service,1
2026-02-18,Central,C1,Safety,1
2026-02-18,Central,C1,Quality,1
2026-02-18,Central,C2,Property,1
2026-02-18,Central,C2,Service,1
2026-02-18,Central,C2,Safety,1
2026-02-18,Central,C3,Service,2
2026-02-18,Central,C3,Quality,2
2026-02-18,East,E1,Property,1
2026-02-18,East,E2,Quality,1
2026-02-18,East,E3,Property,3
2026-02-18,East,E3,Service,1
2026-02-18,East,E3,Safety,1
2026-02-18,West,W1,Property,1
2026-02-18,West,W1,Quality,2
2026-02-18,West,W2,Property,1
2026-02-18,West,W3,Quality,1
2026-02-19,North,N1,Property,1
2026-02-19,North,N1,Quality,1
2026-02-19,North,N2,Property,1
2026-02-19,North,N2,Service,1
2026-02-19,North,N3,Property,1
2026-02-19,North,N3,Service,1
2026-02-19,North,N3,Safety,3
2026-02-19,North,N3,Other,1
2026-02-19,Central,C1,Property,1
2026-02-19,Central,C2,Property,1
2026-02-19,Central,C3,Property,2
2026-02-19,Central,C3,Service,1
2026-02-19,Central,C3,Quality,1
2026-02-19,East,E1,Safety,1
2026-02-19,East,E2,Property,1
2026-02-19,East,E3,Property,1
2026-02-19,East,E3,Service,1
2026-02-19,West,W2,Service,1
2026-02-19,West,W2,Safety,2
2026-02-19,West,W2,Other,1
2026-02-19,West,W3,Property,1
2026-02-19,West,W3,Safety,1
2026-02-20,North,N1,Service,2
2026-02-20,North,N2,Property,1
2026-02-20,North,N2,Service,1
2026-02-20,North,N3,Property,2
2026-02-20,North,N3,Service,1
2026-02-20,Central,C1,Safety,1
2026-02-20,Central,C1,Quality,1
2026-02-20,Central,C1,Other,1
2026-02-20,Central,C2,Service,1
2026-02-20,Central,C3,Safety,2
2026-02-20,East,E1,Quality,1
2026-02-20,East,E2,Other,1
2026-02-20,East,E3,Safety,1
2026-02-20,East,E3,Quality,1
2026-02-20,East,E3,Other,2
2026-02-20,West,W1,Property,2
2026-02-20,West,W1,Service,2
2026-02-20,West,W2,Service,2
2026-02-20,West,W2,Quality,1
2026-02-20,West,W3,Property,3
2026-02-20,West,W3,Safety,1
2026-02-20,West,W3,Other,1
2026-02-21,North,N1,Property,1
2026-02-21,North,N2,Property,1
2026-02-21,North,N2,Safety,2
2026-02-21,North,N3,Quality,1
2026-02-21,North,N3,Other,1
2026-02-21,Central,C1,Property,1
2026-02-21,Central,C1,Service,1
2026-02-21,Central,C1,Safety,1
2026-02-21,Central,C1,Other,1
2026-02-21,Central,C2,Property,1
2026-02-21,Central,C2,Service,1
2026-02-21,Central,C2,Safety,1
2026-02-21,Central,C2,Quality,2
2026-02-21,Central,C3,Safety,1
2026-02-21,East,E1,Property,1
2026-02-21,East,E1,Other,1
2026-02-21,East,E2,Property,1
2026-02-21,East,E2,Service,1
2026-02-21,East,E2,Safety,1
2026-02-21,East,E2,Quality,1
2026-02-21,East,E2,Other,1
2026-02-21,East,E3,Property,1
2026-02-21,East,E3,Other,1
2026-02-21,West,W1,Service,1
2026-02-21,West,W2,Property,1
2026-02-21,West,W2,Safety,1
2026-02-21,West,W2,Quality,2
2026-02-22,North,N1,Property,1
2026-02-22,North,N1,Quality,1
2026-02-22,North,N2,Property,4
2026-02-22,North,N2,Safety,2
2026-02-22,North,N2,Quality,3
2026-02-22,North,N3,Other,1
2026-02-22,Central,C1,Property,1
2026-02-22,Central,C1,Service,3
2026-02-22,Central,C1,Other,2
2026-02-22,Central,C2,Quality,1
2026-02-22,Central,C2,Other,1
2026-02-22,Central,C3,Property,1
2026-02-22,Central,C3,Service,3
2026-02-22,Central,C3,Quality,2
2026-02-22,East,E1,Service,1
2026-02-22,West,W1,Property,2
2026-02-22,West,W1,Service,1
2026-02-22,West,W1,Safety,1
2026-02-22,West,W3,Service,1
2026-02-23,North,N1,Property,1
2026-02-23,North,N1,Safety,2
2026-02-23,North,N2,Property,2
2026-02-23,North,N2,Service,2
2026-02-23,North,N2,Safety,3
2026-02-23,North,N2,Quality,1
2026-02-23,North,N3,Property,2
2026-02-23,North,N3,Service,1
2026-02-23,North,N3,Quality,1
2026-02-23,North,N3,Other,1
2026-02-23,Central,C1,Property,1
2026-02-23,Central,C1,Service,1
2026-02-23,Central,C1,Safety,1
2026-02-23,Central,C2,Property,2
2026-02-23,Central,C2,Safety,1
2026-02-23,Central,C2,Other,2
2026-02-23,Central,C3,Property,1
2026-02-23,Central,C3,Service,1
2026-02-23,East,E1,Service,1
2026-02-23,East,E3,Property,3
2026-02-23,East,E3,Safety,1
2026-02-23,East,E3,Quality,1
2026-02-23,West,W1,Service,1
2026-02-23,West,W1,Safety,1
2026-02-23,West,W2,Property,1
2026-02-23,West,W2,Quality,1
2026-02-23,West,W3,Property,2
2026-02-24,North,N1,Property,1
2026-02-24,North,N1,Service,2
2026-02-24,North,N1,Other,1
2026-02-24,North,N2,Property,2
2026-02-24,North,N2,Service,1
2026-02-24,North,N2,Quality,1
2026-02-24,North,N3,Property,1
2026-02-24,North,N3,Service,1
2026-02-24,North,N3,Safety,1
2026-02-24,Central,C1,Property,2
2026-02-24,Central,C1,Safety,1
2026-02-24,Central,C2,Property,1
2026-02-24,Central,C2,Service,1
2026-02-24,Central,C2,Safety,2
2026-02-24,Central,C2,Quality,1
2026-02-24,Central,C2,Other,1
2026-02-24,Central,C3,Property,1
2026-02-24,Central,C3,Service,1
2026-02-24,Central,C3,Quality,1
2026-02-24,Central,C3,Other,1
2026-02-24,East,E1,Safety,2
2026-02-24,East,E1,Quality,1
2026-02-24,West,W1,Service,1
2026-02-24,West,W1,Other,1
2026-02-24,West,W2,Service,1
2026-02-24,West,W3,Property,1
2026-02-24,West,W3,Quality,1
2026-02-25,North,N1,Property,1
2026-02-25,North,N2,Quality,1
2026-02-25,North,N3,Service,2
2026-02-25,North,N3,Safety,1
2026-02-25,Central,C1,Property,1
2026-02-25,Central,C1,Safety,3
2026-02-25,Central,C2,Property,1
2026-02-25,Central,C2,Safety,1
2026-02-25,Central,C3,Property,1
2026-02-25,Central,C3,Service,1
2026-02-25,Central,C3,Safety,1
2026-02-25,Central,C3,Quality,1
2026-02-25,East,E1,Safety,1
2026-02-25,East,E1,Quality,1
2026-02-25,East,E1,Other,1
2026-02-25,East,E2,Property,1
2026-02-25,East,E2,Service,1
2026-02-25,East,E2,Quality,1
2026-02-25,East,E2,Other,1
2026-02-25,East,E3,Service,1
2026-02-25,East,E3,Quality,1
2026-02-25,West,W1,Safety,1
2026-02-25,West,W2,Quality,1
2026-02-25,West,W2,Other,1
2026-02-25,West,W3,Property,3
2026-02-26,North,N1,Property,2
2026-02-26,North,N1,Safety,1
2026-02-26,North,N2,Property,1
2026-02-26,North,N2,Service,1
2026-02-26,North,N2,Safety,1
2026-02-26,North,N2,Quality,1
2026-02-26,Central,C1,Property,4
2026-02-26,Central,C1,Quality,1
2026-02-26,Central,C2,Property,1
2026-02-26,Central,C2,Service,2
2026-02-26,Central,C2,Safety,1
2026-02-26,Central,C2,Other,1
2026-02-26,Central,C3,Property,3
2026-02-26,East,E1,Service,1
2026-02-26,East,E3,Quality,1
2026-02-26,West,W1,Property,2
2026-02-26,West,W2,Property,2
2026-02-26,West,W2,Service,2
2026-02-26,West,W2,Safety,1
2026-02-26,West,W2,Other,1
2026-02-26,West,W3,Property,2
2026-02-26,West,W3,Other,1
2026-02-27,North,N1,Property,2
2026-02-27,North,N2,Property,1
2026-02-27,North,N2,Other,1
2026-02-27,North,N3,Service,1
2026-02-27,North,N3,Safety,1
2026-02-27,Central,C1,Property,1
2026-02-27,Central,C1,Service,1
2026-02-27,Central,C1,Safety,1
2026-02-27,Central,C1,Quality,1
2026-02-27,Central,C2,Property,2
2026-02-27,Central,C2,Quality,1
2026-02-27,Central,C3,Property,1
2026-02-27,Central,C3,Safety,1
2026-02-27,Central,C3,Quality,1
2026-02-27,East,E1,Service,2
2026-02-27,East,E1,Quality,1
2026-02-27,East,E2,Property,1
2026-02-27,East,E2,Safety,2
2026-02-27,East,E3,Property,3
2026-02-27,West,W1,Service,1
2026-02-27,West,W1,Safety,1
2026-02-27,West,W1,Quality,1
2026-02-27,West,W2,Property,1
2026-02-27,West,W2,Safety,1
2026-02-27,West,W2,Other,1
2026-02-27,West,W3,Property,1
2026-02-27,West,W3,Safety,2
2026-02-27,West,W3,Quality,1
2026-02-28,North,N2,Property,4
2026-02-28,North,N2,Service,1
2026-02-28,North,N2,Safety,1
2026-02-28,North,N2,Quality,1
2026-02-28,North,N3,Service,2
2026-02-28,North,N3,Quality,1
2026-02-28,Central,C1,Property,2
2026-02-28,Central,C1,Service,2
2026-02-28,Central,C1,Safety,1
2026-02-28,Central,C1,Quality,1
2026-02-28,Central,C2,Service,2
2026-02-28,Central,C2,Quality,1
2026-02-28,Central,C3,Property,2
2026-02-28,Central,C3,Service,1
2026-02-28,East,E1,Property,1
2026-02-28,East,E1,Service,2
2026-02-28,East,E1,Safety,1
2026-02-28,East,E1,Quality,1
2026-02-28,East,E3,Property,1
2026-02-28,West,W1,Property,1
2026-02-28,West,W2,Property,1
2026-02-28,West,W2,Safety,1
2026-02-28,West,W2,Quality,1
2026-02-28,West,W3,Property,1
2026-02-28,West,W3,Safety,1
2026-03-01,North,N1,Property,1
2026-03-01,North,N1,Safety,1
2026-03-01,North,N1,Quality,1
2026-03-01,North,N1,Other,1
2026-03-01,North,N2,Safety,1
2026-03-01,North,N2,Quality,1
2026-03-01,North,N2,Other,1
2026-03-01,North,N3,Service,1
2026-03-01,North,N3,Safety,2
2026-03-01,North,N3,Quality,1
2026-03-01,Central,C1,Property,1
2026-03-01,Central,C1,Safety,1
2026-03-01,Central,C1,Other,1
2026-03-01,Central,C2,Service,2
2026-03-01,Central,C2,Quality,1
2026-03-01,Central,C3,Service,1
2026-03-01,East,E1,Service,1
2026-03-01,East,E1,Other,1
2026-03-01,East,E3,Service,1
2026-03-01,West,W1,Property,1
2026-03-01,West,W1,Service,1
2026-03-01,West,W2,Safety,1
2026-03-01,West,W3,Service,2
2026-03-01,West,W3,Safety,1
2026-03-02,North,N1,Property,1
2026-03-02,North,N2,Service,3
2026-03-02,North,N3,Property,1
2026-03-02,North,N3,Service,1
2026-03-02,Central,C1,Service,2
2026-03-02,Central,C1,Other,2
2026-03-02,Central,C2,Property,1
2026-03-02,Central,C2,Service,1
2026-03-02,Central,C2,Safety,2
2026-03-02,East,E1,Property,1
2026-03-02,East,E1,Quality,1
2026-03-02,East,E2,Safety,1
2026-03-02,East,E3,Quality,1
2026-03-02,West,W1,Property,1
2026-03-02,West,W1,Safety,1
2026-03-02,West,W1,Quality,1
2026-03-02,West,W1,Other,1
2026-03-02,West,W2,Property,1
2026-03-02,West,W2,Quality,2
2026-03-02,West,W2,Other,1
2026-03-02,West,W3,Property,2
2026-03-02,West,W3,Safety,1
2026-03-02,West,W3,Other,1
2026-03-03,North,N1,Property,1
2026-03-03,North,N1,Service,2
2026-03-03,North,N1,Safety,1
2026-03-03,North,N1,Quality,1
2026-03-03,North,N2,Property,1
2026-03-03,North,N2,Service,1
2026-03-03,North,N2,Safety,2
2026-03-03,North,N2,Quality,3
2026-03-03,North,N3,Property,2
2026-03-03,North,N3,Quality,2
2026-03-03,Central,C1,Property,1
2026-03-03,Central,C1,Service,1
2026-03-03,Central,C2,Property,1
2026-03-03,Central,C2,Service,3
2026-03-03,Central,C3,Property,2
2026-03-03,Central,C3,Quality,1
2026-03-03,East,E1,Property,1
2026-03-03,East,E1,Service,1
2026-03-03,East,E1,Safety,1
2026-03-03,East,E1,Quality,1
2026-03-03,East,E2,Property,1
2026-03-03,East,E2,Service,2
2026-03-03,East,E2,Quality,2
2026-03-03,East,E3,Safety,2
2026-03-03,West,W1,Service,1
2026-03-03,West,W1,Quality,1
2026-03-03,West,W2,Property,1
2026-03-03,West,W2,Quality,2
2026-03-03,West,W3,Property,1
2026-03-03,West,W3,Other,1
2026-03-04,North,N1,Service,2
2026-03-04,North,N1,Safety,2
2026-03-04,North,N2,Service,2
2026-03-04,North,N2,Quality,1
2026-03-04,North,N3,Property,2
2026-03-04,North,N3,Safety,2
2026-03-04,Central,C1,Property,1
2026-03-04,Central,C1,Service,1
2026-03-04,Central,C1,Safety,2
2026-03-04,Central,C2,Property,1
2026-03-04,Central,C2,Service,2
2026-03-04,Central,C2,Quality,1
2026-03-04,Central,C3,Property,1
2026-03-04,Central,C3,Service,1
2026-03-04,Central,C3,Safety,2
2026-03-04,East,E1,Safety,1
2026-03-04,East,E1,Other,1
2026-03-04,East,E2,Service,1
2026-03-04,East,E2,Safety,1
2026-03-04,East,E2,Other,1
2026-03-04,East,E3,Quality,1
2026-03-04,West,W1,Property,1
2026-03-04,West,W1,Quality,1
2026-03-04,West,W2,Property,1
2026-03-04,West,W2,Service,2
2026-03-04,West,W2,Safety,1
2026-03-04,West,W3,Other,1
2026-03-05,North,N1,Property,1
2026-03-05,North,N1,Service,1
2026-03-05,North,N2,Service,2
2026-03-05,North,N3,Property,1
2026-03-05,North,N3,Safety,1
2026-03-05,Central,C1,Property,2
2026-03-05,Central,C1,Service,2
2026-03-05,Central,C1,Other,1
2026-03-05,Central,C2,Property,1
2026-03-05,Central,C2,Other,1
2026-03-05,Central,C3,Service,1
2026-03-05,Central,C3,Safety,1
2026-03-05,Central,C3,Quality,1
2026-03-05,East,E1,Property,1
2026-03-05,East,E2,Service,1
2026-03-05,East,E2,Safety,1
2026-03-05,East,E3,Property,2
2026-03-05,East,E3,Service,3
2026-03-05,East,E3,Quality,1
2026-03-05,West,W1,Service,1
2026-03-05,West,W1,Safety,1
2026-03-05,West,W2,Service,1
2026-03-05,West,W3,Service,1
2026-03-05,West,W3,Safety,1
2026-03-06,North,N1,Quality,1
2026-03-06,North,N2,Property,1
2026-03-06,North,N2,Quality,1
2026-03-06,North,N3,Property,1
2026-03-06,North,N3,Other,1
2026-03-06,Central,C1,Property,1
2026-03-06,Central,C2,Safety,1
2026-03-06,Central,C2,Quality,1
2026-03-06,Central,C3,Property,3
2026-03-06,Central,C3,Service,1
2026-03-06,East,E1,Service,2
2026-03-06,East,E1,Quality,1
2026-03-06,East,E2,Service,3
2026-03-06,East,E2,Quality,1
2026-03-06,East,E3,Property,1
2026-03-06,East,E3,Service,1
2026-03-06,East,E3,Other,1
2026-03-06,West,W1,Quality,1
2026-03-06,West,W2,Service,2
2026-03-06,West,W2,Other,1
2026-03-06,West,W3,Property,1
2026-03-07,North,N1,Property,1
2026-03-07,North,N1,Service,1
2026-03-07,North,N2,Property,1
2026-03-07,North,N2,Service,1
2026-03-07,North,N3,Safety,2
2026-03-07,North,N3,Other,1
2026-03-07,Central,C1,Property,1
2026-03-07,Central,C1,Safety,1
2026-03-07,Central,C2,Property,1
2026-03-07,Central,C2,Other,2
2026-03-07,Central,C3,Service,3
2026-03-07,Central,C3,Quality,1
2026-03-07,East,E1,Property,2
2026-03-07,East,E1,Service,1
2026-03-07,East,E2,Property,1
2026-03-07,East,E2,Other,1
2026-03-07,East,E3,Property,1
2026-03-07,East,E3,Quality,1
2026-03-07,West,W1,Service,1
2026-03-07,West,W1,Other,3
2026-03-07,West,W2,Safety,1
2026-03-08,North,N1,Safety,4
2026-03-08,North,N2,Service,1
2026-03-08,North,N2,Safety,2
2026-03-08,North,N2,Quality,2
2026-03-08,North,N3,Service,1
2026-03-08,North,N3,Quality,1
2026-03-08,North,N3,Other,1
2026-03-08,Central,C1,Property,1
2026-03-08,Central,C1,Service,2
2026-03-08,Central,C1,Quality,3
2026-03-08,Central,C2,Property,1
2026-03-08,Central,C2,Quality,2
2026-03-08,Central,C2,Other,1
2026-03-08,Central,C3,Service,2
2026-03-08,East,E1,Safety,1
2026-03-08,East,E1,Quality,1
2026-03-08,East,E2,Property,2
2026-03-08,East,E2,Service,2
2026-03-08,East,E2,Safety,1
2026-03-08,East,E3,Property,1
2026-03-08,West,W1,Property,2
2026-03-08,West,W1,Service,2
2026-03-08,West,W1,Quality,2
2026-03-08,West,W2,Service,1
2026-03-08,West,W3,Service,1
2026-03-08,West,W3,Quality,2
2026-03-09,North,N1,Property,3
2026-03-09,North,N1,Safety,2
2026-03-09,North,N1,Other,1
2026-03-09,North,N2,Property,2
2026-03-09,North,N2,Safety,1
2026-03-09,North,N3,Property,1
2026-03-09,North,N3,Service,1
2026-03-09,Central,C1,Property,3
2026-03-09,Central,C1,Quality,1
2026-03-09,Central,C1,Other,1
2026-03-09,Central,C2,Property,3
2026-03-09,Central,C2,Safety,1
2026-03-09,Central,C2,Quality,1
2026-03-09,Central,C3,Quality,1
2026-03-09,East,E2,Service,2
2026-03-09,East,E3,Service,1
2026-03-09,East,E3,Quality,1
2026-03-09,West,W1,Property,1
2026-03-09,West,W1,Service,1
2026-03-09,West,W1,Safety,2
2026-03-09,West,W1,Quality,1
2026-03-09,West,W1,Other,1
2026-03-09,West,W3,Service,2
2026-03-09,West,W3,Other,3
2026-03-10,North,N2,Service,1
2026-03-10,North,N2,Quality,1
2026-03-10,Central,C1,Safety,1
2026-03-10,Central,C2,Quality,1
2026-03-10,Central,C2,Other,2
2026-03-10,Central,C3,Safety,1
2026-03-10,Central,C3,Other,1
2026-03-10,East,E1,Property,2
2026-03-10,East,E1,Other,2
2026-03-10,East,E2,Service,1
2026-03-10,East,E2,Safety,1
2026-03-10,East,E3,Other,1
2026-03-10,West,W1,Property,1
2026-03-10,West,W1,Service,1
2026-03-10,West,W1,Safety,1
2026-03-10,West,W1,Other,1
2026-03-10,West,W2,Property,2
2026-03-10,West,W2,Safety,2
2026-03-10,West,W2,Quality,2
2026-03-10,West,W2,Other,1
2026-03-10,West,W3,Service,2
2026-03-11,North,N1,Other,1
2026-03-11,North,N2,Property,1
2026-03-11,North,N2,Service,1
2026-03-11,North,N2,Other,1
2026-03-11,North,N3,Property,6
2026-03-11,North,N3,Service,1
2026-03-11,North,N3,Other,1
2026-03-11,Central,C1,Property,1
2026-03-11,Central,C1,Service,1
2026-03-11,Central,C1,Safety,1
2026-03-11,Central,C1,Quality,2
2026-03-11,Central,C2,Property,1
2026-03-11,Central,C2,Service,2
2026-03-11,Central,C2,Safety,1
2026-03-11,Central,C2,Quality,1
2026-03-11,Central,C2,Other,1
2026-03-11,Central,C3,Property,1
2026-03-11,Central,C3,Service,3
2026-03-11,Central,C3,Quality,1
2026-03-11,East,E1,Service,1
2026-03-11,East,E2,Service,3
2026-03-11,East,E2,Safety,1
2026-03-11,East,E2,Quality,1
2026-03-11,East,E3,Safety,1
2026-03-11,West,W1,Service,3
2026-03-11,West,W1,Safety,1
2026-03-11,West,W2,Safety,1
2026-03-11,West,W3,Property,1
2026-03-11,West,W3,Service,1
2026-03-11,West,W3,Safety,1
2026-03-12,North,N1,Property,1
2026-03-12,North,N1,Service,1
2026-03-12,North,N1,Safety,1
2026-03-12,North,N2,Property,1
2026-03-12,North,N2,Service,2
2026-03-12,North,N2,Other,1
2026-03-12,North,N3,Service,2
2026-03-12,North,N3,Other,1
2026-03-12,Central,C1,Service,2
2026-03-12,Central,C1,Safety,1
2026-03-12,Central,C1,Quality,1
2026-03-12,Central,C2,Property,1
2026-03-12,Central,C2,Safety,1
2026-03-12,Central,C3,Property,2
2026-03-12,Central,C3,Quality,2
2026-03-12,East,E2,Service,1
2026-03-12,East,E2,Safety,1
2026-03-12,East,E2,Quality,1
2026-03-12,East,E3,Property,1
2026-03-12,West,W1,Property,2
2026-03-12,West,W1,Safety,2
2026-03-12,West,W3,Other,1
2026-03-13,North,N1,Property,1
2026-03-13,North,N1,Service,2
2026-03-13,North,N1,Other,1
2026-03-13,North,N2,Property,1
2026-03-13,North,N2,Safety,1
2026-03-13,North,N2,Other,1
2026-03-13,North,N3,Property,1
2026-03-13,North,N3,Service,2
2026-03-13,Central,C1,Property,1
2026-03-13,Central,C1,Service,2
2026-03-13,Central,C1,Quality,2
2026-03-13,Central,C2,Property,1
2026-03-13,Central,C2,Safety,1
2026-03-13,Central,C2,Quality,1
2026-03-13,Central,C2,Other,1
2026-03-13,Central,C3,Service,2
2026-03-13,Central,C3,Quality,1
2026-03-13,Central,C3,Other,1
2026-03-13,East,E1,Property,1
2026-03-13,East,E1,Safety,1
2026-03-13,East,E3,Property,1
2026-03-13,East,E3,Service,2
2026-03-13,East,E3,Safety,1
2026-03-13,East,E3,Other,2
2026-03-13,West,W1,Quality,1
2026-03-13,West,W2,Property,1
2026-03-13,West,W2,Service,1
2026-03-13,West,W3,Property,1
2026-03-13,West,W3,Service,1
2026-03-13,West,W3,Safety,1
2026-03-13,West,W3,Quality,1
2026-03-14,North,N1,Property,2
2026-03-14,North,N2,Property,1
2026-03-14,North,N2,Quality,1
2026-03-14,North,N3,Property,2
2026-03-14,Central,C1,Property,1
2026-03-14,Central,C1,Service,1
2026-03-14,Central,C1,Safety,1
2026-03-14,Central,C2,Quality,2
2026-03-14,Central,C3,Property,2
2026-03-14,Central,C3,Safety,1
2026-03-14,East,E1,Service,2
2026-03-14,East,E1,Safety,1
2026-03-14,East,E1,Quality,2
2026-03-14,East,E2,Service,1
2026-03-14,East,E2,Quality,1
2026-03-14,East,E3,Property,2
2026-03-14,East,E3,Safety,1
2026-03-14,East,E3,Other,1
2026-03-14,West,W1,Service,1
2026-03-14,West,W2,Service,1
2026-03-14,West,W2,Quality,1
2026-03-14,West,W3,Safety,1
2026-03-14,West,W3,Quality,1
2026-03-14,West,W3,Other,1
2026-03-15,North,N1,Quality,1
2026-03-15,North,N2,Property,2
2026-03-15,North,N2,Service,1
2026-03-15,North,N3,Property,1
2026-03-15,North,N3,Service,4
2026-03-15,North,N3,Safety,1
2026-03-15,Central,C1,Property,1
2026-03-15,Central,C1,Service,1
2026-03-15,Central,C1,Other,1
2026-03-15,Central,C2,Property,2
2026-03-15,Central,C2,Safety,2
2026-03-15,Central,C3,Property,1
2026-03-15,Central,C3,Quality,2
2026-03-15,East,E1,Safety,1
2026-03-15,East,E1,Quality,1
2026-03-15,East,E2,Property,1
2026-03-15,East,E3,Service,2
2026-03-15,East,E3,Quality,3
2026-03-15,East,E3,Other,1
2026-03-15,West,W1,Safety,2
2026-03-15,West,W2,Property,1
2026-03-15,West,W2,Other,2
2026-03-16,North,N1,Service,2
2026-03-16,North,N1,Safety,1
2026-03-16,North,N2,Safety,2
2026-03-16,North,N2,Quality,2
2026-03-16,North,N3,Service,2
2026-03-16,North,N3,Safety,2
2026-03-16,North,N3,Quality,2
2026-03-16,North,N3,Other,1
2026-03-16,Central,C1,Property,1
2026-03-16,Central,C1,Service,1
2026-03-16,Central,C2,Property,1
2026-03-16,Central,C2,Other,1
2026-03-16,Central,C3,Property,1
2026-03-16,Central,C3,Service,1
2026-03-16,Central,C3,Safety,1
2026-03-16,Central,C3,Quality,2
2026-03-16,Central,C3,Other,1
2026-03-16,East,E1,Property,1
2026-03-16,East,E1,Safety,1
2026-03-16,East,E1,Quality,2
2026-03-16,East,E1,Other,2
2026-03-16,East,E3,Other,1
2026-03-16,West,W2,Other,1
2026-03-16,West,W3,Service,1
2026-03-16,West,W3,Quality,1
2026-03-17,North,N1,Property,2
2026-03-17,North,N1,Safety,1
2026-03-17,North,N1,Other,1
2026-03-17,North,N2,Property,2
2026-03-17,North,N3,Property,1
2026-03-17,Central,C1,Property,2
2026-03-17,Central,C1,Service,1
2026-03-17,Central,C1,Safety,1
2026-03-17,Central,C1,Other,1
2026-03-17,Central,C2,Property,2
2026-03-17,East,E1,Service,1
2026-03-17,East,E1,Quality,1
2026-03-17,East,E2,Safety,1
2026-03-17,West,W1,Service,2
2026-03-17,West,W1,Safety,1
2026-03-17,West,W1,Quality,2
2026-03-17,West,W3,Property,1
2026-03-17,West,W3,Quality,2
2026-03-17,West,W3,Other,1
2026-03-18,North,N1,Property,2
2026-03-18,North,N1,Safety,2
2026-03-18,North,N2,Property,1
2026-03-18,North,N3,Property,1
2026-03-18,Central,C1,Service,1
2026-03-18,Central,C2,Safety,1
2026-03-18,Central,C2,Quality,2
2026-03-18,Central,C2,Other,1
2026-03-18,Central,C3,Property,1
2026-03-18,East,E1,Quality,1
2026-03-18,East,E1,Other,1
2026-03-18,East,E3,Property,1
2026-03-18,East,E3,Other,1
2026-03-18,West,W1,Service,4
2026-03-18,West,W2,Property,1
2026-03-18,West,W2,Safety,1
2026-03-18,West,W2,Other,1
2026-03-19,North,N1,Service,1
2026-03-19,North,N1,Safety,1
2026-03-19,North,N1,Quality,1
2026-03-19,North,N1,Other,1
2026-03-19,North,N2,Property,1
2026-03-19,North,N2,Service,1
2026-03-19,North,N2,Quality,1
2026-03-19,North,N2,Other,1
2026-03-19,North,N3,Property,1
2026-03-19,North,N3,Safety,1
2026-03-19,North,N3,Quality,1
2026-03-19,Central,C1,Property,1
2026-03-19,Central,C1,Safety,1
2026-03-19,Central,C1,Quality,3
2026-03-19,Central,C1,Other,1
2026-03-19,Central,C2,Service,2
2026-03-19,Central,C2,Safety,2
2026-03-19,Central,C2,Other,1
2026-03-19,Central,C3,Service,1
2026-03-19,Central,C3,Safety,1
2026-03-19,Central,C3,Quality,1
2026-03-19,East,E3,Property,2
2026-03-19,East,E3,Safety,1
2026-03-19,West,W2,Property,1
2026-03-19,West,W2,Service,1
2026-03-19,West,W2,Safety,1
2026-03-19,West,W2,Quality,1
2026-03-19,West,W3,Property,1
2026-03-19,West,W3,Service,1
2026-03-19,West,W3,Quality,1
2026-03-20,North,N1,Property,3
2026-03-20,North,N1,Quality,1
2026-03-20,North,N2,Property,1
2026-03-20,North,N2,Service,1
2026-03-20,North,N2,Quality,1
2026-03-20,North,N3,Service,1
2026-03-20,North,N3,Safety,2
2026-03-20,Central,C1,Property,2
2026-03-20,Central,C1,Service,2
2026-03-20,Central,C1,Quality,1
2026-03-20,Central,C2,Property,2
2026-03-20,Central,C2,Service,1
2026-03-20,Central,C3,Property,2
2026-03-20,Central,C3,Safety,1
2026-03-20,Central,C3,Quality,2
2026-03-20,Central,C3,Other,1
2026-03-20,East,E1,Property,1
2026-03-20,East,E1,Service,1
2026-03-20,East,E1,Other,1
2026-03-20,East,E2,Property,1
2026-03-20,East,E2,Service,2
2026-03-20,East,E3,Property,1
2026-03-20,East,E3,Safety,1
2026-03-20,East,E3,Quality,1
2026-03-20,West,W1,Property,1
2026-03-20,West,W1,Safety,1
2026-03-20,West,W1,Quality,2
2026-03-20,West,W1,Other,1
2026-03-20,West,W2,Property,2
2026-03-20,West,W2,Quality,2
2026-03-20,West,W3,Property,2
2026-03-20,West,W3,Safety,2
2026-03-20,West,W3,Quality,1
2026-03-21,North,N1,Property,1
2026-03-21,North,N2,Property,1
2026-03-21,North,N2,Service,1
2026-03-21,North,N2,Safety,1
2026-03-21,North,N2,Quality,1
2026-03-21,North,N3,Safety,1
2026-03-21,Central,C1,Property,1
2026-03-21,Central,C1,Service,1
2026-03-21,Central,C1,Safety,3
2026-03-21,Central,C1,Quality,2
2026-03-21,Central,C2,Property,1
2026-03-21,Central,C2,Safety,2
2026-03-21,Central,C3,Safety,5
2026-03-21,East,E1,Property,2
2026-03-21,East,E1,Other,1
2026-03-21,East,E2,Service,1
2026-03-21,East,E2,Quality,1
2026-03-21,East,E3,Quality,1
2026-03-21,East,E3,Other,1
2026-03-21,West,W1,Property,2
2026-03-21,West,W1,Service,1
2026-03-21,West,W1,Quality,1
2026-03-21,West,W1,Other,1
2026-03-21,West,W3,Property,1
2026-03-21,West,W3,Safety,2
2026-03-21,West,W3,Other,1
2026-03-22,North,N1,Service,1
2026-03-22,North,N2,Service,3
2026-03-22,North,N2,Safety,2
2026-03-22,North,N3,Safety,1
2026-03-22,Central,C1,Safety,1
2026-03-22,Central,C1,Quality,1
2026-03-22,Central,C2,Property,1
2026-03-22,Central,C2,Safety,1
2026-03-22,Central,C2,Quality,2
2026-03-22,Central,C3,Property,1
2026-03-22,Central,C3,Service,1
2026-03-22,Central,C3,Safety,2
2026-03-22,Central,C3,Other,1
2026-03-22,East,E2,Service,1
2026-03-22,East,E2,Safety,1
2026-03-22,East,E2,Other,1
2026-03-22,East,E3,Other,2
2026-03-22,West,W3,Property,2
2026-03-23,North,N1,Property,1
2026-03-23,North,N1,Safety,1
2026-03-23,North,N1,Other,1
2026-03-23,North,N2,Property,3
2026-03-23,North,N2,Service,1
2026-03-23,North,N2,Safety,1
2026-03-23,North,N2,Quality,1
2026-03-23,North,N2,Other,1
2026-03-23,North,N3,Service,1
2026-03-23,North,N3,Quality,1
2026-03-23,Central,C1,Service,1
2026-03-23,Central,C1,Quality,2
2026-03-23,Central,C2,Property,4
2026-03-23,Central,C2,Service,2
2026-03-23,Central,C2,Quality,1
2026-03-23,East,E1,Property,1
2026-03-23,East,E1,Quality,1
2026-03-23,East,E2,Safety,1
2026-03-23,East,E3,Property,2
2026-03-23,East,E3,Service,2
2026-03-23,East,E3,Quality,1
2026-03-23,West,W1,Property,1
2026-03-23,West,W2,Safety,1
2026-03-23,West,W2,Quality,2
2026-03-23,West,W3,Property,1
2026-03-23,West,W3,Quality,1
2026-03-24,North,N1,Service,1
2026-03-24,North,N1,Safety,2
2026-03-24,North,N2,Property,2
2026-03-24,North,N2,Safety,1
2026-03-24,North,N2,Quality,3
2026-03-24,North,N3,Other,1
2026-03-24,Central,C1,Service,1
2026-03-24,Central,C2,Property,1
2026-03-24,Central,C2,Service,2
2026-03-24,Central,C3,Service,1
2026-03-24,East,E1,Property,1
2026-03-24,East,E1,Safety,1
2026-03-24,East,E2,Property,2
2026-03-24,East,E2,Other,1
2026-03-24,West,W1,Property,1
2026-03-24,West,W2,Service,1
2026-03-24,West,W3,Property,1
2026-03-24,West,W3,Safety,1
2026-03-25,North,N2,Property,1
2026-03-25,North,N2,Service,1
2026-03-25,North,N3,Property,1
2026-03-25,Central,C1,Quality,2
2026-03-25,Central,C2,Safety,1
2026-03-25,Central,C2,Quality,2
2026-03-25,Central,C3,Service,2
2026-03-25,East,E1,Safety,1
2026-03-25,East,E2,Property,1
2026-03-25,East,E2,Service,1
2026-03-25,East,E2,Safety,1
2026-03-25,East,E3,Quality,1
2026-03-25,West,W1,Property,1
2026-03-25,West,W1,Service,1
2026-03-25,West,W1,Other,1
2026-03-25,West,W2,Property,1
2026-03-25,West,W3,Property,2
2026-03-25,West,W3,Service,1
2026-03-26,North,N1,Property,1
2026-03-26,North,N1,Quality,1
2026-03-26,North,N2,Service,1
2026-03-26,North,N3,Property,2
2026-03-26,North,N3,Service,1
2026-03-26,Central,C1,Property,1
2026-03-26,Central,C2,Safety,1
2026-03-26,Central,C2,Quality,1
2026-03-26,Central,C3,Service,1
2026-03-26,Central,C3,Other,1
2026-03-26,East,E1,Service,1
2026-03-26,East,E1,Safety,1
2026-03-26,East,E3,Other,1
2026-03-26,West,W1,Property,1
2026-03-26,West,W2,Service,2
2026-03-26,West,W2,Safety,1
2026-03-26,West,W2,Quality,1
2026-03-26,West,W3,Service,1
2026-03-26,West,W3,Quality,1
2026-03-26,West,W3,Other,1
2026-03-27,North,N1,Property,1
2026-03-27,North,N1,Service,2
2026-03-27,North,N1,Safety,2
2026-03-27,North,N1,Quality,2
2026-03-27,North,N1,Other,1
2026-03-27,North,N2,Quality,1
2026-03-27,North,N2,Other,1
2026-03-27,North,N3,Safety,1
2026-03-27,North,N3,Quality,1
2026-03-27,North,N3,Other,1
2026-03-27,Central,C1,Property,3
2026-03-27,Central,C1,Safety,2
2026-03-27,Central,C1,Other,1
2026-03-27,Central,C2,Property,2
2026-03-27,Central,C2,Service,1
2026-03-27,Central,C2,Safety,1
2026-03-27,Central,C2,Quality,2
2026-03-27,Central,C3,Property,1
2026-03-27,Central,C3,Service,1
2026-03-27,Central,C3,Other,1
2026-03-27,East,E1,Property,1
2026-03-27,East,E2,Property,1
2026-03-27,East,E2,Service,1
2026-03-27,East,E3,Service,1
2026-03-27,East,E3,Quality,1
2026-03-27,East,E3,Other,1
2026-03-27,West,W1,Service,1
2026-03-27,West,W1,Quality,1
2026-03-27,West,W1,Other,1
2026-03-27,West,W2,Service,1
2026-03-27,West,W3,Property,1
2026-03-27,West,W3,Service,1
2026-03-27,West,W3,Quality,1
2026-03-28,North,N1,Property,1
2026-03-28,North,N1,Service,2
2026-03-28,North,N1,Safety,2
2026-03-28,North,N1,Quality,1
2026-03-28,North,N1,Other,1
2026-03-28,North,N2,Service,1
2026-03-28,North,N3,Property,3
2026-03-28,North,N3,Service,1
2026-03-28,North,N3,Safety,1
2026-03-28,Central,C1,Property,1
2026-03-28,Central,C1,Other,1
2026-03-28,Central,C2,Safety,1
2026-03-28,Central,C2,Quality,2
2026-03-28,Central,C2,Other,2
2026-03-28,Central,C3,Service,1
2026-03-28,East,E1,Property,1
2026-03-28,East,E1,Service,1
2026-03-28,East,E2,Service,1
2026-03-28,East,E3,Other,1
2026-03-28,West,W2,Property,1
2026-03-28,West,W2,Service,1
2026-03-28,West,W3,Property,2
2026-03-28,West,W3,Other,1
2026-03-29,North,N1,Service,1
2026-03-29,North,N2,Property,3
2026-03-29,North,N2,Service,1
2026-03-29,North,N3,Property,3
2026-03-29,North,N3,Safety,1
2026-03-29,Central,C1,Property,1
2026-03-29,Central,C1,Service,1
2026-03-29,Central,C1,Quality,1
2026-03-29,Central,C2,Property,1
2026-03-29,Central,C3,Property,2
2026-03-29,Central,C3,Service,1
2026-03-29,Central,C3,Safety,1
2026-03-29,Central,C3,Quality,1
2026-03-29,East,E1,Service,1
2026-03-29,East,E2,Safety,1
2026-03-29,East,E3,Quality,1
2026-03-29,West,W1,Property,2
2026-03-29,West,W2,Property,1
2026-03-29,West,W3,Property,1
2026-03-29,West,W3,Service,1
2026-03-29,West,W3,Other,1
2026-03-30,North,N1,Safety,1
2026-03-30,North,N2,Service,1
2026-03-30,North,N2,Safety,1
2026-03-30,North,N2,Quality,1
2026-03-30,North,N2,Other,1
2026-03-30,North,N3,Property,1
2026-03-30,North,N3,Service,1
2026-03-30,North,N3,Safety,1
2026-03-30,North,N3,Quality,1
2026-03-30,Central,C1,Service,2
2026-03-30,Central,C1,Quality,1
2026-03-30,Central,C2,Property,2
2026-03-30,Central,C2,Service,1
2026-03-30,Central,C2,Safety,1
2026-03-30,Central,C2,Quality,1
2026-03-30,Central,C2,Other,1
2026-03-30,Central,C3,Property,1
2026-03-30,Central,C3,Service,1
2026-03-30,East,E1,Property,1
2026-03-30,East,E1,Service,1
2026-03-30,East,E2,Safety,2
2026-03-30,East,E3,Property,3
2026-03-30,East,E3,Service,1
2026-03-30,East,E3,Quality,1
2026-03-30,East,E3,Other,1
2026-03-30,West,W1,Property,1
2026-03-30,West,W1,Safety,1
2026-03-30,West,W2,Property,3
2026-03-30,West,W2,Service,1
2026-03-30,West,W2,Other,1
2026-03-30,West,W3,Property,2
2026-03-31,North,N1,Property,1
2026-03-31,North,N1,Service,1
2026-03-31,North,N1,Safety,2
2026-03-31,North,N1,Other,2
2026-03-31,North,N2,Service,1
2026-03-31,North,N2,Quality,1
2026-03-31,North,N3,Property,1
2026-03-31,North,N3,Service,1
2026-03-31,North,N3,Other,1
2026-03-31,Central,C1,Property,3
2026-03-31,Central,C1,Service,1
2026-03-31,Central,C1,Safety,1
2026-03-31,Central,C1,Quality,1
2026-03-31,Central,C2,Property,3
2026-03-31,Central,C2,Service,1
2026-03-31,Central,C3,Property,1
2026-03-31,Central,C3,Other,1
2026-03-31,East,E1,Service,1
2026-03-31,East,E1,Other,1
2026-03-31,East,E2,Property,2
2026-03-31,East,E2,Service,1
2026-03-31,East,E2,Safety,1
2026-03-31,East,E3,Property,1
2026-03-31,East,E3,Service,1
2026-03-31,West,W1,Property,1
2026-03-31,West,W1,Service,1
2026-03-31,West,W2,Property,1
2026-03-31,West,W2,Service,1
2026-03-31,West,W2,Safety,1
2026-03-31,West,W3,Property,1
2026-03-31,West,W3,Service,1
2026-03-31,West,W3,Safety,1
2026-04-01,North,N1,Property,1
2026-04-01,North,N1,Service,2
2026-04-01,North,N2,Service,1
2026-04-01,North,N3,Property,2
2026-04-01,North,N3,Other,1
2026-04-01,Central,C1,Property,1
2026-04-01,Central,C1,Service,1
2026-04-01,Central,C1,Other,1
2026-04-01,Central,C2,Property,3
2026-04-01,Central,C2,Service,1
2026-04-01,Central,C2,Safety,1
2026-04-01,Central,C3,Safety,1
2026-04-01,Central,C3,Quality,1
2026-04-01,Central,C3,Other,1
2026-04-01,East,E1,Property,1
2026-04-01,East,E2,Property,2
2026-04-01,East,E2,Other,1
2026-04-01,East,E3,Service,1
2026-04-01,West,W1,Other,1
2026-04-01,West,W2,Property,2
2026-04-01,West,W2,Safety,1
2026-04-01,West,W2,Other,1
2026-04-01,West,W3,Service,1
2026-04-01,West,W3,Quality,3
2026-04-01,West,W3,Other,1
2026-04-02,North,N1,Property,1
2026-04-02,North,N1,Service,1
2026-04-02,North,N1,Safety,1
2026-04-02,North,N2,Safety,1
2026-04-02,Central,C1,Property,1
2026-04-02,Central,C1,Safety,1
2026-04-02,Central,C2,Service,1
2026-04-02,Central,C2,Safety,1
2026-04-02,Central,C2,Quality,2
2026-04-02,Central,C3,Safety,1
2026-04-02,Central,C3,Quality,2
2026-04-02,East,E1,Property,1
2026-04-02,East,E1,Service,1
2026-04-02,East,E2,Service,1
2026-04-02,East,E2,Safety,2
2026-04-02,East,E2,Quality,2
2026-04-02,East,E3,Safety,1
2026-04-02,East,E3,Quality,1
2026-04-02,East,E3,Other,1
2026-04-02,West,W1,Service,1
2026-04-02,West,W1,Safety,1
2026-04-02,West,W1,Quality,1
2026-04-02,West,W1,Other,1
2026-04-02,West,W2,Property,1
2026-04-03,North,N1,Property,2
2026-04-03,North,N1,Service,1
2026-04-03,North,N1,Safety,1
2026-04-03,North,N1,Quality,1
2026-04-03,North,N2,Property,1
2026-04-03,North,N2,Quality,1
2026-04-03,North,N3,Property,1
2026-04-03,North,N3,Service,2
2026-04-03,North,N3,Quality,1
2026-04-03,Central,C1,Property,1
2026-04-03,Central,C1,Other,1
2026-04-03,Central,C2,Property,1
2026-04-03,Central,C2,Safety,1
2026-04-03,Central,C3,Safety,2
2026-04-03,Central,C3,Quality,2
2026-04-03,Central,C3,Other,2
2026-04-03,East,E1,Service,1
2026-04-03,East,E1,Safety,1
2026-04-03,East,E1,Other,1
2026-04-03,East,E2,Property,1
2026-04-03,East,E2,Service,1
2026-04-03,East,E2,Safety,1
2026-04-03,East,E2,Quality,1
2026-04-03,East,E2,Other,1
2026-04-03,East,E3,Safety,1
2026-04-03,West,W1,Property,2
2026-04-03,West,W2,Property,1
2026-04-03,West,W3,Property,2
2026-04-03,West,W3,Service,3
2026-04-03,West,W3,Quality,2
2026-04-03,West,W3,Other,1
2026-04-04,North,N1,Property,1
2026-04-04,North,N1,Service,1
2026-04-04,North,N1,Quality,1
2026-04-04,North,N2,Property,1
2026-04-04,North,N2,Safety,2
2026-04-04,Central,C1,Service,2
2026-04-04,Central,C1,Safety,1
2026-04-04,Central,C2,Property,1
2026-04-04,Central,C2,Service,1
2026-04-04,Central,C3,Property,2
2026-04-04,Central,C3,Service,1
2026-04-04,Central,C3,Safety,1
2026-04-04,Central,C3,Other,2
2026-04-04,East,E1,Service,1
2026-04-04,East,E1,Safety,1
2026-04-04,East,E2,Service,1
2026-04-04,East,E3,Property,1
2026-04-04,East,E3,Safety,1
2026-04-04,East,E3,Quality,1
2026-04-04,West,W1,Service,1
2026-04-04,West,W2,Property,1
2026-04-04,West,W2,Safety,1
2026-04-04,West,W3,Property,1
2026-04-05,North,N1,Property,1
2026-04-05,North,N2,Property,2
2026-04-05,North,N2,Safety,1
2026-04-05,North,N2,Other,1
2026-04-05,North,N3,Property,1
2026-04-05,North,N3,Service,1
2026-04-05,Central,C1,Property,1
2026-04-05,Central,C1,Safety,1
2026-04-05,Central,C1,Quality,1
2026-04-05,Central,C2,Property,1
2026-04-05,Central,C2,Service,1
2026-04-05,Central,C2,Safety,1
2026-04-05,Central,C3,Safety,1
2026-04-05,Central,C3,Other,1
2026-04-05,East,E1,Property,1
2026-04-05,East,E1,Quality,1
2026-04-05,East,E2,Service,1
2026-04-05,East,E2,Safety,1
2026-04-05,East,E2,Quality,2
2026-04-05,East,E2,Other,2
2026-04-05,East,E3,Property,1
2026-04-05,East,E3,Service,1
2026-04-05,East,E3,Safety,1
2026-04-05,East,E3,Quality,1
2026-04-05,West,W1,Service,2
2026-04-05,West,W1,Safety,1
2026-04-05,West,W2,Safety,1
2026-04-05,West,W3,Service,1
2026-04-05,West,W3,Safety,1
2026-04-06,North,N1,Property,1
2026-04-06,North,N1,Safety,1
2026-04-06,North,N1,Quality,1
2026-04-06,North,N3,Safety,2
2026-04-06,Central,C1,Property,2
2026-04-06,Central,C2,Property,1
2026-04-06,Central,C2,Safety,2
2026-04-06,Central,C2,Quality,1
2026-04-06,Central,C3,Quality,1
2026-04-06,East,E1,Quality,1
2026-04-06,East,E2,Property,1
2026-04-06,East,E3,Property,1
2026-04-06,West,W1,Property,2
2026-04-06,West,W1,Quality,1
2026-04-06,West,W2,Property,1
2026-04-06,West,W3,Property,1
2026-04-06,West,W3,Service,1
2026-04-06,West,W3,Safety,1
2026-04-06,West,W3,Other,1
2026-04-07,North,N1,Property,2
2026-04-07,North,N1,Safety,2
2026-04-07,North,N1,Quality,2
2026-04-07,North,N2,Property,1
2026-04-07,North,N2,Safety,2
2026-04-07,North,N3,Property,1
2026-04-07,North,N3,Service,1
2026-04-07,North,N3,Safety,1
2026-04-07,Central,C1,Property,1
2026-04-07,Central,C1,Safety,2
2026-04-07,Central,C1,Quality,2
2026-04-07,Central,C1,Other,1
2026-04-07,Central,C2,Property,1
2026-04-07,Central,C2,Service,2
2026-04-07,Central,C2,Safety,1
2026-04-07,Central,C2,Other,2
2026-04-07,Central,C3,Property,1
2026-04-07,Central,C3,Safety,2
2026-04-07,East,E1,Service,1
2026-04-07,East,E2,Property,2
2026-04-07,East,E2,Quality,1
2026-04-07,East,E3,Property,1
2026-04-07,East,E3,Service,1
2026-04-07,West,W1,Property,1
2026-04-07,West,W1,Service,1
2026-04-07,West,W2,Other,1
2026-04-07,West,W3,Property,1
2026-04-07,West,W3,Service,1
2026-04-08,North,N1,Service,1
2026-04-08,North,N1,Safety,3
2026-04-08,North,N1,Other,1
2026-04-08,North,N2,Property,2
2026-04-08,North,N2,Safety,1
2026-04-08,North,N3,Property,1
2026-04-08,North,N3,Service,4
2026-04-08,North,N3,Safety,1
2026-04-08,Central,C1,Quality,1
2026-04-08,Central,C1,Other,2
2026-04-08,Central,C2,Property,2
2026-04-08,Central,C3,Property,2
2026-04-08,Central,C3,Service,1
2026-04-08,Central,C3,Safety,1
2026-04-08,Central,C3,Quality,1
2026-04-08,East,E1,Property,1
2026-04-08,East,E1,Service,1
2026-04-08,East,E2,Property,2
2026-04-08,East,E3,Safety,1
2026-04-08,East,E3,Quality,2
2026-04-08,East,E3,Other,1
2026-04-08,West,W1,Property,1
2026-04-08,West,W1,Safety,2
2026-04-08,West,W1,Quality,1
2026-04-08,West,W2,Property,1
2026-04-08,West,W2,Service,2
2026-04-08,West,W2,Safety,1
2026-04-08,West,W2,Quality,1
2026-04-08,West,W3,Property,2
2026-04-09,North,N1,Property,1
2026-04-09,North,N1,Service,2
2026-04-09,North,N1,Safety,2
2026-04-09,North,N1,Other,2
2026-04-09,North,N2,Property,2
2026-04-09,North,N2,Safety,1
2026-04-09,North,N2,Quality,1
2026-04-09,North,N3,Service,1
2026-04-09,Central,C1,Property,1
2026-04-09,Central,C2,Property,2
2026-04-09,Central,C2,Quality,1
2026-04-09,Central,C2,Other,1
2026-04-09,Central,C3,Safety,2
2026-04-09,Central,C3,Quality,1
2026-04-09,East,E1,Property,1
2026-04-09,East,E1,Service,1
2026-04-09,East,E2,Property,1
2026-04-09,East,E2,Service,1
2026-04-09,East,E2,Safety,2
2026-04-09,East,E3,Quality,2
2026-04-09,West,W1,Safety,1
2026-04-09,West,W1,Quality,1
2026-04-09,West,W2,Property,1
2026-04-09,West,W2,Service,1
2026-04-09,West,W3,Property,2
2026-04-09,West,W3,Service,2
2026-04-09,West,W3,Quality,2
2026-04-10,North,N1,Safety,3
2026-04-10,North,N1,Quality,2
2026-04-10,North,N2,Property,2
2026-04-10,North,N2,Service,1
2026-04-10,North,N2,Safety,1
2026-04-10,North,N3,Property,2
2026-04-10,North,N3,Quality,1
2026-04-10,Central,C1,Other,1
2026-04-10,Central,C2,Service,1
2026-04-10,Central,C2,Safety,2
2026-04-10,Central,C2,Quality,1
2026-04-10,Central,C2,Other,1
2026-04-10,Central,C3,Property,1
2026-04-10,Central,C3,Quality,1
2026-04-10,East,E2,Property,2
2026-04-10,East,E2,Service,1
2026-04-10,East,E2,Safety,1
2026-04-10,East,E2,Other,1
2026-04-10,East,E3,Property,1
2026-04-10,East,E3,Other,1
2026-04-10,West,W2,Property,1
2026-04-10,West,W2,Service,1
2026-04-11,North,N1,Property,2
2026-04-11,North,N2,Property,1
2026-04-11,North,N2,Quality,1
2026-04-11,North,N3,Property,1
2026-04-11,North,N3,Service,2
2026-04-11,Central,C1,Property,1
2026-04-11,Central,C1,Service,1
2026-04-11,Central,C1,Quality,1
2026-04-11,Central,C2,Property,2
2026-04-11,Central,C2,Safety,1
2026-04-11,Central,C2,Quality,1
2026-04-11,Central,C2,Other,1
2026-04-11,Central,C3,Property,1
2026-04-11,Central,C3,Service,1
2026-04-11,Central,C3,Safety,1
2026-04-11,Central,C3,Quality,1
2026-04-11,East,E2,Quality,3
2026-04-11,East,E3,Service,2
2026-04-11,West,W1,Property,1
2026-04-11,West,W2,Property,1
2026-04-11,West,W2,Service,1
2026-04-11,West,W3,Property,1
2026-04-11,West,W3,Safety,1
2026-04-12,North,N1,Property,2
2026-04-12,North,N1,Safety,1
2026-04-12,North,N1,Quality,1
2026-04-12,North,N2,Property,4
2026-04-12,North,N2,Service,1
2026-04-12,North,N2,Safety,2
2026-04-12,North,N3,Property,2
2026-04-12,North,N3,Safety,2
2026-04-12,North,N3,Quality,1
2026-04-12,Central,C1,Property,1
2026-04-12,Central,C1,Quality,1
2026-04-12,Central,C1,Other,1
2026-04-12,Central,C2,Property,1
2026-04-12,Central,C2,Quality,1
2026-04-12,Central,C3,Property,3
2026-04-12,Central,C3,Service,1
2026-04-12,East,E1,Property,1
2026-04-12,East,E1,Service,1
2026-04-12,East,E1,Safety,1
2026-04-12,East,E2,Property,2
2026-04-12,East,E2,Service,1
2026-04-12,East,E3,Quality,1
2026-04-12,West,W1,Service,1
2026-04-12,West,W1,Safety,1
2026-04-12,West,W2,Property,1
2026-04-12,West,W3,Service,2
2026-04-12,West,W3,Other,1
2026-04-13,North,N1,Service,1
2026-04-13,North,N1,Quality,1
2026-04-13,North,N2,Property,1
2026-04-13,North,N2,Safety,1
2026-04-13,North,N2,Quality,1
2026-04-13,North,N3,Property,2
2026-04-13,North,N3,Service,1
2026-04-13,North,N3,Safety,2
2026-04-13,North,N3,Other,1
2026-04-13,Central,C1,Safety,2
2026-04-13,Central,C2,Property,1
2026-04-13,Central,C2,Service,1
2026-04-13,Central,C3,Service,1
2026-04-13,East,E1,Property,2
2026-04-13,East,E2,Service,3
2026-04-13,East,E2,Safety,1
2026-04-13,East,E2,Quality,1
2026-04-13,East,E3,Service,1
2026-04-13,West,W1,Service,1
2026-04-13,West,W2,Property,1
2026-04-13,West,W2,Service,2
2026-04-13,West,W2,Quality,2
2026-04-13,West,W3,Quality,2
2026-04-14,North,N1,Property,2
2026-04-14,North,N1,Service,2
2026-04-14,North,N1,Quality,1
2026-04-14,North,N1,Other,1
2026-04-14,North,N2,Safety,1
2026-04-14,North,N3,Service,1
2026-04-14,North,N3,Safety,2
2026-04-14,North,N3,Quality,2
2026-04-14,North,N3,Other,1
2026-04-14,Central,C1,Property,1
2026-04-14,Central,C1,Service,1
2026-04-14,Central,C1,Quality,2
2026-04-14,Central,C2,Property,2
2026-04-14,Central,C2,Safety,1
2026-04-14,Central,C2,Quality,1
2026-04-14,Central,C3,Service,1
2026-04-14,Central,C3,Safety,1
2026-04-14,Central,C3,Quality,1
2026-04-14,East,E1,Property,1
2026-04-14,East,E1,Quality,1
2026-04-14,East,E1,Other,1
2026-04-14,East,E2,Safety,1
2026-04-14,East,E3,Service,1
2026-04-14,East,E3,Safety,1
2026-04-14,West,W1,Property,1
2026-04-14,West,W1,Service,1
2026-04-14,West,W3,Property,1
2026-04-14,West,W3,Service,2
2026-04-14,West,W3,Other,1
2026-04-15,North,N1,Property,3
2026-04-15,North,N1,Other,1
2026-04-15,North,N2,Service,1
2026-04-15,North,N2,Safety,1
2026-04-15,North,N3,Property,1
2026-04-15,North,N3,Safety,1
2026-04-15,Central,C1,Property,2
2026-04-15,Central,C1,Service,1
2026-04-15,Central,C1,Other,1
2026-04-15,Central,C2,Property,1
2026-04-15,Central,C2,Service,1
2026-04-15,Central,C2,Quality,4
2026-04-15,Central,C3,Property,2
2026-04-15,Central,C3,Safety,1
2026-04-15,Central,C3,Quality,1
2026-04-15,East,E1,Property,2
2026-04-15,East,E2,Property,1
2026-04-15,East,E3,Service,2
2026-04-15,East,E3,Safety,1
2026-04-15,East,E3,Other,1
2026-04-15,West,W1,Property,3
2026-04-15,West,W1,Quality,1
2026-04-15,West,W2,Property,2
2026-04-15,West,W2,Safety,1
2026-04-15,West,W2,Quality,1
2026-04-15,West,W3,Service,2
2026-04-16,North,N1,Property,1
2026-04-16,North,N1,Service,1
2026-04-16,North,N1,Safety,1
2026-04-16,North,N1,Other,1
2026-04-16,North,N2,Property,2
2026-04-16,North,N2,Safety,1
2026-04-16,North,N2,Quality,1
2026-04-16,North,N3,Service,2
2026-04-16,North,N3,Safety,1
2026-04-16,Central,C1,Property,1
2026-04-16,Central,C1,Service,1
2026-04-16,Central,C1,Other,2
2026-04-16,Central,C2,Service,1
2026-04-16,Central,C2,Safety,1
2026-04-16,Central,C2,Quality,1
2026-04-16,Central,C3,Property,1
2026-04-16,Central,C3,Service,2
2026-04-16,Central,C3,Quality,1
2026-04-16,East,E1,Service,1
2026-04-16,East,E2,Property,1
2026-04-16,East,E2,Quality,1
2026-04-16,East,E3,Service,1
2026-04-16,West,W1,Service,1
2026-04-16,West,W1,Quality,1
2026-04-16,West,W2,Service,2
2026-04-16,West,W2,Safety,1
2026-04-16,West,W3,Service,1
2026-04-16,West,W3,Other,1
2026-04-17,North,N1,Property,1
2026-04-17,North,N1,Service,2
2026-04-17,North,N1,Safety,1
2026-04-17,North,N1,Quality,2
2026-04-17,North,N2,Service,1
2026-04-17,North,N2,Safety,2
2026-04-17,Central,C1,Property,1
2026-04-17,Central,C1,Service,1
2026-04-17,Central,C1,Safety,1
2026-04-17,Central,C1,Other,1
2026-04-17,Central,C2,Property,1
2026-04-17,Central,C2,Service,2
2026-04-17,Central,C2,Other,1
2026-04-17,Central,C3,Service,1
2026-04-17,Central,C3,Other,2
2026-04-17,East,E1,Property,2
2026-04-17,East,E1,Safety,1
2026-04-17,East,E2,Property,1
2026-04-17,East,E2,Service,1
2026-04-17,East,E2,Safety,1
2026-04-17,East,E2,Other,1
2026-04-17,West,W1,Service,1
2026-04-17,West,W2,Property,1
2026-04-17,West,W2,Service,1
2026-04-17,West,W2,Safety,2
2026-04-17,West,W2,Quality,1
2026-04-17,West,W2,Other,1
2026-04-17,West,W3,Service,1
2026-04-17,West,W3,Safety,2
2026-04-17,West,W3,Other,2
2026-04-18,North,N1,Quality,1
2026-04-18,North,N2,Safety,1
2026-04-18,North,N2,Quality,1
2026-04-18,North,N3,Service,2
2026-04-18,North,N3,Quality,1
2026-04-18,Central,C1,Quality,1
2026-04-18,Central,C2,Property,1
2026-04-18,Central,C2,Other,1
2026-04-18,Central,C3,Service,1
2026-04-18,East,E1,Service,1
2026-04-18,East,E1,Quality,1
2026-04-18,East,E3,Service,1
2026-04-18,West,W1,Quality,2
2026-04-18,West,W1,Other,1
2026-04-18,West,W2,Property,1
2026-04-18,West,W2,Service,1
2026-04-18,West,W2,Safety,1
2026-04-19,North,N1,Other,1
2026-04-19,North,N2,Property,1
2026-04-19,North,N2,Other,1
2026-04-19,North,N3,Service,1
2026-04-19,North,N3,Safety,1
2026-04-19,North,N3,Quality,1
2026-04-19,Central,C1,Property,4
2026-04-19,Central,C1,Safety,2
2026-04-19,Central,C1,Other,1
2026-04-19,Central,C2,Property,3
2026-04-19,Central,C2,Service,2
2026-04-19,Central,C2,Quality,1
2026-04-19,East,E1,Property,2
2026-04-19,East,E1,Other,1
2026-04-19,East,E2,Safety,4
2026-04-19,East,E2,Quality,1
2026-04-19,East,E3,Property,1
2026-04-19,West,W1,Property,1
2026-04-19,West,W1,Other,1
2026-04-19,West,W2,Property,3
2026-04-19,West,W2,Service,1
2026-04-19,West,W2,Safety,1
2026-04-19,West,W3,Property,2
2026-04-19,West,W3,Safety,2
2026-04-19,West,W3,Quality,1
2026-04-20,North,N1,Service,1
2026-04-20,North,N1,Safety,1
2026-04-20,North,N2,Property,1
2026-04-20,Central,C1,Service,1
2026-04-20,Central,C1,Quality,1
2026-04-20,Central,C2,Service,1
2026-04-20,Central,C2,Safety,1
2026-04-20,Central,C2,Other,1
2026-04-20,Central,C3,Other,1
2026-04-20,East,E1,Property,4
2026-04-20,East,E1,Service,1
2026-04-20,East,E1,Other,2
2026-04-20,East,E2,Safety,1
2026-04-20,East,E3,Property,2
2026-04-20,East,E3,Safety,1
2026-04-20,East,E3,Other,1
2026-04-20,West,W1,Property,1
2026-04-20,West,W1,Service,1
2026-04-20,West,W1,Safety,1
2026-04-20,West,W1,Quality,1
2026-04-20,West,W2,Property,3
2026-04-20,West,W2,Service,1
2026-04-20,West,W2,Other,1
2026-04-20,West,W3,Other,1
2026-04-21,North,N1,Property,2
2026-04-21,North,N2,Property,1
2026-04-21,North,N2,Quality,1
2026-04-21,North,N2,Other,1
2026-04-21,Central,C1,Property,1
2026-04-21,Central,C1,Quality,1
2026-04-21,Central,C2,Property,1
2026-04-21,Central,C2,Safety,1
2026-04-21,Central,C2,Quality,1
2026-04-21,Central,C3,Safety,1
2026-04-21,East,E1,Property,1
2026-04-21,East,E2,Property,2
2026-04-21,East,E2,Quality,1
2026-04-21,East,E3,Property,1
2026-04-21,East,E3,Safety,2
2026-04-21,West,W1,Property,1
2026-04-21,West,W1,Service,2
2026-04-21,West,W1,Other,1
2026-04-21,West,W2,Property,2
2026-04-21,West,W2,Quality,1
2026-04-21,West,W2,Other,1
2026-04-21,West,W3,Property,1
2026-04-21,West,W3,Quality,1
2026-04-22,North,N1,Property,2
2026-04-22,North,N1,Other,2
2026-04-22,North,N2,Service,1
2026-04-22,North,N3,Safety,1
2026-04-22,Central,C1,Property,1
2026-04-22,Central,C1,Safety,2
2026-04-22,Central,C2,Property,1
2026-04-22,Central,C2,Service,1
2026-04-22,Central,C2,Other,1
2026-04-22,Central,C3,Property,1
2026-04-22,Central,C3,Service,1
2026-04-22,Central,C3,Quality,1
2026-04-22,East,E1,Property,2
2026-04-22,East,E1,Safety,1
2026-04-22,East,E1,Other,1
2026-04-22,East,E2,Property,1
2026-04-22,East,E2,Service,1
2026-04-22,East,E3,Property,1
2026-04-22,East,E3,Safety,1
2026-04-22,West,W1,Property,1
2026-04-22,West,W1,Safety,1
2026-04-22,West,W1,Quality,1
2026-04-22,West,W2,Property,1
2026-04-22,West,W2,Other,2
2026-04-22,West,W3,Service,1
2026-04-22,West,W3,Quality,1
2026-04-23,North,N1,Property,1
2026-04-23,North,N1,Service,2
2026-04-23,North,N1,Safety,1
2026-04-23,North,N1,Quality,1
2026-04-23,North,N2,Property,3
2026-04-23,North,N2,Service,1
2026-04-23,North,N2,Safety,1
2026-04-23,North,N3,Property,1
2026-04-23,Central,C1,Service,2
2026-04-23,Central,C1,Quality,1
2026-04-23,Central,C2,Safety,1
2026-04-23,Central,C2,Quality,1
2026-04-23,Central,C3,Property,1
2026-04-23,Central,C3,Quality,1
2026-04-23,East,E1,Quality,1
2026-04-23,East,E2,Property,2
2026-04-23,East,E2,Other,1
2026-04-23,East,E3,Property,2
2026-04-23,East,E3,Service,1
2026-04-23,West,W2,Service,1
2026-04-23,West,W2,Quality,1
2026-04-23,West,W3,Property,1
2026-04-23,West,W3,Other,1
2026-04-24,North,N1,Property,1
2026-04-24,North,N1,Service,1
2026-04-24,North,N1,Safety,1
2026-04-24,North,N1,Quality,1
2026-04-24,North,N2,Safety,2
2026-04-24,Central,C1,Safety,3
2026-04-24,Central,C2,Property,3
2026-04-24,Central,C2,Service,2
2026-04-24,Central,C3,Property,1
2026-04-24,Central,C3,Service,1
2026-04-24,Central,C3,Quality,1
2026-04-24,Central,C3,Other,1
2026-04-24,East,E1,Property,1
2026-04-24,East,E1,Safety,1
2026-04-24,East,E2,Service,1
2026-04-24,East,E2,Safety,1
2026-04-24,East,E3,Property,1
2026-04-24,East,E3,Service,2
2026-04-24,East,E3,Quality,2
2026-04-24,East,E3,Other,1
2026-04-24,West,W1,Property,1
2026-04-24,West,W2,Service,1
2026-04-24,West,W2,Other,1
2026-04-24,West,W3,Service,1
2026-04-25,North,N1,Service,1
2026-04-25,North,N2,Quality,1
2026-04-25,North,N3,Property,1
2026-04-25,North,N3,Safety,2
2026-04-25,North,N3,Other,1
2026-04-25,Central,C1,Property,1
2026-04-25,Central,C1,Quality,1
2026-04-25,Central,C2,Service,2
2026-04-25,Central,C2,Other,1
2026-04-25,Central,C3,Service,1
2026-04-25,Central,C3,Other,1
2026-04-25,East,E1,Safety,1
2026-04-25,East,E1,Quality,1
2026-04-25,East,E2,Safety,2
2026-04-25,East,E3,Property,1
2026-04-25,East,E3,Service,3
2026-04-25,East,E3,Safety,2
2026-04-25,East,E3,Other,2
2026-04-25,West,W1,Quality,1
2026-04-25,West,W2,Service,1
2026-04-25,West,W2,Safety,1
2026-04-25,West,W3,Property,2
2026-04-25,West,W3,Quality,1
2026-04-26,North,N1,Property,2
2026-04-26,North,N2,Property,4
2026-04-26,North,N2,Service,1
2026-04-26,North,N2,Safety,1
2026-04-26,North,N3,Property,1
2026-04-26,North,N3,Quality,1
2026-04-26,Central,C2,Property,1
2026-04-26,Central,C2,Safety,1
2026-04-26,Central,C2,Other,1
2026-04-26,Central,C3,Property,1
2026-04-26,Central,C3,Quality,1
2026-04-26,East,E1,Property,1
2026-04-26,East,E1,Other,1
2026-04-26,East,E2,Safety,1
2026-04-26,East,E3,Property,1
2026-04-26,East,E3,Safety,1
2026-04-26,East,E3,Other,1
2026-04-26,West,W1,Property,2
2026-04-26,West,W2,Property,1
2026-04-26,West,W3,Property,1
2026-04-27,North,N1,Other,1
2026-04-27,North,N2,Service,1
2026-04-27,Central,C1,Property,1
2026-04-27,Central,C1,Service,2
2026-04-27,Central,C2,Property,2
2026-04-27,Central,C2,Service,1
2026-04-27,Central,C2,Safety,2
2026-04-27,Central,C3,Property,1
2026-04-27,Central,C3,Service,1
2026-04-27,Central,C3,Safety,2
2026-04-27,Central,C3,Quality,1
2026-04-27,East,E1,Service,1
2026-04-27,East,E1,Other,1
2026-04-27,West,W2,Service,1
2026-04-27,West,W2,Safety,1
2026-04-27,West,W3,Service,1
2026-04-27,West,W3,Safety,1
2026-04-27,West,W3,Quality,1
2026-04-28,North,N1,Property,1
2026-04-28,North,N1,Service,1
2026-04-28,North,N1,Safety,1
2026-04-28,North,N1,Other,1
2026-04-28,North,N2,Safety,1
2026-04-28,North,N2,Quality,1
2026-04-28,North,N3,Quality,2
2026-04-28,North,N3,Other,1
2026-04-28,Central,C1,Property,1
2026-04-28,Central,C1,Safety,1
2026-04-28,Central,C1,Quality,1
2026-04-28,Central,C2,Safety,1
2026-04-28,Central,C3,Service,2
2026-04-28,Central,C3,Safety,1
2026-04-28,Central,C3,Quality,2
2026-04-28,East,E1,Property,1
2026-04-28,East,E2,Property,1
2026-04-28,East,E2,Other,1
2026-04-28,East,E3,Property,1
2026-04-28,East,E3,Service,1
2026-04-28,West,W1,Property,2
2026-04-28,West,W1,Safety,2
2026-04-28,West,W1,Quality,1
2026-04-28,West,W2,Quality,2
2026-04-28,West,W3,Safety,1
2026-04-28,West,W3,Quality,1
2026-04-29,North,N1,Property,2
2026-04-29,North,N2,Property,1
2026-04-29,North,N2,Quality,1
2026-04-29,North,N3,Property,1
2026-04-29,North,N3,Safety,1
2026-04-29,Central,C2,Safety,1
2026-04-29,Central,C2,Quality,1
2026-04-29,East,E1,Safety,1
2026-04-29,East,E1,Quality,2
2026-04-29,East,E2,Property,3
2026-04-29,East,E2,Service,1
2026-04-29,East,E3,Property,1
2026-04-29,East,E3,Safety,1
2026-04-29,East,E3,Quality,1
2026-04-29,West,W1,Property,1
2026-04-29,West,W1,Quality,2
2026-04-29,West,W3,Property,2
2026-04-30,North,N1,Safety,1
2026-04-30,North,N1,Quality,1
2026-04-30,North,N2,Property,2
2026-04-30,North,N2,Service,1
2026-04-30,North,N3,Property,1
2026-04-30,North,N3,Safety,1
2026-04-30,Central,C2,Safety,1
2026-04-30,Central,C2,Quality,2
2026-04-30,Central,C3,Property,3
2026-04-30,Central,C3,Service,1
2026-04-30,Central,C3,Safety,2
2026-04-30,East,E1,Property,1
2026-04-30,East,E1,Service,1
2026-04-30,East,E2,Property,1
2026-04-30,East,E2,Quality,1
2026-04-30,East,E3,Property,2
2026-04-30,East,E3,Other,1
2026-04-30,West,W3,Property,1
2026-04-30,West,W3,Service,1
2026-04-30,West,W3,Other,1
2026-05-01,North,N1,Safety,1
2026-05-01,North,N1,Quality,1
2026-05-01,North,N2,Property,1
2026-05-01,North,N2,Safety,2
2026-05-01,North,N3,Property,1
2026-05-01,North,N3,Service,1
2026-05-01,Central,C1,Property,1
2026-05-01,Central,C1,Safety,1
2026-05-01,Central,C1,Quality,1
2026-05-01,Central,C1,Other,1
2026-05-01,Central,C2,Service,2
2026-05-01,Central,C2,Safety,1
2026-05-01,Central,C2,Quality,1
2026-05-01,Central,C2,Other,2
2026-05-01,Central,C3,Service,1
2026-05-01,East,E1,Property,2
2026-05-01,East,E1,Safety,1
2026-05-01,East,E1,Quality,1
2026-05-01,East,E2,Property,1
2026-05-01,East,E3,Other,1
2026-05-01,West,W1,Service,2
2026-05-01,West,W1,Safety,2
2026-05-01,West,W2,Property,1
2026-05-01,West,W2,Service,1
2026-05-01,West,W2,Quality,1
2026-05-01,West,W3,Property,2
2026-05-01,West,W3,Service,1
2026-05-02,North,N1,Service,1
2026-05-02,North,N1,Safety,1
2026-05-02,North,N1,Quality,1
2026-05-02,North,N2,Property,1
2026-05-02,North,N2,Service,1
2026-05-02,North,N2,Safety,2
2026-05-02,North,N2,Other,1
2026-05-02,North,N3,Property,1
2026-05-02,North,N3,Safety,1
2026-05-02,Central,C1,Property,1
2026-05-02,Central,C1,Service,1
2026-05-02,Central,C2,Property,1
2026-05-02,Central,C3,Safety,2
2026-05-02,Central,C3,Other,1
2026-05-02,East,E1,Property,1
2026-05-02,East,E1,Service,2
2026-05-02,East,E2,Safety,1
2026-05-02,East,E2,Other,2
2026-05-02,East,E3,Property,2
2026-05-02,East,E3,Service,2
2026-05-02,West,W2,Property,1
2026-05-02,West,W2,Service,1
2026-05-02,West,W2,Safety,1
2026-05-02,West,W3,Property,1
2026-05-03,North,N1,Safety,1
2026-05-03,North,N2,Property,2
2026-05-03,North,N2,Safety,1
2026-05-03,North,N2,Other,1
2026-05-03,North,N3,Property,3
2026-05-03,North,N3,Safety,1
2026-05-03,Central,C1,Other,1
2026-05-03,Central,C2,Safety,1
2026-05-03,Central,C2,Other,1
2026-05-03,Central,C3,Safety,2
2026-05-03,East,E1,Safety,1
2026-05-03,East,E1,Other,1
2026-05-03,East,E2,Safety,1
2026-05-03,East,E3,Property,1
2026-05-03,East,E3,Service,1
2026-05-03,East,E3,Safety,1
2026-05-03,West,W1,Property,2
2026-05-03,West,W2,Property,1
2026-05-03,West,W2,Quality,1
2026-05-03,West,W2,Other,1
2026-05-03,West,W3,Property,1
2026-05-03,West,W3,Service,1
2026-05-03,West,W3,Quality,1
2026-05-04,North,N1,Service,1
2026-05-04,North,N2,Property,1
2026-05-04,North,N2,Safety,2
2026-05-04,North,N2,Other,1
2026-05-04,North,N3,Property,1
2026-05-04,Central,C1,Service,1
2026-05-04,Central,C2,Property,1
2026-05-04,Central,C2,Safety,1
2026-05-04,Central,C2,Quality,1
2026-05-04,Central,C3,Safety,3
2026-05-04,Central,C3,Quality,1
2026-05-04,East,E1,Service,3
2026-05-04,East,E1,Safety,1
2026-05-04,East,E2,Property,1
2026-05-04,East,E2,Quality,1
2026-05-04,West,W1,Quality,1
2026-05-04,West,W2,Property,1
2026-05-04,West,W2,Service,1
2026-05-04,West,W2,Other,2
2026-05-04,West,W3,Property,1
2026-05-05,North,N1,Property,1
2026-05-05,North,N1,Service,1
2026-05-05,North,N2,Property,1
2026-05-05,North,N3,Quality,1
2026-05-05,Central,C1,Property,1
2026-05-05,Central,C1,Quality,1
2026-05-05,Central,C2,Property,1
2026-05-05,Central,C2,Safety,1
2026-05-05,Central,C2,Quality,1
2026-05-05,Central,C3,Safety,1
2026-05-05,East,E1,Quality,3
2026-05-05,East,E2,Safety,2
2026-05-05,East,E2,Quality,1
2026-05-05,East,E3,Service,2
2026-05-05,East,E3,Other,1
2026-05-05,West,W1,Property,2
2026-05-05,West,W2,Property,1
2026-05-05,West,W3,Property,1
2026-05-05,West,W3,Safety,2
2026-05-05,West,W3,Quality,1
2026-05-06,North,N1,Safety,1
2026-05-06,North,N1,Other,1
2026-05-06,North,N2,Safety,1
2026-05-06,North,N3,Property,1
2026-05-06,North,N3,Quality,1
2026-05-06,Central,C1,Service,1
2026-05-06,Central,C1,Safety,1
2026-05-06,Central,C2,Property,1
2026-05-06,Central,C2,Quality,1
2026-05-06,Central,C3,Property,1
2026-05-06,East,E1,Property,2
2026-05-06,East,E1,Service,2
2026-05-06,East,E1,Quality,1
2026-05-06,East,E1,Other,1
2026-05-06,East,E2,Property,1
2026-05-06,East,E2,Service,1
2026-05-06,East,E3,Safety,1
2026-05-06,West,W1,Property,2
2026-05-06,West,W1,Service,2
2026-05-06,West,W2,Property,1
2026-05-06,West,W2,Other,1
2026-05-06,West,W3,Property,1
2026-05-06,West,W3,Service,1
2026-05-06,West,W3,Quality,1
2026-05-07,North,N1,Service,1
2026-05-07,North,N1,Safety,1
2026-05-07,North,N1,Quality,1
2026-05-07,North,N2,Service,2
2026-05-07,North,N2,Quality,1
2026-05-07,North,N3,Property,2
2026-05-07,North,N3,Service,2
2026-05-07,North,N3,Quality,1
2026-05-07,Central,C1,Property,1
2026-05-07,Central,C1,Service,1
2026-05-07,Central,C1,Safety,1
2026-05-07,Central,C2,Property,2
2026-05-07,Central,C2,Service,1
2026-05-07,Central,C2,Safety,1
2026-05-07,Central,C2,Other,1
2026-05-07,Central,C3,Property,1
2026-05-07,Central,C3,Service,2
2026-05-07,East,E2,Property,1
2026-05-07,East,E2,Service,1
2026-05-07,East,E2,Other,2
2026-05-07,East,E3,Other,1
2026-05-07,West,W1,Property,1
2026-05-07,West,W1,Quality,1
2026-05-07,West,W2,Other,1
2026-05-07,West,W3,Property,2
2026-05-07,West,W3,Other,1
2026-05-08,North,N1,Property,1
2026-05-08,North,N1,Other,1
2026-05-08,North,N2,Property,2
2026-05-08,Central,C1,Property,1
2026-05-08,Central,C1,Service,1
2026-05-08,Central,C1,Safety,1
2026-05-08,Central,C1,Quality,1
2026-05-08,Central,C1,Other,1
2026-05-08,Central,C2,Safety,1
2026-05-08,Central,C2,Quality,1
2026-05-08,Central,C3,Property,1
2026-05-08,Central,C3,Quality,1
2026-05-08,East,E1,Property,1
2026-05-08,East,E1,Other,1
2026-05-08,East,E2,Property,2
2026-05-08,East,E2,Service,1
2026-05-08,East,E2,Safety,2
2026-05-08,East,E3,Property,1
2026-05-08,East,E3,Safety,1
2026-05-08,West,W1,Property,1
2026-05-08,West,W1,Other,1
2026-05-08,West,W2,Property,1
2026-05-08,West,W2,Service,1
2026-05-08,West,W2,Safety,3
2026-05-09,North,N1,Service,1
2026-05-09,North,N1,Safety,1
2026-05-09,North,N1,Quality,2
2026-05-09,North,N1,Other,1
2026-05-09,North,N2,Property,1
2026-05-09,North,N2,Service,1
2026-05-09,North,N3,Service,1
2026-05-09,North,N3,Safety,1
2026-05-09,North,N3,Other,1
2026-05-09,Central,C1,Safety,1
2026-05-09,Central,C2,Property,2
2026-05-09,Central,C2,Safety,2
2026-05-09,Central,C2,Quality,1
2026-05-09,Central,C3,Service,2
2026-05-09,Central,C3,Safety,1
2026-05-09,Central,C3,Other,1
2026-05-09,East,E1,Property,3
2026-05-09,East,E1,Service,1
2026-05-09,East,E2,Property,1
2026-05-09,East,E2,Quality,1
2026-05-09,East,E3,Property,3
2026-05-09,East,E3,Quality,1
2026-05-09,West,W1,Property,1
2026-05-09,West,W3,Property,1
2026-05-09,West,W3,Safety,1
2026-05-10,North,N1,Service,1
2026-05-10,North,N1,Safety,1
2026-05-10,North,N1,Quality,1
2026-05-10,North,N2,Property,1
2026-05-10,North,N2,Safety,1
2026-05-10,North,N2,Quality,1
2026-05-10,North,N2,Other,1
2026-05-10,Central,C1,Property,2
2026-05-10,Central,C1,Safety,2
2026-05-10,Central,C2,Property,1
2026-05-10,Central,C2,Safety,1
2026-05-10,Central,C3,Property,1
2026-05-10,Central,C3,Quality,2
2026-05-10,Central,C3,Other,1
2026-05-10,East,E1,Safety,1
2026-05-10,East,E1,Quality,1
2026-05-10,East,E1,Other,1
2026-05-10,East,E2,Property,2
2026-05-10,East,E2,Service,1
2026-05-10,East,E2,Safety,1
2026-05-10,East,E3,Quality,1
2026-05-10,East,E3,Other,1
2026-05-10,West,W1,Service,2
2026-05-10,West,W1,Safety,1
2026-05-10,West,W2,Property,1
2026-05-10,West,W3,Service,1
2026-05-10,West,W3,Safety,2
2026-05-10,West,W3,Other,1
2026-05-11,North,N1,Safety,1
2026-05-11,North,N2,Property,2
2026-05-11,North,N2,Service,2
2026-05-11,North,N2,Other,2
2026-05-11,North,N3,Safety,1
2026-05-11,North,N3,Other,1
2026-05-11,Central,C1,Property,2
2026-05-11,Central,C1,Service,1
2026-05-11,Central,C2,Property,3
2026-05-11,Central,C2,Quality,1
2026-05-11,Central,C3,Service,1
2026-05-11,Central,C3,Safety,1
2026-05-11,East,E1,Property,1
2026-05-11,East,E1,Quality,1
2026-05-11,East,E2,Quality,1
2026-05-11,East,E3,Property,2
2026-05-11,West,W1,Service,1
2026-05-11,West,W2,Quality,1
2026-05-11,West,W3,Service,1
2026-05-11,West,W3,Quality,1
2026-05-12,North,N1,Property,1
2026-05-12,North,N1,Service,1
2026-05-12,North,N1,Safety,1
2026-05-12,North,N2,Service,1
2026-05-12,North,N2,Quality,1
2026-05-12,North,N3,Property,2
2026-05-12,North,N3,Quality,1
2026-05-12,Central,C1,Property,1
2026-05-12,Central,C1,Safety,1
2026-05-12,Central,C2,Property,2
2026-05-12,Central,C2,Safety,1
2026-05-12,Central,C2,Quality,1
2026-05-12,Central,C3,Property,2
2026-05-12,Central,C3,Quality,1
2026-05-12,East,E1,Service,1
2026-05-12,East,E1,Safety,1
2026-05-12,East,E1,Other,1
2026-05-12,East,E2,Service,1
2026-05-12,East,E3,Property,1
2026-05-12,East,E3,Service,1
2026-05-12,East,E3,Other,1
2026-05-12,West,W1,Other,1
2026-05-12,West,W2,Quality,2
2026-05-12,West,W2,Other,1
2026-05-12,West,W3,Quality,2
2026-05-13,North,N1,Property,3
2026-05-13,North,N1,Safety,1
2026-05-13,North,N2,Property,2
2026-05-13,North,N2,Quality,1
2026-05-13,North,N3,Service,1
2026-05-13,North,N3,Safety,1
2026-05-13,Central,C1,Property,1
2026-05-13,Central,C1,Safety,1
2026-05-13,Central,C1,Quality,1
2026-05-13,Central,C2,Service,2
2026-05-13,Central,C2,Safety,3
2026-05-13,Central,C2,Quality,2
2026-05-13,Central,C2,Other,1
2026-05-13,Central,C3,Service,1
2026-05-13,Central,C3,Quality,1
2026-05-13,Central,C3,Other,1
2026-05-13,East,E1,Safety,1
2026-05-13,East,E1,Quality,1
2026-05-13,East,E2,Property,1
2026-05-13,East,E2,Other,1
2026-05-13,East,E3,Quality,1
2026-05-13,East,E3,Other,1
2026-05-13,West,W1,Safety,1
2026-05-13,West,W2,Property,1
2026-05-13,West,W3,Property,1
2026-05-14,North,N1,Service,1
2026-05-14,North,N1,Quality,1
2026-05-14,North,N2,Property,3
2026-05-14,North,N2,Service,1
2026-05-14,North,N3,Property,1
2026-05-14,Central,C1,Safety,1
2026-05-14,Central,C2,Property,2
2026-05-14,Central,C2,Other,1
2026-05-14,Central,C3,Property,2
2026-05-14,Central,C3,Service,1
2026-05-14,Central,C3,Other,1
2026-05-14,East,E1,Property,1
2026-05-14,East,E1,Service,1
2026-05-14,East,E1,Other,1
2026-05-14,East,E3,Property,1
2026-05-14,West,W2,Other,1
2026-05-14,West,W3,Property,1
2026-05-14,West,W3,Other,1
2026-05-15,North,N1,Property,1
2026-05-15,North,N1,Service,2
2026-05-15,North,N1,Safety,2
2026-05-15,North,N1,Quality,1
2026-05-15,North,N2,Safety,1
2026-05-15,North,N3,Quality,1
2026-05-15,North,N3,Other,2
2026-05-15,Central,C1,Property,1
2026-05-15,Central,C1,Service,2
2026-05-15,Central,C1,Safety,1
2026-05-15,Central,C1,Quality,2
2026-05-15,Central,C1,Other,1
2026-05-15,Central,C2,Property,1
2026-05-15,Central,C2,Service,2
2026-05-15,Central,C3,Property,2
2026-05-15,Central,C3,Quality,1
2026-05-15,East,E1,Safety,1
2026-05-15,East,E1,Quality,1
2026-05-15,East,E2,Property,1
2026-05-15,East,E2,Quality,1
2026-05-15,East,E3,Property,1
2026-05-15,East,E3,Service,2
2026-05-15,East,E3,Safety,1
2026-05-15,West,W1,Property,1
2026-05-15,West,W1,Safety,3
2026-05-15,West,W2,Safety,1
2026-05-15,West,W3,Property,1
2026-05-15,West,W3,Safety,1
2026-05-16,North,N1,Service,2
2026-05-16,North,N1,Safety,2
2026-05-16,North,N1,Quality,2
2026-05-16,North,N2,Service,2
2026-05-16,North,N2,Safety,2
2026-05-16,Central,C2,Property,1
2026-05-16,Central,C2,Quality,2
2026-05-16,Central,C3,Property,2
2026-05-16,Central,C3,Service,2
2026-05-16,Central,C3,Safety,1
2026-05-16,Central,C3,Other,2
2026-05-16,East,E1,Property,1
2026-05-16,East,E1,Service,1
2026-05-16,East,E2,Property,2
2026-05-16,East,E2,Service,1
2026-05-16,East,E3,Safety,2
2026-05-16,West,W1,Other,1
2026-05-16,West,W2,Property,2
2026-05-16,West,W2,Service,1
2026-05-16,West,W3,Service,1
2026-05-16,West,W3,Safety,1
2026-05-16,West,W3,Other,2
2026-05-17,North,N1,Property,2
2026-05-17,North,N1,Safety,2
2026-05-17,North,N1,Quality,2
2026-05-17,North,N2,Property,1
2026-05-17,North,N2,Safety,2
2026-05-17,North,N2,Other,1
2026-05-17,North,N3,Service,2
2026-05-17,North,N3,Safety,1
2026-05-17,North,N3,Other,1
2026-05-17,Central,C1,Property,1
2026-05-17,Central,C2,Property,2
2026-05-17,Central,C2,Service,1
2026-05-17,Central,C2,Safety,1
2026-05-17,Central,C2,Quality,1
2026-05-17,Central,C2,Other,1
2026-05-17,East,E1,Property,1
2026-05-17,East,E2,Safety,1
2026-05-17,East,E2,Quality,1
2026-05-17,East,E3,Service,1
2026-05-17,East,E3,Safety,1
2026-05-17,East,E3,Quality,1
2026-05-17,West,W2,Property,1
2026-05-17,West,W2,Service,1
2026-05-17,West,W2,Quality,1
2026-05-17,West,W3,Property,2
2026-05-17,West,W3,Other,2
2026-05-18,North,N1,Service,1
2026-05-18,North,N1,Quality,1
2026-05-18,North,N2,Service,1
2026-05-18,North,N3,Service,1
2026-05-18,North,N3,Safety,1
2026-05-18,North,N3,Quality,2
2026-05-18,North,N3,Other,1
2026-05-18,Central,C1,Property,1
2026-05-18,Central,C1,Service,1
2026-05-18,Central,C1,Quality,2
2026-05-18,Central,C2,Property,2
2026-05-18,Central,C3,Property,1
2026-05-18,Central,C3,Safety,1
2026-05-18,Central,C3,Quality,1
2026-05-18,Central,C3,Other,1
2026-05-18,East,E1,Property,1
2026-05-18,East,E1,Safety,1
2026-05-18,East,E1,Other,1
2026-05-18,East,E2,Property,1
2026-05-18,East,E2,Other,1
2026-05-18,East,E3,Service,1
2026-05-18,East,E3,Safety,1
2026-05-18,West,W1,Property,1
2026-05-18,West,W1,Safety,1
2026-05-18,West,W2,Property,1
2026-05-18,West,W2,Service,1
2026-05-18,West,W2,Safety,1
2026-05-18,West,W2,Quality,1
2026-05-18,West,W3,Property,1
2026-05-18,West,W3,Safety,1
2026-05-18,West,W3,Other,1
2026-05-19,North,N1,Property,3
2026-05-19,North,N1,Safety,2
2026-05-19,North,N1,Quality,1
2026-05-19,North,N2,Service,1
2026-05-19,North,N3,Property,1
2026-05-19,Central,C1,Property,1
2026-05-19,Central,C1,Quality,1
2026-05-19,Central,C2,Property,1
2026-05-19,Central,C2,Service,1
2026-05-19,Central,C2,Safety,3
2026-05-19,Central,C3,Property,2
2026-05-19,Central,C3,Safety,1
2026-05-19,East,E1,Property,1
2026-05-19,East,E1,Service,1
2026-05-19,East,E1,Safety,1
2026-05-19,East,E2,Property,1
2026-05-19,East,E2,Service,1
2026-05-19,East,E2,Safety,1
2026-05-19,West,W1,Property,1
2026-05-19,West,W1,Service,1
2026-05-19,West,W2,Service,1
2026-05-19,West,W3,Service,1
2026-05-20,North,N1,Service,1
2026-05-20,North,N1,Safety,1
2026-05-20,North,N2,Property,1
2026-05-20,North,N2,Safety,1
2026-05-20,North,N2,Quality,1
2026-05-20,North,N3,Service,1
2026-05-20,Central,C1,Property,1
2026-05-20,Central,C1,Service,1
2026-05-20,Central,C1,Quality,1
2026-05-20,Central,C1,Other,1
2026-05-20,Central,C2,Property,3
2026-05-20,Central,C2,Safety,2
2026-05-20,Central,C3,Property,1
2026-05-20,Central,C3,Service,1
2026-05-20,Central,C3,Safety,1
2026-05-20,East,E1,Property,2
2026-05-20,East,E1,Service,1
2026-05-20,East,E1,Safety,1
2026-05-20,East,E2,Property,2
2026-05-20,East,E2,Service,2
2026-05-20,East,E3,Property,1
2026-05-20,East,E3,Other,1
2026-05-20,West,W2,Safety,1
2026-05-20,West,W3,Service,1
2026-05-21,North,N1,Property,3
2026-05-21,North,N1,Safety,1
2026-05-21,North,N1,Quality,2
2026-05-21,North,N2,Quality,1
2026-05-21,North,N3,Quality,1
2026-05-21,North,N3,Other,1
2026-05-21,Central,C1,Property,1
2026-05-21,Central,C1,Quality,1
2026-05-21,Central,C2,Property,1
2026-05-21,Central,C2,Quality,1
2026-05-21,Central,C3,Service,2
2026-05-21,Central,C3,Safety,1
2026-05-21,Central,C3,Other,1
2026-05-21,East,E1,Property,1
2026-05-21,East,E1,Service,1
2026-05-21,East,E1,Safety,2
2026-05-21,East,E2,Property,1
2026-05-21,East,E2,Quality,1
2026-05-21,East,E3,Property,1
2026-05-21,East,E3,Service,1
2026-05-21,East,E3,Safety,1
2026-05-21,East,E3,Quality,2
2026-05-21,West,W1,Quality,1
2026-05-21,West,W2,Property,2
2026-05-21,West,W2,Service,1
2026-05-21,West,W3,Quality,1
2026-05-21,West,W3,Other,1
2026-05-22,North,N1,Property,1
2026-05-22,North,N1,Service,2
2026-05-22,North,N1,Safety,2
2026-05-22,North,N3,Quality,1
2026-05-22,North,N3,Other,2
2026-05-22,Central,C1,Property,1
2026-05-22,Central,C1,Other,1
2026-05-22,Central,C2,Property,1
2026-05-22,Central,C3,Service,1
2026-05-22,East,E1,Property,1
2026-05-22,East,E1,Safety,1
2026-05-22,East,E2,Service,1
2026-05-22,East,E3,Property,2
2026-05-22,West,W1,Property,1
2026-05-22,West,W1,Service,1
2026-05-22,West,W2,Other,2
2026-05-23,North,N1,Service,1
2026-05-23,North,N1,Quality,1
2026-05-23,North,N2,Service,1
2026-05-23,North,N2,Safety,1
2026-05-23,Central,C1,Safety,2
2026-05-23,Central,C1,Quality,1
2026-05-23,Central,C1,Other,2
2026-05-23,Central,C2,Service,1
2026-05-23,Central,C2,Quality,1
2026-05-23,Central,C3,Property,2
2026-05-23,Central,C3,Service,1
2026-05-23,Central,C3,Safety,1
2026-05-23,East,E1,Safety,1
2026-05-23,East,E1,Quality,1
2026-05-23,East,E2,Property,1
2026-05-23,East,E2,Service,2
2026-05-23,East,E2,Safety,1
2026-05-23,East,E2,Quality,1
2026-05-23,East,E3,Property,2
2026-05-23,East,E3,Quality,1
2026-05-23,East,E3,Other,1
2026-05-23,West,W3,Service,1
2026-05-24,North,N1,Quality,1
2026-05-24,North,N2,Property,1
2026-05-24,North,N2,Service,1
2026-05-24,North,N2,Other,1
2026-05-24,North,N3,Quality,2
2026-05-24,Central,C1,Property,3
2026-05-24,Central,C1,Service,1
2026-05-24,Central,C1,Safety,1
2026-05-24,Central,C2,Property,1
2026-05-24,Central,C2,Service,2
2026-05-24,Central,C3,Property,1
2026-05-24,Central,C3,Service,1
2026-05-24,Central,C3,Safety,1
2026-05-24,West,W1,Property,1
2026-05-24,West,W2,Property,1
2026-05-24,West,W2,Safety,1
2026-05-24,West,W2,Quality,1
2026-05-24,West,W2,Other,1
2026-05-25,North,N1,Property,1
2026-05-25,North,N1,Service,1
2026-05-25,North,N2,Service,2
2026-05-25,North,N2,Quality,1
2026-05-25,North,N2,Other,1
2026-05-25,North,N3,Safety,1
2026-05-25,Central,C1,Property,2
2026-05-25,Central,C1,Safety,3
2026-05-25,Central,C1,Quality,1
2026-05-25,Central,C1,Other,1
2026-05-25,Central,C2,Property,1
2026-05-25,Central,C2,Quality,2
2026-05-25,Central,C3,Property,1
2026-05-25,Central,C3,Safety,1
2026-05-25,Central,C3,Quality,1
2026-05-25,East,E2,Property,1
2026-05-25,East,E2,Service,2
2026-05-25,East,E3,Safety,1
2026-05-25,West,W1,Service,1
2026-05-25,West,W2,Quality,1
2026-05-25,West,W3,Service,1
2026-05-25,West,W3,Safety,1
2026-05-25,West,W3,Other,1
2026-05-26,North,N2,Service,1
2026-05-26,North,N2,Safety,1
2026-05-26,North,N2,Quality,2
2026-05-26,North,N2,Other,2
2026-05-26,North,N3,Service,1
2026-05-26,North,N3,Safety,2
2026-05-26,Central,C1,Property,1
2026-05-26,Central,C1,Other,1
2026-05-26,Central,C2,Service,1
2026-05-26,Central,C2,Safety,2
2026-05-26,Central,C2,Quality,1
2026-05-26,Central,C3,Other,1
2026-05-26,East,E1,Property,1
2026-05-26,East,E1,Safety,1
2026-05-26,East,E1,Quality,1
2026-05-26,East,E2,Quality,1
2026-05-26,East,E2,Other,1
2026-05-26,East,E3,Safety,1
2026-05-26,West,W2,Property,1
2026-05-26,West,W3,Property,1
2026-05-26,West,W3,Service,1
2026-05-26,West,W3,Quality,2
2026-05-27,North,N1,Property,1
2026-05-27,North,N1,Other,1
2026-05-27,North,N2,Service,2
2026-05-27,North,N3,Property,1
2026-05-27,North,N3,Safety,1
2026-05-27,North,N3,Quality,1
2026-05-27,Central,C1,Safety,2
2026-05-27,Central,C2,Property,1
2026-05-27,Central,C3,Property,4
2026-05-27,Central,C3,Service,1
2026-05-27,Central,C3,Safety,1
2026-05-27,Central,C3,Quality,1
2026-05-27,East,E1,Property,1
2026-05-27,East,E1,Quality,1
2026-05-27,East,E2,Service,3
2026-05-27,East,E2,Safety,1
2026-05-27,East,E2,Quality,1
2026-05-27,West,W1,Other,1
2026-05-27,West,W2,Property,2
2026-05-27,West,W2,Service,2
2026-05-27,West,W3,Property,1
2026-05-28,North,N1,Safety,1
2026-05-28,North,N1,Quality,1
2026-05-28,North,N2,Property,1
2026-05-28,North,N2,Safety,2
2026-05-28,North,N2,Quality,1
2026-05-28,North,N3,Property,1
2026-05-28,North,N3,Service,1
2026-05-28,North,N3,Other,1
2026-05-28,Central,C1,Property,1
2026-05-28,Central,C1,Safety,1
2026-05-28,Central,C1,Quality,2
2026-05-28,Central,C2,Property,1
2026-05-28,Central,C2,Service,1
2026-05-28,Central,C2,Safety,1
2026-05-28,Central,C2,Quality,3
2026-05-28,Central,C2,Other,1
2026-05-28,Central,C3,Property,1
2026-05-28,Central,C3,Service,1
2026-05-28,Central,C3,Safety,1
2026-05-28,East,E1,Service,2
2026-05-28,East,E1,Quality,1
2026-05-28,East,E2,Property,1
2026-05-28,East,E2,Service,1
2026-05-28,East,E2,Safety,1
2026-05-28,East,E2,Other,2
2026-05-28,East,E3,Property,1
2026-05-28,East,E3,Service,1
2026-05-28,West,W1,Safety,1
2026-05-28,West,W2,Service,1
2026-05-28,West,W3,Property,1
2026-05-28,West,W3,Service,1
2026-05-29,North,N1,Property,1
2026-05-29,North,N1,Service,2
2026-05-29,North,N1,Other,1
2026-05-29,North,N2,Property,2
2026-05-29,North,N2,Service,2
2026-05-29,North,N2,Safety,1
2026-05-29,North,N3,Property,3
2026-05-29,North,N3,Service,1
2026-05-29,North,N3,Quality,1
2026-05-29,Central,C1,Property,2
2026-05-29,Central,C1,Service,2
2026-05-29,Central,C1,Safety,1
2026-05-29,Central,C2,Property,1
2026-05-29,Central,C2,Service,1
2026-05-29,Central,C2,Quality,1
2026-05-29,Central,C3,Property,1
2026-05-29,Central,C3,Service,1
2026-05-29,Central,C3,Other,1
2026-05-29,East,E1,Service,2
2026-05-29,East,E2,Property,2
2026-05-29,East,E2,Service,2
2026-05-29,East,E2,Safety,1
2026-05-29,East,E2,Quality,1
2026-05-29,East,E3,Property,1
2026-05-29,West,W1,Safety,1
2026-05-29,West,W2,Safety,1
2026-05-29,West,W3,Property,3
2026-05-30,North,N1,Service,4
2026-05-30,North,N1,Safety,1
2026-05-30,North,N2,Safety,1
2026-05-30,North,N3,Property,1
2026-05-30,North,N3,Service,2
2026-05-30,Central,C1,Property,1
2026-05-30,Central,C1,Service,1
2026-05-30,Central,C1,Safety,1
2026-05-30,Central,C1,Other,1
2026-05-30,Central,C2,Service,1
2026-05-30,Central,C2,Safety,1
2026-05-30,Central,C3,Property,1
2026-05-30,Central,C3,Safety,1
2026-05-30,Central,C3,Quality,1
2026-05-30,Central,C3,Other,1
2026-05-30,East,E1,Property,1
2026-05-30,East,E1,Service,1
2026-05-30,East,E1,Safety,1
2026-05-30,East,E1,Quality,1
2026-05-30,East,E1,Other,1
2026-05-30,East,E2,Service,1
2026-05-30,East,E2,Safety,1
2026-05-30,East,E2,Quality,1
2026-05-30,East,E3,Property,1
2026-05-30,East,E3,Safety,1
2026-05-30,West,W1,Service,3
2026-05-30,West,W1,Safety,1
2026-05-30,West,W1,Other,1
2026-05-30,West,W2,Property,2
2026-05-30,West,W2,Quality,2
2026-05-30,West,W3,Quality,1
2026-05-31,North,N1,Property,2
2026-05-31,North,N2,Property,1
2026-05-31,North,N2,Safety,1
2026-05-31,North,N3,Safety,1
2026-05-31,Central,C1,Service,1
2026-05-31,Central,C1,Safety,1
2026-05-31,Central,C2,Property,2
2026-05-31,Central,C2,Service,1
2026-05-31,Central,C2,Safety,3
2026-05-31,Central,C3,Property,1
2026-05-31,Central,C3,Service,1
2026-05-31,East,E1,Property,1
2026-05-31,East,E1,Quality,1
2026-05-31,East,E2,Safety,1
2026-05-31,East,E2,Other,1
2026-05-31,East,E3,Property,1
2026-05-31,East,E3,Other,2
2026-05-31,West,W1,Property,1
2026-05-31,West,W1,Safety,1
2026-05-31,West,W2,Property,2
2026-05-31,West,W2,Service,2
2026-05-31,West,W2,Other,1
2026-05-31,West,W3,Service,2
2026-05-31,West,W3,Quality,1
2026-06-01,North,N1,Other,1
2026-06-01,North,N2,Service,1
2026-06-01,North,N2,Safety,1
2026-06-01,North,N2,Quality,1
2026-06-01,North,N2,Other,1
2026-06-01,North,N3,Property,1
2026-06-01,North,N3,Service,1
2026-06-01,North,N3,Other,1
2026-06-01,Central,C1,Property,1
2026-06-01,Central,C1,Safety,1
2026-06-01,Central,C1,Other,1
2026-06-01,Central,C2,Property,1
2026-06-01,Central,C2,Service,1
2026-06-01,Central,C2,Safety,1
2026-06-01,Central,C3,Service,1
2026-06-01,East,E1,Service,2
2026-06-01,East,E1,Safety,2
2026-06-01,East,E2,Property,2
2026-06-01,East,E2,Service,1
2026-06-01,East,E3,Property,2
2026-06-01,West,W1,Service,2
2026-06-01,West,W1,Safety,1
2026-06-01,West,W2,Service,1
2026-06-01,West,W2,Safety,1
2026-06-01,West,W2,Other,1
2026-06-01,West,W3,Quality,1
2026-06-01,West,W3,Other,1
2026-06-02,North,N2,Service,2
2026-06-02,North,N3,Service,1
2026-06-02,Central,C1,Property,1
2026-06-02,Central,C1,Quality,1
2026-06-02,Central,C2,Safety,1
2026-06-02,Central,C2,Other,2
2026-06-02,Central,C3,Service,1
2026-06-02,Central,C3,Other,1
2026-06-02,East,E1,Service,2
2026-06-02,East,E2,Property,1
2026-06-02,East,E2,Service,1
2026-06-02,East,E3,Property,1
2026-06-02,East,E3,Service,1
2026-06-02,East,E3,Quality,1
2026-06-02,West,W1,Property,1
2026-06-02,West,W1,Service,2
2026-06-02,West,W2,Quality,1
2026-06-03,North,N1,Property,1
2026-06-03,North,N3,Property,5
2026-06-03,North,N3,Safety,1
2026-06-03,Central,C1,Property,2
2026-06-03,Central,C1,Quality,1
2026-06-03,Central,C2,Property,1
2026-06-03,Central,C2,Service,2
2026-06-03,Central,C2,Safety,2
2026-06-03,Central,C2,Other,1
2026-06-03,Central,C3,Property,2
2026-06-03,Central,C3,Quality,3
2026-06-03,East,E1,Quality,1
2026-06-03,East,E2,Property,2
2026-06-03,East,E2,Other,1
2026-06-03,East,E3,Service,1
2026-06-03,East,E3,Safety,1
2026-06-03,West,W1,Property,1
2026-06-03,West,W1,Safety,1
2026-06-03,West,W2,Other,1
2026-06-03,West,W3,Property,2
2026-06-04,North,N2,Service,1
2026-06-04,North,N2,Safety,1
2026-06-04,Central,C1,Property,1
2026-06-04,Central,C1,Service,1
2026-06-04,Central,C1,Safety,1
2026-06-04,Central,C1,Quality,1
2026-06-04,Central,C2,Property,1
2026-06-04,Central,C2,Safety,1
2026-06-04,Central,C3,Property,1
2026-06-04,Central,C3,Quality,1
2026-06-04,East,E1,Service,2
2026-06-04,East,E1,Safety,1
2026-06-04,East,E1,Quality,1
2026-06-04,East,E2,Property,1
2026-06-04,East,E2,Safety,1
2026-06-04,East,E2,Other,2
2026-06-04,West,W1,Property,1
2026-06-04,West,W1,Other,1
2026-06-04,West,W2,Other,2
2026-06-04,West,W3,Property,1
2026-06-04,West,W3,Service,2
2026-06-04,West,W3,Safety,1
2026-06-04,West,W3,Other,1
2026-06-05,North,N1,Property,2
2026-06-05,North,N1,Safety,1
2026-06-05,North,N2,Safety,2
2026-06-05,North,N2,Quality,1
2026-06-05,North,N3,Property,2
2026-06-05,North,N3,Service,2
2026-06-05,North,N3,Quality,1
2026-06-05,Central,C1,Property,1
2026-06-05,Central,C1,Other,1
2026-06-05,Central,C2,Property,1
2026-06-05,Central,C3,Service,2
2026-06-05,Central,C3,Quality,1
2026-06-05,East,E1,Property,2
2026-06-05,East,E1,Safety,1
2026-06-05,East,E1,Other,1
2026-06-05,East,E2,Property,1
2026-06-05,East,E2,Safety,2
2026-06-05,East,E2,Other,1
2026-06-05,West,W2,Property,1
2026-06-05,West,W2,Safety,1
2026-06-05,West,W3,Safety,1
2026-06-06,North,N1,Service,2
2026-06-06,North,N1,Quality,1
2026-06-06,North,N2,Service,1
2026-06-06,North,N2,Other,1
2026-06-06,North,N3,Safety,1
2026-06-06,Central,C1,Service,1
2026-06-06,Central,C2,Property,2
2026-06-06,Central,C2,Quality,3
2026-06-06,Central,C3,Property,1
2026-06-06,Central,C3,Service,1
2026-06-06,Central,C3,Safety,1
2026-06-06,East,E1,Safety,1
2026-06-06,East,E2,Safety,1
2026-06-06,East,E3,Safety,2
2026-06-06,East,E3,Quality,1
2026-06-06,East,E3,Other,1
2026-06-06,West,W1,Property,1
2026-06-06,West,W1,Service,2
2026-06-06,West,W1,Safety,2
2026-06-06,West,W1,Other,1
2026-06-06,West,W3,Property,1
2026-06-07,North,N1,Service,2
2026-06-07,North,N1,Quality,1
2026-06-07,North,N1,Other,1
2026-06-07,North,N2,Property,3
2026-06-07,North,N2,Quality,3
2026-06-07,North,N2,Other,1
2026-06-07,North,N3,Property,1
2026-06-07,Central,C1,Property,1
2026-06-07,Central,C1,Service,1
2026-06-07,Central,C2,Property,3
2026-06-07,Central,C2,Service,2
2026-06-07,Central,C2,Quality,1
2026-06-07,Central,C2,Other,2
2026-06-07,Central,C3,Property,1
2026-06-07,Central,C3,Service,1
2026-06-07,Central,C3,Safety,1
2026-06-07,East,E2,Safety,2
2026-06-07,East,E3,Service,1
2026-06-07,East,E3,Other,1
2026-06-07,West,W1,Property,2
2026-06-07,West,W1,Other,1
2026-06-07,West,W2,Property,2
2026-06-07,West,W2,Safety,1
2026-06-07,West,W3,Quality,1
2026-06-08,North,N2,Safety,1
2026-06-08,North,N2,Quality,2
2026-06-08,North,N3,Property,1
2026-06-08,North,N3,Other,1
2026-06-08,Central,C1,Service,3
2026-06-08,Central,C2,Service,2
2026-06-08,Central,C2,Quality,1
2026-06-08,Central,C3,Quality,1
2026-06-08,East,E2,Service,1
2026-06-08,East,E2,Safety,2
2026-06-08,East,E3,Property,1
2026-06-08,West,W1,Property,1
2026-06-08,West,W1,Safety,1
2026-06-08,West,W2,Property,1
2026-06-08,West,W3,Property,2
2026-06-08,West,W3,Service,2
2026-06-08,West,W3,Safety,2
2026-06-08,West,W3,Quality,2
2026-06-09,North,N1,Safety,1
2026-06-09,North,N2,Service,2
2026-06-09,North,N3,Property,1
2026-06-09,North,N3,Service,1
2026-06-09,North,N3,Safety,1
2026-06-09,North,N3,Quality,1
2026-06-09,Central,C1,Safety,1
2026-06-09,Central,C1,Other,1
2026-06-09,Central,C2,Property,1
2026-06-09,Central,C2,Service,2
2026-06-09,Central,C2,Quality,1
2026-06-09,Central,C3,Property,1
2026-06-09,Central,C3,Service,1
2026-06-09,East,E1,Property,1
2026-06-09,East,E1,Safety,1
2026-06-09,East,E1,Quality,1
2026-06-09,West,W1,Property,2
2026-06-09,West,W1,Service,1
2026-06-09,West,W1,Safety,1
2026-06-09,West,W2,Property,1
2026-06-09,West,W2,Safety,1
2026-06-09,West,W3,Other,1
2026-06-10,North,N1,Safety,3
2026-06-10,North,N1,Quality,1
2026-06-10,North,N3,Property,1
2026-06-10,North,N3,Service,1
2026-06-10,Central,C1,Service,2
2026-06-10,Central,C1,Other,1
2026-06-10,Central,C2,Property,1
2026-06-10,Central,C2,Safety,1
2026-06-10,Central,C2,Quality,1
2026-06-10,Central,C3,Property,1
2026-06-10,Central,C3,Service,1
2026-06-10,East,E1,Property,1
2026-06-10,East,E1,Safety,1
2026-06-10,East,E2,Service,1
2026-06-10,East,E3,Other,1
2026-06-10,West,W1,Property,1
2026-06-10,West,W1,Service,1
2026-06-10,West,W1,Quality,1
2026-06-10,West,W2,Property,1
2026-06-10,West,W2,Service,3
2026-06-10,West,W2,Quality,2
2026-06-10,West,W3,Service,2
2026-06-10,West,W3,Safety,1
2026-06-11,North,N1,Other,1
2026-06-11,North,N2,Quality,1
2026-06-11,Central,C1,Property,2
2026-06-11,Central,C1,Service,1
2026-06-11,Central,C2,Property,1
2026-06-11,Central,C2,Service,1
2026-06-11,Central,C2,Safety,1
2026-06-11,Central,C2,Other,1
2026-06-11,Central,C3,Property,1
2026-06-11,Central,C3,Service,2
2026-06-11,Central,C3,Safety,3
2026-06-11,Central,C3,Quality,1
2026-06-11,East,E1,Property,1
2026-06-11,East,E1,Service,1
2026-06-11,East,E1,Safety,1
2026-06-11,East,E2,Property,1
2026-06-11,East,E2,Service,2
2026-06-11,East,E3,Property,1
2026-06-11,East,E3,Other,1
2026-06-11,West,W2,Property,1
2026-06-11,West,W2,Other,1
2026-06-12,North,N1,Property,1
2026-06-12,North,N2,Service,1
2026-06-12,North,N3,Property,1
2026-06-12,North,N3,Safety,1
2026-06-12,North,N3,Quality,1
2026-06-12,North,N3,Other,2
2026-06-12,Central,C1,Property,1
2026-06-12,Central,C1,Service,1
2026-06-12,Central,C1,Other,2
2026-06-12,Central,C2,Service,1
2026-06-12,Central,C2,Safety,1
2026-06-12,Central,C3,Property,3
2026-06-12,Central,C3,Quality,1
2026-06-12,East,E1,Property,1
2026-06-12,East,E1,Service,2
2026-06-12,East,E2,Property,1
2026-06-12,East,E2,Service,1
2026-06-12,East,E3,Property,2
2026-06-12,East,E3,Service,1
2026-06-12,East,E3,Quality,1
2026-06-12,West,W1,Property,1
2026-06-12,West,W1,Safety,1
2026-06-12,West,W1,Quality,1
2026-06-12,West,W2,Service,1
2026-06-12,West,W3,Service,1
2026-06-12,West,W3,Quality,1
2026-06-13,North,N1,Property,1
2026-06-13,North,N1,Safety,1
2026-06-13,North,N1,Other,1
2026-06-13,North,N2,Property,1
2026-06-13,North,N2,Service,1
2026-06-13,North,N3,Service,2
2026-06-13,North,N3,Safety,1
2026-06-13,Central,C1,Property,2
2026-06-13,Central,C2,Other,1
2026-06-13,Central,C3,Safety,1
2026-06-13,East,E1,Property,1
2026-06-13,East,E1,Service,1
2026-06-13,East,E1,Safety,2
2026-06-13,East,E2,Property,1
2026-06-13,East,E3,Other,2
2026-06-13,West,W1,Other,1
2026-06-13,West,W2,Property,2
2026-06-13,West,W2,Safety,1
2026-06-13,West,W2,Quality,1
2026-06-14,North,N1,Property,1
2026-06-14,North,N1,Service,1
2026-06-14,North,N1,Safety,1
2026-06-14,North,N1,Quality,1
2026-06-14,North,N1,Other,1
2026-06-14,North,N2,Service,1
2026-06-14,North,N3,Property,2
2026-06-14,Central,C1,Service,1
2026-06-14,Central,C3,Service,1
2026-06-14,Central,C3,Quality,1
2026-06-14,East,E1,Service,1
2026-06-14,East,E2,Quality,2
2026-06-14,East,E3,Property,1
2026-06-14,East,E3,Service,2
2026-06-14,East,E3,Quality,1
2026-06-14,West,W1,Property,1
2026-06-14,West,W1,Safety,1
2026-06-14,West,W2,Service,3
2026-06-14,West,W2,Safety,1
2026-06-14,West,W3,Property,1
2026-06-14,West,W3,Service,1
2026-06-14,West,W3,Quality,1
2026-06-15,North,N1,Service,1
2026-06-15,North,N1,Safety,1
2026-06-15,North,N1,Quality,1
2026-06-15,North,N3,Safety,1
2026-06-15,Central,C1,Property,1
2026-06-15,Central,C1,Safety,2
2026-06-15,Central,C1,Quality,1
2026-06-15,Central,C1,Other,1
2026-06-15,Central,C2,Property,1
2026-06-15,Central,C2,Service,1
2026-06-15,Central,C2,Safety,2
2026-06-15,Central,C3,Service,1
2026-06-15,Central,C3,Safety,1
2026-06-15,East,E1,Property,1
2026-06-15,East,E1,Service,1
2026-06-15,East,E1,Safety,1
2026-06-15,East,E1,Quality,1
2026-06-15,East,E2,Safety,1
2026-06-15,East,E3,Quality,1
2026-06-15,East,E3,Other,1
2026-06-15,West,W1,Property,3
2026-06-15,West,W2,Quality,1
2026-06-15,West,W3,Property,1
2026-06-15,West,W3,Quality,2
2026-06-16,North,N1,Property,1
2026-06-16,North,N1,Safety,1
2026-06-16,North,N1,Quality,3
2026-06-16,North,N1,Other,1
2026-06-16,North,N2,Property,1
2026-06-16,North,N2,Service,1
2026-06-16,North,N3,Property,1
2026-06-16,North,N3,Service,1
2026-06-16,Central,C1,Property,2
2026-06-16,Central,C1,Quality,1
2026-06-16,Central,C2,Service,1
2026-06-16,Central,C2,Other,1
2026-06-16,Central,C3,Property,1
2026-06-16,East,E1,Property,1
2026-06-16,East,E1,Safety,1
2026-06-16,East,E2,Other,1
2026-06-16,East,E3,Service,1
2026-06-16,East,E3,Quality,1
2026-06-16,West,W1,Property,2
2026-06-16,West,W2,Property,1
2026-06-16,West,W2,Service,1
2026-06-16,West,W2,Safety,2
2026-06-16,West,W3,Safety,1
2026-06-17,North,N1,Property,1
2026-06-17,North,N1,Service,2
2026-06-17,North,N1,Safety,1
2026-06-17,North,N2,Property,1
2026-06-17,Central,C1,Service,1
2026-06-17,Central,C1,Quality,1
2026-06-17,Central,C2,Quality,1
2026-06-17,Central,C3,Property,1
2026-06-17,Central,C3,Safety,1
2026-06-17,Central,C3,Quality,1
2026-06-17,East,E1,Quality,1
2026-06-17,East,E3,Property,1
2026-06-17,East,E3,Service,2
2026-06-17,West,W1,Property,1
2026-06-17,West,W2,Property,1
2026-06-18,North,N1,Quality,1
2026-06-18,North,N2,Property,3
2026-06-18,North,N2,Safety,1
2026-06-18,North,N2,Quality,1
2026-06-18,North,N3,Safety,2
2026-06-18,Central,C1,Service,1
2026-06-18,Central,C2,Property,1
2026-06-18,Central,C2,Service,1
2026-06-18,Central,C3,Property,1
2026-06-18,East,E1,Property,1
2026-06-18,East,E1,Safety,1
2026-06-18,East,E2,Safety,2
2026-06-18,East,E2,Quality,1
2026-06-18,East,E2,Other,2
2026-06-18,East,E3,Property,2
2026-06-18,East,E3,Safety,1
2026-06-18,West,W2,Property,1
2026-06-18,West,W2,Service,1
2026-06-18,West,W2,Other,1
2026-06-18,West,W3,Property,1
2026-06-18,West,W3,Safety,1
2026-06-19,North,N1,Property,1
2026-06-19,North,N2,Service,1
2026-06-19,North,N2,Safety,1
2026-06-19,Central,C1,Property,1
2026-06-19,Central,C2,Other,1
2026-06-19,Central,C3,Property,1
2026-06-19,East,E1,Property,1
2026-06-19,East,E1,Safety,1
2026-06-19,East,E1,Quality,1
2026-06-19,East,E1,Other,1
2026-06-19,East,E2,Quality,1
2026-06-19,West,W1,Property,1
2026-06-19,West,W2,Safety,1
2026-06-19,West,W3,Property,1
2026-06-19,West,W3,Safety,1
2026-06-20,North,N1,Property,4
2026-06-20,North,N1,Service,1
2026-06-20,North,N1,Safety,1
2026-06-20,North,N2,Property,1
2026-06-20,North,N2,Quality,2
2026-06-20,North,N3,Property,1
2026-06-20,North,N3,Service,1
2026-06-20,North,N3,Safety,1
2026-06-20,North,N3,Quality,1
2026-06-20,Central,C1,Quality,1
2026-06-20,Central,C2,Safety,1
2026-06-20,Central,C2,Quality,1
2026-06-20,Central,C3,Service,1
2026-06-20,East,E2,Property,2
2026-06-20,West,W1,Property,2
2026-06-20,West,W1,Quality,1
2026-06-20,West,W2,Property,1
2026-06-20,West,W2,Safety,2
2026-06-20,West,W2,Quality,1
2026-06-20,West,W3,Property,2
2026-06-20,West,W3,Service,1
2026-06-20,West,W3,Quality,2
2026-06-21,North,N1,Property,2
2026-06-21,North,N2,Property,1
2026-06-21,North,N2,Service,1
2026-06-21,North,N2,Safety,2
2026-06-21,North,N2,Other,1
2026-06-21,North,N3,Property,1
2026-06-21,North,N3,Quality,1
2026-06-21,Central,C1,Service,1
2026-06-21,Central,C2,Quality,1
2026-06-21,Central,C2,Other,2
2026-06-21,East,E1,Service,1
2026-06-21,East,E2,Property,1
2026-06-21,East,E2,Service,1
2026-06-21,East,E3,Service,1
2026-06-21,West,W3,Quality,1
2026-06-22,North,N1,Property,1
2026-06-22,North,N1,Safety,1
2026-06-22,North,N1,Other,1
2026-06-22,North,N2,Service,1
2026-06-22,North,N2,Other,1
2026-06-22,North,N3,Property,1
2026-06-22,North,N3,Other,2
2026-06-22,Central,C1,Quality,1
2026-06-22,Central,C1,Other,1
2026-06-22,Central,C2,Property,2
2026-06-22,Central,C2,Service,1
2026-06-22,Central,C3,Property,1
2026-06-22,Central,C3,Safety,3
2026-06-22,East,E1,Property,2
2026-06-22,East,E1,Service,1
2026-06-22,East,E2,Property,1
2026-06-22,East,E2,Service,1
2026-06-22,East,E2,Safety,1
2026-06-22,East,E3,Service,2
2026-06-22,West,W1,Safety,2
2026-06-22,West,W1,Quality,1
2026-06-22,West,W3,Property,1
2026-06-23,North,N1,Service,1
2026-06-23,North,N1,Safety,1
2026-06-23,North,N2,Quality,1
2026-06-23,North,N3,Service,1
2026-06-23,North,N3,Quality,2
2026-06-23,Central,C1,Service,2
2026-06-23,Central,C2,Property,1
2026-06-23,Central,C2,Service,1
2026-06-23,Central,C2,Safety,1
2026-06-23,Central,C2,Quality,1
2026-06-23,Central,C3,Service,1
2026-06-23,East,E1,Quality,1
2026-06-23,East,E2,Service,1
2026-06-23,East,E2,Safety,1
2026-06-23,East,E2,Other,1
2026-06-23,East,E3,Property,1
2026-06-23,East,E3,Other,2
2026-06-23,West,W1,Property,1
2026-06-23,West,W1,Service,1
2026-06-23,West,W1,Safety,1
2026-06-23,West,W2,Property,1
2026-06-23,West,W2,Other,1
2026-06-23,West,W3,Service,1
2026-06-24,North,N1,Property,2
2026-06-24,North,N1,Service,1
2026-06-24,North,N1,Safety,1
2026-06-24,North,N2,Quality,1
2026-06-24,North,N3,Property,1
2026-06-24,North,N3,Service,1
2026-06-24,North,N3,Safety,1
2026-06-24,North,N3,Quality,1
2026-06-24,Central,C1,Property,1
2026-06-24,Central,C1,Quality,1
2026-06-24,Central,C2,Service,1
2026-06-24,Central,C2,Safety,1
2026-06-24,Central,C3,Property,2
2026-06-24,Central,C3,Service,1
2026-06-24,Central,C3,Safety,1
2026-06-24,Central,C3,Quality,2
2026-06-24,Central,C3,Other,3
2026-06-24,East,E1,Property,1
2026-06-24,East,E1,Service,1
2026-06-24,East,E1,Safety,1
2026-06-24,East,E1,Quality,2
2026-06-24,East,E2,Property,1
2026-06-24,East,E2,Service,1
2026-06-24,East,E2,Safety,1
2026-06-24,East,E3,Property,1
2026-06-24,West,W1,Service,1
2026-06-24,West,W1,Safety,1
2026-06-24,West,W2,Property,1
2026-06-24,West,W2,Service,1
2026-06-24,West,W2,Safety,1
2026-06-24,West,W3,Property,1
2026-06-24,West,W3,Service,1
2026-06-24,West,W3,Quality,1
2026-06-25,North,N1,Property,1
2026-06-25,North,N1,Service,1
2026-06-25,North,N1,Quality,1
2026-06-25,North,N1,Other,1
2026-06-25,North,N2,Property,1
2026-06-25,North,N2,Other,1
2026-06-25,North,N3,Property,1
2026-06-25,North,N3,Safety,2
2026-06-25,Central,C1,Property,1
2026-06-25,Central,C1,Service,2
2026-06-25,Central,C1,Quality,1
2026-06-25,Central,C2,Property,1
2026-06-25,Central,C2,Service,2
2026-06-25,Central,C2,Other,1
2026-06-25,Central,C3,Property,1
2026-06-25,Central,C3,Service,1
2026-06-25,Central,C3,Safety,1
2026-06-25,East,E1,Service,1
2026-06-25,East,E1,Safety,1
2026-06-25,East,E2,Property,1
2026-06-25,East,E2,Safety,1
2026-06-25,East,E2,Quality,1
2026-06-25,East,E3,Service,2
2026-06-25,West,W1,Other,1
2026-06-25,West,W2,Property,1
2026-06-25,West,W2,Service,1
2026-06-25,West,W2,Quality,1
2026-06-26,North,N1,Property,1
2026-06-26,North,N1,Other,1
2026-06-26,North,N2,Property,2
2026-06-26,North,N2,Service,1
2026-06-26,Central,C1,Property,3
2026-06-26,Central,C1,Service,2
2026-06-26,Central,C1,Safety,1
2026-06-26,Central,C1,Quality,1
2026-06-26,Central,C2,Property,1
2026-06-26,Central,C2,Safety,1
2026-06-26,Central,C2,Quality,2
2026-06-26,Central,C3,Service,1
2026-06-26,East,E1,Property,2
2026-06-26,East,E3,Safety,1
2026-06-26,West,W1,Property,2
2026-06-26,West,W1,Service,2
2026-06-26,West,W1,Safety,1
2026-06-26,West,W1,Quality,1
2026-06-26,West,W1,Other,1
2026-06-26,West,W2,Safety,1
2026-06-26,West,W2,Quality,1
2026-06-26,West,W3,Property,1
2026-06-26,West,W3,Safety,1
2026-06-27,North,N1,Property,1
2026-06-27,North,N1,Quality,1
2026-06-27,North,N3,Property,1
2026-06-27,North,N3,Quality,1
2026-06-27,North,N3,Other,1
2026-06-27,Central,C1,Service,1
2026-06-27,Central,C1,Other,1
2026-06-27,Central,C2,Property,1
2026-06-27,Central,C2,Service,2
2026-06-27,Central,C2,Other,1
2026-06-27,Central,C3,Service,3
2026-06-27,East,E1,Property,1
2026-06-27,East,E1,Safety,1
2026-06-27,East,E1,Other,1
2026-06-27,East,E2,Property,3
2026-06-27,East,E2,Service,1
2026-06-27,East,E2,Safety,1
2026-06-27,East,E2,Other,1
2026-06-27,East,E3,Property,1
2026-06-27,West,W1,Property,1
2026-06-27,West,W1,Quality,1
2026-06-27,West,W2,Property,2
2026-06-27,West,W2,Service,1
2026-06-27,West,W2,Other,2
2026-06-27,West,W3,Property,1
2026-06-28,North,N1,Property,1
2026-06-28,North,N1,Safety,2
2026-06-28,North,N2,Property,1
2026-06-28,North,N3,Other,1
2026-06-28,Central,C1,Property,1
2026-06-28,Central,C1,Service,2
2026-06-28,Central,C1,Safety,1
2026-06-28,Central,C1,Quality,2
2026-06-28,Central,C2,Property,2
2026-06-28,Central,C2,Service,1
2026-06-28,Central,C2,Quality,1
2026-06-28,Central,C3,Property,3
2026-06-28,Central,C3,Service,1
2026-06-28,Central,C3,Quality,1
2026-06-28,East,E1,Property,1
2026-06-28,East,E1,Quality,1
2026-06-28,East,E2,Property,2
2026-06-28,East,E2,Safety,1
2026-06-28,East,E2,Quality,1
2026-06-28,East,E2,Other,1
2026-06-29,North,N1,Property,2
2026-06-29,North,N1,Safety,1
2026-06-29,North,N1,Other,1
2026-06-29,North,N2,Service,4
2026-06-29,North,N3,Property,1
2026-06-29,North,N3,Safety,1
2026-06-29,North,N3,Other,1
2026-06-29,Central,C1,Property,1
2026-06-29,Central,C2,Property,1
2026-06-29,Central,C2,Quality,1
2026-06-29,Central,C3,Property,2
2026-06-29,Central,C3,Other,1
2026-06-29,East,E2,Property,1
2026-06-29,East,E2,Service,1
2026-06-29,East,E2,Safety,1
2026-06-29,East,E3,Property,1
2026-06-29,East,E3,Other,1
2026-06-29,West,W1,Property,1
2026-06-29,West,W2,Other,2
2026-06-29,West,W3,Property,2
2026-06-29,West,W3,Safety,1
2026-06-30,North,N1,Service,2
2026-06-30,North,N1,Safety,1
2026-06-30,North,N1,Quality,1
2026-06-30,North,N2,Property,1
2026-06-30,North,N2,Service,1
2026-06-30,North,N2,Safety,1
2026-06-30,North,N2,Quality,1
2026-06-30,North,N2,Other,3
2026-06-30,North,N3,Property,1
2026-06-30,North,N3,Quality,2
2026-06-30,Central,C1,Property,1
2026-06-30,Central,C1,Service,1
2026-06-30,Central,C1,Safety,1
2026-06-30,Central,C2,Property,1
2026-06-30,Central,C2,Service,1
2026-06-30,Central,C2,Safety,1
2026-06-30,Central,C2,Quality,1
2026-06-30,Central,C3,Property,2
2026-06-30,Central,C3,Service,2
2026-06-30,Central,C3,Safety,1
2026-06-30,East,E1,Property,2
2026-06-30,East,E1,Service,1
2026-06-30,East,E2,Property,1
2026-06-30,East,E2,Service,1
2026-06-30,East,E2,Safety,1
2026-06-30,East,E2,Quality,1
2026-06-30,East,E3,Quality,1
2026-06-30,West,W2,Other,1
2026-06-30,West,W3,Other,1
2026-07-01,North,N1,Property,1
2026-07-01,North,N2,Safety,1
2026-07-01,North,N3,Service,1
2026-07-01,North,N3,Safety,2
2026-07-01,North,N3,Quality,1
2026-07-01,North,N3,Other,1
2026-07-01,Central,C1,Service,3
2026-07-01,Central,C1,Quality,1
2026-07-01,Central,C2,Property,2
2026-07-01,Central,C2,Other,1
2026-07-01,Central,C3,Service,1
2026-07-01,East,E1,Safety,1
2026-07-01,East,E1,Other,1
2026-07-01,East,E3,Property,1
2026-07-01,West,W1,Service,2
2026-07-01,West,W1,Quality,1
2026-07-01,West,W2,Service,1
2026-07-01,West,W2,Safety,1
2026-07-01,West,W3,Service,1
2026-07-01,West,W3,Quality,2
2026-07-02,North,N1,Property,1
2026-07-02,North,N1,Safety,1
2026-07-02,North,N2,Property,1
2026-07-02,North,N2,Service,1
2026-07-02,North,N3,Safety,2
2026-07-02,North,N3,Other,1
2026-07-02,Central,C1,Property,2
2026-07-02,Central,C1,Other,1
2026-07-02,Central,C2,Property,2
2026-07-02,Central,C2,Service,1
2026-07-02,Central,C2,Safety,1
2026-07-02,Central,C3,Property,1
2026-07-02,Central,C3,Service,1
2026-07-02,Central,C3,Other,1
2026-07-02,East,E1,Service,1
2026-07-02,East,E2,Safety,1
2026-07-02,East,E3,Property,1
2026-07-02,East,E3,Service,1
2026-07-02,East,E3,Quality,1
2026-07-02,East,E3,Other,1
2026-07-02,West,W1,Service,1
2026-07-02,West,W2,Service,1
2026-07-02,West,W2,Quality,1
2026-07-02,West,W3,Service,1
2026-07-03,North,N2,Safety,1
2026-07-03,North,N3,Service,2
2026-07-03,North,N3,Safety,1
2026-07-03,Central,C1,Property,1
2026-07-03,Central,C1,Safety,1
2026-07-03,Central,C3,Property,1
2026-07-03,East,E1,Quality,1
2026-07-03,East,E1,Other,1
2026-07-03,East,E2,Service,1
2026-07-03,East,E2,Safety,1
2026-07-03,West,W1,Property,2
2026-07-03,West,W1,Service,1
2026-07-03,West,W2,Service,1
2026-07-03,West,W3,Property,2
2026-07-03,West,W3,Safety,1
2026-07-03,West,W3,Quality,1
2026-07-04,North,N1,Property,1
2026-07-04,North,N1,Safety,1
2026-07-04,North,N1,Quality,1
2026-07-04,North,N1,Other,1
2026-07-04,North,N2,Property,3
2026-07-04,North,N2,Safety,1
2026-07-04,North,N3,Property,2
2026-07-04,North,N3,Safety,1
2026-07-04,Central,C1,Property,3
2026-07-04,Central,C1,Service,2
2026-07-04,Central,C1,Safety,2
2026-07-04,Central,C2,Quality,1
2026-07-04,Central,C3,Service,2
2026-07-04,East,E1,Property,2
2026-07-04,East,E1,Service,1
2026-07-04,East,E2,Other,1
2026-07-04,East,E3,Quality,1
2026-07-04,East,E3,Other,2
2026-07-04,West,W1,Property,1
2026-07-04,West,W1,Safety,1
2026-07-04,West,W2,Safety,1
2026-07-05,North,N1,Safety,1
2026-07-05,North,N2,Property,1
2026-07-05,North,N2,Safety,1
2026-07-05,North,N3,Property,2
2026-07-05,Central,C1,Service,2
2026-07-05,Central,C1,Quality,1
2026-07-05,Central,C2,Service,1
2026-07-05,Central,C2,Quality,1
2026-07-05,Central,C2,Other,1
2026-07-05,Central,C3,Safety,1
2026-07-05,East,E1,Property,3
2026-07-05,East,E1,Other,1
2026-07-05,East,E2,Service,1
2026-07-05,East,E3,Safety,2
2026-07-05,East,E3,Quality,1
2026-07-05,West,W1,Quality,1
2026-07-05,West,W2,Safety,1
2026-07-05,West,W2,Other,1
2026-07-05,West,W3,Property,1
2026-07-05,West,W3,Service,2
2026-07-06,North,N1,Quality,1
2026-07-06,North,N2,Property,1
2026-07-06,North,N2,Other,1
2026-07-06,North,N3,Service,1
2026-07-06,North,N3,Safety,2
2026-07-06,North,N3,Quality,1
2026-07-06,North,N3,Other,1
2026-07-06,Central,C2,Quality,1
2026-07-06,Central,C3,Property,1
2026-07-06,Central,C3,Safety,1
2026-07-06,East,E1,Safety,1
2026-07-06,East,E2,Property,2
2026-07-06,East,E2,Quality,1
2026-07-06,East,E3,Property,1
2026-07-06,East,E3,Service,1
2026-07-06,East,E3,Safety,1
2026-07-06,East,E3,Other,1
2026-07-06,West,W1,Property,1
2026-07-06,West,W1,Safety,1
2026-07-06,West,W1,Quality,2
2026-07-06,West,W1,Other,1
2026-07-06,West,W2,Property,3
2026-07-06,West,W2,Service,1
2026-07-06,West,W2,Safety,1
2026-07-06,West,W3,Service,1
2026-07-07,North,N1,Quality,1
2026-07-07,North,N1,Other,1
2026-07-07,North,N2,Service,2
2026-07-07,North,N3,Other,1
2026-07-07,Central,C1,Safety,1
2026-07-07,Central,C1,Other,1
2026-07-07,Central,C2,Service,1
2026-07-07,Central,C2,Other,2
2026-07-07,Central,C3,Safety,2
2026-07-07,Central,C3,Quality,2
2026-07-07,East,E1,Property,1
2026-07-07,East,E1,Service,1
2026-07-07,East,E1,Quality,2
2026-07-07,East,E1,Other,1
2026-07-07,East,E2,Property,1
2026-07-07,East,E2,Service,2
2026-07-07,East,E3,Service,1
2026-07-07,West,W1,Service,1
2026-07-07,West,W2,Property,1
2026-07-07,West,W2,Safety,2
2026-07-08,North,N1,Safety,1
2026-07-08,North,N3,Property,1
2026-07-08,North,N3,Service,1
2026-07-08,North,N3,Other,1
2026-07-08,Central,C1,Property,1
2026-07-08,Central,C1,Service,1
2026-07-08,Central,C3,Property,2
2026-07-08,East,E1,Property,2
2026-07-08,East,E1,Service,2
2026-07-08,East,E1,Safety,1
2026-07-08,East,E2,Service,1
2026-07-08,East,E3,Service,2
2026-07-08,East,E3,Safety,2
2026-07-08,East,E3,Quality,2
2026-07-08,West,W1,Property,1
2026-07-08,West,W1,Service,1
2026-07-08,West,W1,Safety,1
2026-07-08,West,W2,Safety,1
2026-07-08,West,W2,Quality,1
2026-07-08,West,W3,Quality,1
2026-07-09,North,N1,Property,1
2026-07-09,North,N1,Service,1
2026-07-09,North,N2,Service,1
2026-07-09,North,N2,Safety,2
2026-07-09,North,N2,Other,1
2026-07-09,North,N3,Quality,1
2026-07-09,North,N3,Other,1
2026-07-09,Central,C1,Property,1
2026-07-09,Central,C1,Safety,1
2026-07-09,Central,C2,Property,1
2026-07-09,Central,C3,Property,3
2026-07-09,Central,C3,Service,1
2026-07-09,Central,C3,Safety,1
2026-07-09,East,E1,Safety,1
2026-07-09,East,E2,Service,1
2026-07-09,East,E2,Quality,1
2026-07-09,East,E3,Property,1
2026-07-09,East,E3,Service,1
2026-07-09,West,W1,Property,2
2026-07-09,West,W1,Quality,1
2026-07-09,West,W2,Property,1
2026-07-09,West,W2,Service,1
2026-07-09,West,W2,Safety,1
2026-07-09,West,W3,Property,1
2026-07-10,North,N1,Property,1
2026-07-10,North,N1,Service,2
2026-07-10,North,N1,Safety,1
2026-07-10,North,N2,Property,2
2026-07-10,North,N2,Quality,1
2026-07-10,North,N3,Property,1
2026-07-10,Central,C1,Property,3
2026-07-10,Central,C1,Service,1
2026-07-10,Central,C1,Other,1
2026-07-10,Central,C2,Property,2
2026-07-10,Central,C2,Safety,1
2026-07-10,Central,C3,Property,2
2026-07-10,Central,C3,Service,2
2026-07-10,Central,C3,Safety,3
2026-07-10,Central,C3,Other,2
2026-07-10,East,E1,Property,1
2026-07-10,East,E2,Service,1
2026-07-10,East,E2,Safety,1
2026-07-10,East,E2,Quality,1
2026-07-10,East,E3,Property,1
2026-07-10,East,E3,Service,1
2026-07-10,East,E3,Quality,1
2026-07-10,West,W1,Property,1
2026-07-10,West,W2,Other,1
2026-07-11,North,N1,Property,1
2026-07-11,North,N1,Service,2
2026-07-11,North,N1,Safety,1
2026-07-11,North,N2,Property,1
2026-07-11,North,N2,Safety,1
2026-07-11,North,N2,Other,1
2026-07-11,North,N3,Quality,2
2026-07-11,Central,C1,Property,3
2026-07-11,Central,C1,Service,1
2026-07-11,Central,C1,Quality,1
2026-07-11,Central,C1,Other,1
2026-07-11,Central,C2,Service,1
2026-07-11,Central,C2,Other,1
2026-07-11,Central,C3,Service,1
2026-07-11,Central,C3,Safety,1
2026-07-11,East,E1,Safety,2
2026-07-11,East,E3,Property,1
2026-07-11,West,W2,Property,2
2026-07-11,West,W2,Safety,1
2026-07-12,North,N1,Service,2
2026-07-12,North,N2,Service,3
2026-07-12,North,N2,Quality,2
2026-07-12,North,N3,Property,1
2026-07-12,North,N3,Service,2
2026-07-12,North,N3,Other,1
2026-07-12,Central,C1,Property,1
2026-07-12,Central,C1,Safety,1
2026-07-12,Central,C2,Property,2
2026-07-12,Central,C2,Quality,1
2026-07-12,Central,C2,Other,1
2026-07-12,Central,C3,Property,1
2026-07-12,Central,C3,Quality,2
2026-07-12,Central,C3,Other,1
2026-07-12,East,E1,Property,3
2026-07-12,East,E1,Safety,1
2026-07-12,East,E1,Other,1
2026-07-12,East,E2,Other,1
2026-07-12,West,W1,Other,2
2026-07-12,West,W2,Property,1
2026-07-12,West,W2,Service,2
2026-07-12,West,W2,Quality,1
2026-07-13,North,N1,Service,1
2026-07-13,North,N1,Other,1
2026-07-13,North,N2,Property,1
2026-07-13,North,N2,Service,2
2026-07-13,North,N3,Property,1
2026-07-13,North,N3,Service,1
2026-07-13,North,N3,Quality,1
2026-07-13,Central,C1,Property,1
2026-07-13,Central,C1,Service,1
2026-07-13,Central,C1,Quality,1
2026-07-13,Central,C2,Property,1
2026-07-13,Central,C2,Service,1
2026-07-13,Central,C3,Property,1
2026-07-13,Central,C3,Service,1
2026-07-13,Central,C3,Quality,1
2026-07-13,Central,C3,Other,1
2026-07-13,East,E1,Property,2
2026-07-13,East,E2,Safety,1
2026-07-13,East,E2,Quality,2
2026-07-13,East,E3,Property,2
2026-07-13,East,E3,Safety,1
2026-07-13,West,W1,Property,1
2026-07-13,West,W1,Service,1
2026-07-13,West,W1,Quality,1
2026-07-13,West,W2,Property,1
2026-07-13,West,W2,Quality,1
2026-07-13,West,W3,Property,1
2026-07-13,West,W3,Quality,1
2026-07-14,North,N1,Property,1
2026-07-14,North,N2,Quality,1
2026-07-14,North,N3,Property,1
2026-07-14,North,N3,Service,2
2026-07-14,Central,C1,Property,1
2026-07-14,Central,C1,Service,1
2026-07-14,Central,C2,Property,1
2026-07-14,Central,C2,Quality,1
2026-07-14,Central,C3,Safety,1
2026-07-14,East,E1,Safety,1
2026-07-14,East,E1,Quality,1
2026-07-14,East,E2,Service,1
2026-07-14,East,E3,Property,1
2026-07-14,East,E3,Service,1
2026-07-14,West,W1,Safety,1
2026-07-14,West,W1,Quality,2
2026-07-14,West,W2,Property,2
2026-07-14,West,W2,Service,1
2026-07-14,West,W2,Quality,1
2026-07-14,West,W3,Safety,1
2026-07-14,West,W3,Other,1
2026-07-15,North,N1,Property,2
2026-07-15,North,N1,Service,1
2026-07-15,North,N1,Safety,1
2026-07-15,North,N1,Other,1
2026-07-15,North,N2,Property,1
2026-07-15,North,N2,Safety,1
2026-07-15,North,N2,Quality,1
2026-07-15,North,N2,Other,1
2026-07-15,North,N3,Property,1
2026-07-15,North,N3,Service,1
2026-07-15,North,N3,Quality,1
2026-07-15,Central,C1,Property,1
2026-07-15,Central,C1,Service,1
2026-07-15,Central,C1,Other,1
2026-07-15,Central,C2,Property,1
2026-07-15,Central,C3,Other,1
2026-07-15,East,E1,Safety,2
2026-07-15,East,E3,Quality,1
2026-07-15,West,W1,Property,1
2026-07-15,West,W2,Property,1
2026-07-15,West,W2,Service,1
2026-07-15,West,W3,Property,1
2026-07-15,West,W3,Safety,1
2026-07-15,West,W3,Quality,1
2026-07-16,North,N1,Property,1
2026-07-16,North,N1,Service,1
2026-07-16,North,N1,Quality,1
2026-07-16,North,N2,Property,1
2026-07-16,North,N3,Property,1
2026-07-16,North,N3,Quality,1
2026-07-16,Central,C1,Service,1
2026-07-16,Central,C2,Property,2
2026-07-16,Central,C2,Service,2
2026-07-16,Central,C2,Safety,1
2026-07-16,Central,C2,Other,1
2026-07-16,Central,C3,Safety,1
2026-07-16,East,E1,Property,2
2026-07-16,East,E1,Service,1
2026-07-16,East,E1,Safety,1
2026-07-16,East,E1,Quality,2
2026-07-16,East,E2,Property,1
2026-07-16,East,E2,Safety,1
2026-07-16,East,E3,Quality,1
2026-07-16,West,W1,Quality,1
2026-07-16,West,W2,Service,1
2026-07-16,West,W2,Quality,1
2026-07-16,West,W3,Property,1
2026-07-16,West,W3,Service,1
2026-07-17,North,N2,Safety,2
2026-07-17,North,N3,Property,1
2026-07-17,North,N3,Service,2
2026-07-17,Central,C1,Property,1
2026-07-17,Central,C1,Safety,1
2026-07-17,Central,C1,Quality,1
2026-07-17,Central,C2,Service,1
2026-07-17,Central,C2,Other,1
2026-07-17,Central,C3,Property,2
2026-07-17,Central,C3,Service,1
2026-07-17,Central,C3,Safety,1
2026-07-17,East,E2,Property,1
2026-07-17,East,E2,Safety,1
2026-07-17,East,E3,Property,1
2026-07-17,West,W1,Property,1
2026-07-17,West,W2,Quality,1
2026-07-17,West,W3,Service,1
2026-07-18,North,N1,Property,4
2026-07-18,North,N1,Safety,1
2026-07-18,North,N2,Property,1
2026-07-18,North,N2,Other,1
2026-07-18,North,N3,Service,1
2026-07-18,North,N3,Other,1
2026-07-18,Central,C1,Property,1
2026-07-18,Central,C1,Service,3
2026-07-18,Central,C2,Property,1
2026-07-18,Central,C2,Safety,1
2026-07-18,Central,C3,Property,1
2026-07-18,Central,C3,Service,1
2026-07-18,East,E1,Property,2
2026-07-18,East,E1,Quality,2
2026-07-18,East,E2,Property,1
2026-07-18,West,W1,Property,1
2026-07-18,West,W1,Safety,1
2026-07-18,West,W2,Safety,2
2026-07-18,West,W3,Property,2
2026-07-18,West,W3,Service,1
2026-07-19,North,N1,Property,1
2026-07-19,North,N1,Service,1
2026-07-19,North,N2,Property,2
2026-07-19,North,N2,Safety,1
2026-07-19,North,N3,Service,1
2026-07-19,North,N3,Safety,2
2026-07-19,North,N3,Quality,1
2026-07-19,Central,C1,Property,1
2026-07-19,Central,C1,Safety,2
2026-07-19,Central,C1,Quality,1
2026-07-19,Central,C1,Other,1
2026-07-19,Central,C2,Service,1
2026-07-19,Central,C2,Quality,1
2026-07-19,Central,C2,Other,2
2026-07-19,Central,C3,Property,1
2026-07-19,East,E1,Property,1
2026-07-19,East,E2,Property,1
2026-07-19,East,E2,Service,1
2026-07-19,East,E2,Quality,1
2026-07-19,East,E3,Service,1
2026-07-19,East,E3,Quality,1
2026-07-19,West,W1,Service,1
2026-07-19,West,W1,Other,1
2026-07-20,North,N1,Quality,1
2026-07-20,North,N2,Service,1
2026-07-20,North,N3,Other,1
2026-07-20,Central,C1,Safety,1
2026-07-20,Central,C1,Other,1
2026-07-20,Central,C2,Property,2
2026-07-20,Central,C2,Service,1
2026-07-20,Central,C2,Safety,1
2026-07-20,Central,C3,Quality,1
2026-07-20,East,E1,Property,1
2026-07-20,East,E1,Service,1
2026-07-20,East,E1,Safety,1
2026-07-20,East,E3,Service,1
2026-07-20,West,W1,Quality,1
2026-07-20,West,W1,Other,1
2026-07-20,West,W2,Property,1
2026-07-20,West,W3,Property,1
2026-07-20,West,W3,Safety,1
2026-07-21,North,N1,Other,1
2026-07-21,North,N2,Property,1
2026-07-21,North,N3,Property,2
2026-07-21,North,N3,Service,1
2026-07-21,Central,C2,Safety,3
2026-07-21,Central,C2,Other,1
2026-07-21,Central,C3,Service,1
2026-07-21,Central,C3,Safety,1
2026-07-21,East,E1,Service,1
2026-07-21,East,E2,Other,2
2026-07-21,East,E3,Service,1
2026-07-21,East,E3,Quality,3
2026-07-21,West,W1,Property,1
2026-07-21,West,W1,Service,1
2026-07-21,West,W1,Safety,1
2026-07-21,West,W1,Other,1
2026-07-21,West,W2,Service,1
2026-07-21,West,W2,Other,1
2026-07-21,West,W3,Property,2
2026-07-21,West,W3,Service,1
2026-07-21,West,W3,Other,1
2026-07-22,North,N2,Property,1
2026-07-22,North,N2,Safety,1
2026-07-22,North,N2,Quality,1
2026-07-22,North,N3,Property,3
2026-07-22,Central,C1,Property,1
2026-07-22,Central,C2,Service,1
2026-07-22,Central,C3,Safety,1
2026-07-22,East,E1,Property,1
2026-07-22,East,E1,Service,2
2026-07-22,East,E1,Safety,1
2026-07-22,East,E1,Quality,1
2026-07-22,East,E3,Quality,1
2026-07-22,West,W1,Property,1
2026-07-22,West,W1,Safety,1
2026-07-22,West,W2,Service,1
2026-07-22,West,W2,Safety,1
2026-07-22,West,W3,Service,1
2026-07-23,North,N1,Safety,1
2026-07-23,North,N2,Property,1
2026-07-23,North,N2,Service,2
2026-07-23,North,N2,Other,1
2026-07-23,North,N3,Property,1
2026-07-23,North,N3,Service,1
2026-07-23,North,N3,Safety,1
2026-07-23,Central,C1,Property,1
2026-07-23,Central,C2,Property,1
2026-07-23,Central,C2,Safety,1
2026-07-23,Central,C2,Other,2
2026-07-23,Central,C3,Property,1
2026-07-23,Central,C3,Other,1
2026-07-23,East,E2,Property,1
2026-07-23,East,E2,Service,1
2026-07-23,East,E2,Other,1
2026-07-23,East,E3,Property,1
2026-07-23,West,W1,Property,3
2026-07-23,West,W1,Service,1
2026-07-23,West,W1,Safety,1
2026-07-23,West,W1,Quality,1
2026-07-23,West,W2,Service,1
2026-07-23,West,W3,Property,1
2026-07-23,West,W3,Service,1
2026-07-24,North,N1,Property,3
2026-07-24,North,N2,Property,2
2026-07-24,North,N3,Property,1
2026-07-24,North,N3,Safety,1
2026-07-24,North,N3,Other,1
2026-07-24,Central,C1,Service,2
2026-07-24,Central,C1,Safety,1
2026-07-24,Central,C1,Quality,1
2026-07-24,Central,C3,Other,1
2026-07-24,East,E1,Property,1
2026-07-24,East,E2,Quality,1
2026-07-24,West,W1,Quality,1
2026-07-24,West,W2,Property,2
2026-07-24,West,W2,Service,2
2026-07-24,West,W2,Quality,1
2026-07-25,North,N1,Service,2
2026-07-25,North,N1,Safety,1
2026-07-25,North,N2,Property,1
2026-07-25,North,N2,Quality,3
2026-07-25,North,N3,Safety,1
2026-07-25,North,N3,Quality,1
2026-07-25,Central,C1,Safety,1
2026-07-25,Central,C1,Quality,1
2026-07-25,Central,C2,Service,1
2026-07-25,Central,C2,Other,2
2026-07-25,Central,C3,Property,1
2026-07-25,Central,C3,Other,1
2026-07-25,East,E1,Service,1
2026-07-25,East,E2,Service,1
2026-07-25,East,E2,Other,1
2026-07-25,East,E3,Property,2
2026-07-25,West,W1,Property,1
2026-07-25,West,W1,Service,1
2026-07-25,West,W2,Property,1
2026-07-25,West,W2,Quality,1
2026-07-25,West,W3,Property,1
2026-07-26,North,N1,Service,1
2026-07-26,North,N1,Quality,1
2026-07-26,North,N2,Property,2
2026-07-26,North,N2,Quality,1
2026-07-26,North,N3,Property,2
2026-07-26,North,N3,Service,2
2026-07-26,Central,C1,Property,2
2026-07-26,Central,C1,Safety,1
2026-07-26,Central,C1,Quality,2
2026-07-26,Central,C2,Property,1
2026-07-26,Central,C2,Service,1
2026-07-26,Central,C2,Safety,1
2026-07-26,Central,C3,Service,1
2026-07-26,East,E1,Property,1
2026-07-26,East,E2,Property,1
2026-07-26,East,E3,Property,1
2026-07-26,East,E3,Safety,2
2026-07-26,East,E3,Quality,1
2026-07-26,East,E3,Other,1
2026-07-26,West,W1,Service,2
2026-07-26,West,W1,Quality,1
2026-07-26,West,W2,Service,1
2026-07-26,West,W2,Safety,1
2026-07-26,West,W3,Safety,2
2026-07-27,North,N1,Property,1
2026-07-27,North,N2,Service,2
2026-07-27,North,N2,Safety,2
2026-07-27,North,N2,Quality,1
2026-07-27,North,N2,Other,1
2026-07-27,North,N3,Property,2
2026-07-27,Central,C1,Property,1
2026-07-27,Central,C1,Service,2
2026-07-27,Central,C1,Safety,1
2026-07-27,Central,C1,Quality,2
2026-07-27,Central,C2,Property,2
2026-07-27,Central,C2,Safety,2
2026-07-27,Central,C3,Service,1
2026-07-27,East,E1,Property,1
2026-07-27,East,E2,Property,1
2026-07-27,East,E2,Quality,1
2026-07-27,East,E3,Quality,1
2026-07-27,West,W1,Property,1
2026-07-27,West,W2,Property,1
2026-07-27,West,W3,Service,1
2026-07-27,West,W3,Safety,1
2026-07-27,West,W3,Other,1
2026-07-28,North,N1,Property,1
2026-07-28,North,N1,Service,1
2026-07-28,North,N1,Safety,1
2026-07-28,North,N1,Other,2
2026-07-28,North,N2,Property,2
2026-07-28,North,N2,Quality,3
2026-07-28,North,N3,Service,2
2026-07-28,North,N3,Quality,3
2026-07-28,Central,C1,Safety,1
2026-07-28,Central,C1,Other,1
2026-07-28,Central,C2,Property,1
2026-07-28,Central,C2,Quality,1
2026-07-28,Central,C3,Property,1
2026-07-28,Central,C3,Quality,1
2026-07-28,East,E1,Property,1
2026-07-28,East,E1,Safety,1
2026-07-28,East,E1,Quality,1
2026-07-28,East,E2,Service,1
2026-07-28,East,E2,Safety,1
2026-07-28,East,E2,Quality,1
2026-07-28,West,W1,Service,3
2026-07-28,West,W2,Property,1
2026-07-28,West,W2,Other,1
2026-07-28,West,W3,Property,1
2026-07-28,West,W3,Quality,1
2026-07-29,North,N1,Property,1
2026-07-29,North,N1,Quality,1
2026-07-29,North,N1,Other,1
2026-07-29,North,N2,Service,1
2026-07-29,North,N2,Safety,1
2026-07-29,North,N2,Other,1
2026-07-29,North,N3,Service,1
2026-07-29,North,N3,Safety,1
2026-07-29,North,N3,Quality,1
2026-07-29,Central,C1,Property,3
2026-07-29,Central,C1,Service,1
2026-07-29,Central,C2,Service,1
2026-07-29,Central,C3,Quality,1
2026-07-29,East,E2,Property,1
2026-07-29,East,E2,Safety,1
2026-07-29,East,E2,Other,1
2026-07-29,East,E3,Property,2
2026-07-29,West,W1,Property,1
2026-07-29,West,W1,Service,1
2026-07-29,West,W2,Safety,1
2026-07-29,West,W3,Property,1
2026-07-29,West,W3,Service,1
2026-07-30,North,N1,Property,1
2026-07-30,North,N1,Service,1
2026-07-30,North,N1,Safety,1
2026-07-30,North,N1,Other,1
2026-07-30,North,N2,Property,1
2026-07-30,North,N2,Other,2
2026-07-30,North,N3,Property,1
2026-07-30,North,N3,Service,1
2026-07-30,North,N3,Safety,1
2026-07-30,Central,C1,Safety,1
2026-07-30,Central,C1,Other,2
2026-07-30,Central,C2,Safety,1
2026-07-30,Central,C3,Property,1
2026-07-30,Central,C3,Service,3
2026-07-30,Central,C3,Other,1
2026-07-30,West,W2,Service,1
2026-07-30,West,W3,Property,2
2026-07-31,North,N1,Service,2
2026-07-31,North,N1,Safety,1
2026-07-31,North,N2,Safety,2
2026-07-31,North,N3,Safety,1
2026-07-31,North,N3,Other,1
2026-07-31,Central,C1,Safety,1
2026-07-31,Central,C1,Other,1
2026-07-31,Central,C2,Quality,1
2026-07-31,Central,C3,Property,1
2026-07-31,Central,C3,Service,1
2026-07-31,Central,C3,Other,1
2026-07-31,East,E1,Safety,1
2026-07-31,East,E1,Quality,1
2026-07-31,East,E3,Other,1
2026-07-31,West,W1,Property,1
2026-07-31,West,W1,Service,1
2026-07-31,West,W1,Other,1
2026-07-31,West,W3,Property,1
2026-08-01,North,N1,Other,1
2026-08-01,North,N3,Safety,1
2026-08-01,Central,C1,Service,1
2026-08-01,Central,C2,Property,1
2026-08-01,Central,C2,Service,2
2026-08-01,Central,C2,Safety,1
2026-08-01,Central,C3,Property,2
2026-08-01,East,E1,Property,1
2026-08-01,East,E2,Property,1
2026-08-01,East,E2,Quality,1
2026-08-01,East,E2,Other,1
2026-08-01,West,W2,Service,2
2026-08-01,West,W2,Safety,1
2026-08-01,West,W3,Safety,2
2026-08-01,West,W3,Other,1
2026-08-02,North,N1,Service,1
2026-08-02,North,N1,Other,1
2026-08-02,North,N2,Property,2
2026-08-02,North,N3,Property,2
2026-08-02,North,N3,Service,3
2026-08-02,Central,C1,Property,2
2026-08-02,Central,C1,Safety,1
2026-08-02,Central,C2,Service,1
2026-08-02,Central,C2,Safety,1
2026-08-02,Central,C3,Property,1
2026-08-02,East,E1,Service,1
2026-08-02,East,E1,Quality,2
2026-08-02,East,E2,Other,1
2026-08-02,East,E3,Property,1
2026-08-02,East,E3,Quality,1
2026-08-02,West,W1,Service,1
2026-08-02,West,W1,Other,1
2026-08-02,West,W2,Property,2
2026-08-03,North,N1,Property,1
2026-08-03,North,N2,Service,1
2026-08-03,North,N2,Safety,1
2026-08-03,Central,C1,Property,1
2026-08-03,Central,C1,Service,2
2026-08-03,Central,C1,Safety,2
2026-08-03,Central,C1,Other,1
2026-08-03,Central,C2,Property,1
2026-08-03,Central,C2,Safety,1
2026-08-03,Central,C3,Property,1
2026-08-03,Central,C3,Service,1
2026-08-03,Central,C3,Safety,1
2026-08-03,Central,C3,Quality,1
2026-08-03,East,E1,Property,2
2026-08-03,East,E1,Service,1
2026-08-03,East,E1,Quality,1
2026-08-03,East,E2,Property,1
2026-08-03,East,E2,Service,1
2026-08-03,East,E2,Quality,1
2026-08-03,East,E3,Property,1
2026-08-03,East,E3,Service,2
2026-08-03,East,E3,Quality,1
2026-08-03,West,W1,Property,1
2026-08-03,West,W1,Service,1
2026-08-03,West,W2,Property,1
2026-08-03,West,W3,Property,2
2026-08-04,North,N1,Safety,1
2026-08-04,North,N2,Safety,1
2026-08-04,North,N3,Safety,1
2026-08-04,Central,C1,Service,1
2026-08-04,Central,C1,Other,1
2026-08-04,Central,C2,Service,1
2026-08-04,Central,C2,Safety,2
2026-08-04,Central,C3,Property,1
2026-08-04,Central,C3,Service,2
2026-08-04,East,E2,Service,1
2026-08-04,East,E3,Property,2
2026-08-04,East,E3,Quality,1
2026-08-04,West,W1,Service,1
2026-08-04,West,W1,Safety,1
2026-08-04,West,W3,Service,1
2026-08-04,West,W3,Safety,1
2026-08-04,West,W3,Quality,1
2026-08-05,North,N1,Property,2
2026-08-05,North,N1,Service,1
2026-08-05,North,N1,Safety,3
2026-08-05,North,N1,Quality,1
2026-08-05,North,N2,Property,1
2026-08-05,North,N2,Service,1
2026-08-05,North,N3,Service,1
2026-08-05,North,N3,Safety,1
2026-08-05,Central,C1,Service,1
2026-08-05,Central,C1,Safety,1
2026-08-05,Central,C1,Other,1
2026-08-05,Central,C3,Property,1
2026-08-05,Central,C3,Quality,1
2026-08-05,East,E2,Property,1
2026-08-05,East,E3,Property,1
2026-08-05,East,E3,Service,2
2026-08-05,East,E3,Safety,1
2026-08-05,East,E3,Quality,2
2026-08-05,West,W1,Property,1
2026-08-05,West,W1,Service,1
2026-08-05,West,W2,Property,1
2026-08-05,West,W2,Service,1
2026-08-05,West,W3,Safety,1
2026-08-06,North,N1,Property,1
2026-08-06,North,N1,Service,2
2026-08-06,North,N1,Safety,1
2026-08-06,North,N1,Other,1
2026-08-06,North,N2,Property,1
2026-08-06,North,N3,Property,1
2026-08-06,North,N3,Service,1
2026-08-06,North,N3,Safety,2
2026-08-06,North,N3,Other,2
2026-08-06,Central,C1,Property,1
2026-08-06,Central,C1,Safety,2
2026-08-06,Central,C2,Property,1
2026-08-06,Central,C2,Service,1
2026-08-06,Central,C2,Other,1
2026-08-06,Central,C3,Property,1
2026-08-06,East,E1,Other,1
2026-08-06,East,E2,Property,2
2026-08-06,East,E2,Safety,1
2026-08-06,East,E3,Property,1
2026-08-06,East,E3,Service,1
2026-08-06,West,W1,Service,1
2026-08-06,West,W2,Service,1
2026-08-06,West,W2,Safety,1
2026-08-07,North,N1,Service,2
2026-08-07,North,N1,Other,1
2026-08-07,North,N2,Property,2
2026-08-07,North,N2,Quality,1
2026-08-07,North,N3,Property,2
2026-08-07,Central,C1,Property,1
2026-08-07,Central,C1,Service,1
2026-08-07,Central,C2,Property,1
2026-08-07,Central,C3,Service,1
2026-08-07,Central,C3,Safety,2
2026-08-07,East,E3,Service,2
2026-08-07,East,E3,Quality,1
2026-08-07,East,E3,Other,1
2026-08-07,West,W1,Property,1
2026-08-07,West,W1,Other,2
2026-08-07,West,W3,Property,1
2026-08-07,West,W3,Other,1
2026-08-08,North,N1,Property,1
2026-08-08,North,N1,Service,1
2026-08-08,North,N2,Property,2
2026-08-08,North,N2,Quality,1
2026-08-08,North,N2,Other,1
2026-08-08,North,N3,Other,1
2026-08-08,Central,C1,Property,1
2026-08-08,Central,C1,Quality,1
2026-08-08,Central,C2,Property,1
2026-08-08,Central,C2,Service,1
2026-08-08,Central,C2,Safety,1
2026-08-08,Central,C2,Quality,1
2026-08-08,Central,C3,Property,1
2026-08-08,Central,C3,Service,2
2026-08-08,East,E1,Property,1
2026-08-08,East,E1,Other,1
2026-08-08,East,E2,Safety,1
2026-08-08,East,E2,Quality,1
2026-08-08,East,E3,Property,1
2026-08-08,East,E3,Service,2
2026-08-08,West,W2,Property,2
2026-08-08,West,W2,Service,1
2026-08-08,West,W3,Property,2
2026-08-09,North,N1,Property,1
2026-08-09,North,N1,Service,1
2026-08-09,North,N2,Property,2
2026-08-09,North,N2,Service,1
2026-08-09,North,N2,Other,1
2026-08-09,North,N3,Property,1
2026-08-09,North,N3,Safety,1
2026-08-09,North,N3,Quality,1
2026-08-09,Central,C1,Property,1
2026-08-09,Central,C2,Service,1
2026-08-09,Central,C3,Property,1
2026-08-09,East,E1,Safety,1
2026-08-09,East,E3,Other,1
2026-08-09,West,W1,Property,1
2026-08-09,West,W1,Other,1
2026-08-09,West,W2,Other,1
2026-08-10,North,N1,Property,1
2026-08-10,North,N1,Service,1
2026-08-10,North,N1,Safety,1
2026-08-10,North,N1,Quality,1
2026-08-10,North,N1,Other,2
2026-08-10,North,N2,Property,2
2026-08-10,North,N2,Other,1
2026-08-10,North,N3,Property,2
2026-08-10,Central,C1,Safety,1
2026-08-10,Central,C2,Other,1
2026-08-10,Central,C3,Safety,1
2026-08-10,Central,C3,Quality,1
2026-08-10,East,E1,Service,2
2026-08-10,East,E1,Other,1
2026-08-10,East,E2,Quality,1
2026-08-10,East,E3,Property,1
2026-08-10,East,E3,Quality,1
2026-08-10,West,W1,Property,2
2026-08-10,West,W2,Safety,1
2026-08-10,West,W3,Other,1
2026-08-11,North,N1,Property,1
2026-08-11,North,N2,Safety,1
2026-08-11,North,N2,Quality,1
2026-08-11,North,N3,Property,1
2026-08-11,North,N3,Safety,1
2026-08-11,Central,C1,Property,2
2026-08-11,Central,C1,Service,2
2026-08-11,Central,C1,Safety,2
2026-08-11,Central,C2,Service,1
2026-08-11,Central,C3,Property,4
2026-08-11,Central,C3,Safety,1
2026-08-11,Central,C3,Quality,1
2026-08-11,East,E1,Property,1
2026-08-11,East,E1,Safety,1
2026-08-11,East,E2,Property,1
2026-08-11,East,E3,Other,1
2026-08-11,West,W1,Safety,1
2026-08-11,West,W1,Quality,1
2026-08-11,West,W2,Service,1
2026-08-11,West,W2,Quality,1
2026-08-11,West,W3,Property,1
2026-08-11,West,W3,Service,1
2026-08-11,West,W3,Other,1
2026-08-12,North,N1,Property,2
2026-08-12,North,N1,Safety,1
2026-08-12,North,N2,Safety,1
2026-08-12,North,N3,Property,1
2026-08-12,North,N3,Safety,1
2026-08-12,Central,C1,Property,3
2026-08-12,Central,C2,Service,1
2026-08-12,Central,C3,Service,1
2026-08-12,Central,C3,Safety,1
2026-08-12,East,E1,Service,1
2026-08-12,East,E2,Quality,2
2026-08-12,East,E2,Other,1
2026-08-12,East,E3,Quality,2
2026-08-12,West,W2,Other,1
2026-08-12,West,W3,Property,1
2026-08-13,North,N1,Service,3
2026-08-13,North,N3,Safety,1
2026-08-13,North,N3,Other,2
2026-08-13,Central,C1,Property,1
2026-08-13,Central,C1,Service,1
2026-08-13,Central,C2,Property,2
2026-08-13,Central,C2,Safety,1
2026-08-13,Central,C3,Safety,1
2026-08-13,East,E1,Service,2
2026-08-13,East,E1,Safety,2
2026-08-13,East,E1,Quality,1
2026-08-13,East,E1,Other,1
2026-08-13,East,E2,Property,1
2026-08-13,East,E2,Service,1
2026-08-13,East,E2,Safety,1
2026-08-13,East,E2,Other,1
2026-08-13,East,E3,Property,1
2026-08-13,East,E3,Safety,2
2026-08-13,West,W1,Property,2
2026-08-13,West,W1,Quality,1
2026-08-13,West,W2,Service,1
2026-08-13,West,W3,Property,1
2026-08-13,West,W3,Service,1
2026-08-14,North,N1,Property,1
2026-08-14,North,N1,Other,1
2026-08-14,North,N2,Property,2
2026-08-14,North,N3,Property,3
2026-08-14,North,N3,Safety,1
2026-08-14,Central,C1,Other,1
2026-08-14,Central,C2,Quality,1
2026-08-14,Central,C3,Safety,1
2026-08-14,Central,C3,Quality,1
2026-08-14,East,E2,Property,2
2026-08-14,East,E2,Quality,1
2026-08-14,East,E3,Property,1
2026-08-14,East,E3,Service,1
2026-08-14,East,E3,Other,1
2026-08-14,West,W1,Service,1
2026-08-14,West,W2,Property,2
2026-08-14,West,W2,Quality,1
2026-08-14,West,W3,Safety,1
2026-08-14,West,W3,Quality,1
2026-08-14,West,W3,Other,1
2026-08-15,North,N1,Safety,1
2026-08-15,North,N2,Service,1
2026-08-15,North,N2,Safety,2
2026-08-15,North,N3,Service,1
2026-08-15,North,N3,Safety,1
2026-08-15,Central,C1,Quality,3
2026-08-15,Central,C1,Other,2
2026-08-15,Central,C2,Property,2
2026-08-15,Central,C2,Service,1
2026-08-15,Central,C3,Property,1
2026-08-15,Central,C3,Safety,1
2026-08-15,Central,C3,Other,2
2026-08-15,East,E1,Safety,1
2026-08-15,East,E2,Property,1
2026-08-15,East,E2,Service,1
2026-08-15,East,E2,Other,1
2026-08-15,West,W1,Service,1
2026-08-15,West,W1,Safety,1
2026-08-15,West,W2,Safety,1
2026-08-15,West,W2,Quality,1
2026-08-15,West,W3,Service,1
2026-08-16,North,N1,Safety,1
2026-08-16,North,N2,Safety,1
2026-08-16,North,N2,Quality,1
2026-08-16,North,N2,Other,1
2026-08-16,North,N3,Property,1
2026-08-16,North,N3,Service,1
2026-08-16,Central,C1,Service,1
2026-08-16,Central,C1,Safety,1
2026-08-16,Central,C2,Property,2
2026-08-16,Central,C2,Quality,1
2026-08-16,Central,C3,Safety,1
2026-08-16,Central,C3,Quality,1
2026-08-16,East,E1,Property,1
2026-08-16,East,E2,Service,3
2026-08-16,East,E2,Safety,1
2026-08-16,East,E3,Service,1
2026-08-16,East,E3,Other,1
2026-08-16,West,W1,Property,1
2026-08-16,West,W1,Service,1
2026-08-16,West,W1,Quality,1
2026-08-16,West,W2,Service,1
2026-08-16,West,W2,Other,2
2026-08-16,West,W3,Property,1
2026-08-16,West,W3,Quality,1
2026-08-17,North,N1,Service,1
2026-08-17,North,N2,Service,1
2026-08-17,North,N2,Other,1
2026-08-17,Central,C3,Service,1
2026-08-17,Central,C3,Safety,1
2026-08-17,East,E2,Safety,1
2026-08-17,East,E3,Property,1
2026-08-17,East,E3,Quality,1
2026-08-17,West,W1,Property,1
2026-08-17,West,W1,Other,1
2026-08-17,West,W2,Property,1
2026-08-17,West,W2,Quality,1
2026-08-17,West,W3,Property,1
2026-08-18,North,N1,Property,1
2026-08-18,North,N1,Safety,1
2026-08-18,North,N2,Property,1
2026-08-18,North,N2,Service,2
2026-08-18,North,N3,Quality,1
2026-08-18,Central,C1,Safety,2
2026-08-18,Central,C2,Property,1
2026-08-18,Central,C3,Service,2
2026-08-18,Central,C3,Other,1
2026-08-18,East,E1,Property,2
2026-08-18,East,E2,Property,1
2026-08-18,East,E2,Safety,1
2026-08-18,West,W1,Service,1
2026-08-18,West,W1,Safety,1
2026-08-18,West,W1,Other,1
2026-08-18,West,W2,Safety,3
2026-08-18,West,W3,Property,1
2026-08-18,West,W3,Safety,1
2026-08-19,North,N1,Property,2
2026-08-19,North,N1,Service,1
2026-08-19,North,N2,Other,1
2026-08-19,North,N3,Safety,1
2026-08-19,North,N3,Quality,1
2026-08-19,Central,C1,Property,1
2026-08-19,Central,C1,Other,1
2026-08-19,Central,C2,Service,2
2026-08-19,Central,C2,Safety,1
2026-08-19,Central,C3,Service,1
2026-08-19,East,E1,Safety,1
2026-08-19,East,E3,Property,1
2026-08-19,East,E3,Safety,1
2026-08-19,East,E3,Other,1
2026-08-19,West,W1,Property,2
2026-08-19,West,W1,Service,1
2026-08-19,West,W1,Quality,1
2026-08-19,West,W3,Property,1
2026-08-19,West,W3,Service,1
2026-08-20,North,N1,Property,1
2026-08-20,North,N1,Service,1
2026-08-20,North,N2,Other,1
2026-08-20,North,N3,Safety,1
2026-08-20,Central,C1,Property,1
2026-08-20,Central,C1,Service,1
2026-08-20,Central,C1,Safety,1
2026-08-20,Central,C1,Other,1
2026-08-20,Central,C2,Property,2
2026-08-20,Central,C2,Service,1
2026-08-20,Central,C3,Safety,1
2026-08-20,East,E1,Quality,1
2026-08-20,East,E1,Other,1
2026-08-20,East,E2,Property,1
2026-08-20,East,E2,Other,1
2026-08-20,East,E3,Property,1
2026-08-20,West,W1,Property,1
2026-08-20,West,W2,Property,1
2026-08-20,West,W3,Property,1
2026-08-20,West,W3,Service,1
2026-08-20,West,W3,Quality,1
2026-08-21,North,N1,Safety,1
2026-08-21,North,N2,Property,1
2026-08-21,North,N2,Service,1
2026-08-21,North,N3,Safety,2
2026-08-21,Central,C1,Safety,1
2026-08-21,East,E1,Property,2
2026-08-21,East,E1,Quality,1
2026-08-21,East,E3,Service,1
2026-08-21,East,E3,Quality,1
2026-08-21,West,W1,Safety,2
2026-08-21,West,W1,Other,1
2026-08-21,West,W2,Service,1
2026-08-21,West,W3,Property,2
2026-08-21,West,W3,Service,1
2026-08-22,North,N1,Property,2
2026-08-22,North,N1,Safety,1
2026-08-22,North,N2,Service,1
2026-08-22,North,N3,Service,1
2026-08-22,Central,C1,Property,1
2026-08-22,Central,C2,Property,1
2026-08-22,Central,C2,Service,1
2026-08-22,Central,C3,Safety,1
2026-08-22,Central,C3,Quality,1
2026-08-22,East,E2,Quality,1
2026-08-22,West,W1,Property,1
2026-08-22,West,W1,Service,1
2026-08-22,West,W2,Property,1
2026-08-22,West,W3,Property,1
2026-08-22,West,W3,Quality,2
2026-08-23,North,N1,Service,1
2026-08-23,North,N1,Quality,1
2026-08-23,North,N1,Other,1
2026-08-23,North,N2,Property,2
2026-08-23,North,N2,Safety,1
2026-08-23,North,N2,Quality,1
2026-08-23,Central,C1,Property,2
2026-08-23,Central,C1,Safety,1
2026-08-23,Central,C1,Quality,1
2026-08-23,Central,C2,Service,1
2026-08-23,Central,C2,Safety,1
2026-08-23,Central,C3,Quality,1
2026-08-23,East,E2,Property,1
2026-08-23,East,E2,Service,1
2026-08-23,West,W1,Other,1
2026-08-23,West,W2,Property,1
2026-08-23,West,W2,Quality,2
2026-08-23,West,W3,Service,1
2026-08-23,West,W3,Safety,1
